Class,Filename
1,worm-000001_000.npy
1,worm-000001_001.npy
2,worm-000001_002.npy
1,worm-000001_003.npy
1,worm-000001_004.npy
2,worm-000001_012.npy
2,worm-000001_018.npy
2,worm-000001_031.npy
2,worm-000001_033.npy
4,worm-000001_036.npy
1,worm-000001_037.npy
2,worm-000001_038.npy
4,worm-000001_040.npy
0,worm-000001_041.npy
4,worm-000001_042.npy
2,worm-000001_043.npy
1,worm-000001_046.npy
1,worm-000001_049.npy
4,worm-000001_050.npy
1,worm-000001_051.npy
4,worm-000001_052.npy
4,worm-000001_056.npy
4,worm-000001_059.npy
4,worm-000001_063.npy
0,worm-000001_064.npy
4,worm-000001_065.npy
4,worm-000001_068.npy
4,worm-000001_069.npy
4,worm-000001_071.npy
4,worm-000001_072.npy
4,worm-000001_073.npy
4,worm-000001_074.npy
4,worm-000001_076.npy
4,worm-000001_079.npy
4,worm-000001_080.npy
4,worm-000001_081.npy
4,worm-000001_083.npy
4,worm-000001_084.npy
1,worm-000001_086.npy
1,worm-000001_087.npy
1,worm-000001_088.npy
1,worm-000001_089.npy
1,worm-000001_090.npy
1,worm-000001_091.npy
1,worm-000001_093.npy
1,worm-000001_095.npy
1,worm-000001_098.npy
4,worm-000001_103.npy
0,worm-000001_106.npy
4,worm-000001_107.npy
0,worm-000001_109.npy
4,worm-000001_110.npy
1,worm-000001_111.npy
4,worm-000001_113.npy
4,worm-000001_114.npy
4,worm-000001_115.npy
4,worm-000001_116.npy
4,worm-000001_117.npy
4,worm-000001_118.npy
4,worm-000001_119.npy
5,worm-000001_120.npy
4,worm-000001_121.npy
4,worm-000001_123.npy
4,worm-000001_125.npy
1,worm-000001_127.npy
1,worm-000001_129.npy
1,worm-000001_130.npy
1,worm-000001_131.npy
1,worm-000001_132.npy
1,worm-000001_133.npy
2,worm-000001_135.npy
1,worm-000001_136.npy
1,worm-000001_139.npy
1,worm-000001_143.npy
1,worm-000001_145.npy
1,worm-000001_147.npy
1,worm-000001_148.npy
5,worm-000001_151.npy
3,worm-000001_152.npy
1,worm-000001_153.npy
1,worm-000001_154.npy
3,worm-000001_162.npy
0,worm-000001_166.npy
4,worm-000001_167.npy
5,worm-000001_169.npy
3,worm-000001_170.npy
0,worm-000001_172.npy
4,worm-000001_173.npy
4,worm-000001_174.npy
4,worm-000001_175.npy
4,worm-000001_176.npy
3,worm-000001_177.npy
3,worm-000001_178.npy
4,worm-000001_179.npy
4,worm-000001_180.npy
3,worm-000001_181.npy
4,worm-000001_184.npy
4,worm-000001_185.npy
5,worm-000001_187.npy
5,worm-000001_189.npy
4,worm-000001_190.npy
4,worm-000001_192.npy
4,worm-000001_193.npy
1,worm-000001_194.npy
1,worm-000001_195.npy
1,worm-000001_196.npy
1,worm-000001_197.npy
1,worm-000001_198.npy
1,worm-000001_199.npy
1,worm-000001_200.npy
1,worm-000001_204.npy
1,worm-000001_206.npy
0,worm-000001_208.npy
4,worm-000001_209.npy
1,worm-000001_210.npy
0,worm-000001_211.npy
4,worm-000001_212.npy
4,worm-000001_213.npy
4,worm-000001_214.npy
1,worm-000001_215.npy
5,worm-000001_216.npy
4,worm-000001_217.npy
4,worm-000001_221.npy
4,worm-000001_222.npy
4,worm-000001_223.npy
4,worm-000001_224.npy
4,worm-000001_226.npy
4,worm-000001_229.npy
4,worm-000001_233.npy
4,worm-000001_234.npy
4,worm-000001_235.npy
4,worm-000001_237.npy
4,worm-000001_241.npy
4,worm-000001_242.npy
1,worm-000001_244.npy
4,worm-000001_245.npy
4,worm-000001_249.npy
4,worm-000001_250.npy
4,worm-000001_251.npy
4,worm-000001_252.npy
4,worm-000001_254.npy
4,worm-000001_255.npy
4,worm-000001_256.npy
4,worm-000001_258.npy
4,worm-000001_259.npy
4,worm-000001_261.npy
4,worm-000001_262.npy
4,worm-000001_263.npy
4,worm-000001_267.npy
4,worm-000001_269.npy
4,worm-000001_270.npy
5,worm-000001_271.npy
4,worm-000001_272.npy
4,worm-000001_274.npy
0,worm-000001_276.npy
4,worm-000001_277.npy
4,worm-000001_278.npy
1,worm-000002_000.npy
2,worm-000002_001.npy
1,worm-000002_003.npy
1,worm-000002_004.npy
2,worm-000002_005.npy
1,worm-000002_008.npy
1,worm-000002_009.npy
1,worm-000002_010.npy
1,worm-000002_011.npy
1,worm-000002_012.npy
1,worm-000002_013.npy
1,worm-000002_014.npy
2,worm-000002_017.npy
2,worm-000002_018.npy
1,worm-000002_019.npy
2,worm-000002_020.npy
2,worm-000002_021.npy
1,worm-000002_022.npy
2,worm-000002_024.npy
1,worm-000002_025.npy
1,worm-000002_026.npy
0,worm-000002_027.npy
1,worm-000002_028.npy
1,worm-000002_029.npy
2,worm-000002_030.npy
1,worm-000002_031.npy
1,worm-000002_033.npy
2,worm-000002_035.npy
1,worm-000002_036.npy
1,worm-000002_038.npy
2,worm-000002_040.npy
0,worm-000002_044.npy
2,worm-000002_047.npy
2,worm-000002_048.npy
4,worm-000002_049.npy
2,worm-000002_050.npy
4,worm-000002_051.npy
0,worm-000002_058.npy
2,worm-000002_060.npy
2,worm-000002_061.npy
2,worm-000002_062.npy
1,worm-000002_063.npy
2,worm-000002_064.npy
2,worm-000002_065.npy
4,worm-000002_066.npy
1,worm-000002_067.npy
4,worm-000002_068.npy
4,worm-000002_069.npy
2,worm-000002_070.npy
1,worm-000002_071.npy
4,worm-000002_072.npy
2,worm-000002_073.npy
4,worm-000002_074.npy
4,worm-000002_075.npy
4,worm-000002_076.npy
4,worm-000002_077.npy
1,worm-000002_078.npy
2,worm-000002_079.npy
0,worm-000002_082.npy
4,worm-000002_083.npy
0,worm-000002_084.npy
4,worm-000002_085.npy
1,worm-000002_086.npy
4,worm-000002_087.npy
2,worm-000002_088.npy
4,worm-000002_089.npy
4,worm-000002_090.npy
4,worm-000002_091.npy
4,worm-000002_092.npy
4,worm-000002_093.npy
4,worm-000002_095.npy
4,worm-000002_098.npy
0,worm-000002_099.npy
4,worm-000002_100.npy
4,worm-000002_101.npy
4,worm-000002_102.npy
4,worm-000002_103.npy
4,worm-000002_106.npy
4,worm-000002_107.npy
4,worm-000002_108.npy
2,worm-000002_112.npy
2,worm-000002_113.npy
1,worm-000002_114.npy
2,worm-000002_115.npy
1,worm-000002_118.npy
2,worm-000002_119.npy
1,worm-000002_120.npy
1,worm-000002_121.npy
2,worm-000002_122.npy
2,worm-000002_123.npy
2,worm-000002_124.npy
2,worm-000002_126.npy
2,worm-000002_128.npy
2,worm-000002_129.npy
1,worm-000002_131.npy
0,worm-000002_134.npy
0,worm-000002_136.npy
4,worm-000002_138.npy
2,worm-000002_143.npy
0,worm-000002_145.npy
4,worm-000002_146.npy
4,worm-000002_148.npy
1,worm-000002_149.npy
4,worm-000002_150.npy
4,worm-000002_153.npy
4,worm-000002_154.npy
4,worm-000002_155.npy
4,worm-000002_156.npy
4,worm-000002_157.npy
4,worm-000002_158.npy
4,worm-000002_159.npy
4,worm-000002_160.npy
4,worm-000002_161.npy
4,worm-000002_162.npy
4,worm-000002_164.npy
4,worm-000002_166.npy
4,worm-000002_167.npy
4,worm-000002_168.npy
4,worm-000002_169.npy
4,worm-000002_170.npy
4,worm-000002_171.npy
1,worm-000002_173.npy
3,worm-000002_174.npy
2,worm-000002_176.npy
1,worm-000002_178.npy
1,worm-000002_179.npy
2,worm-000002_180.npy
1,worm-000002_181.npy
1,worm-000002_182.npy
1,worm-000002_183.npy
1,worm-000002_184.npy
2,worm-000002_185.npy
1,worm-000002_186.npy
1,worm-000002_187.npy
2,worm-000002_188.npy
1,worm-000002_189.npy
2,worm-000002_190.npy
2,worm-000002_191.npy
1,worm-000002_192.npy
1,worm-000002_193.npy
1,worm-000002_194.npy
1,worm-000002_195.npy
1,worm-000002_196.npy
1,worm-000002_197.npy
1,worm-000002_198.npy
1,worm-000002_199.npy
1,worm-000002_200.npy
1,worm-000002_201.npy
2,worm-000002_202.npy
1,worm-000002_203.npy
1,worm-000002_204.npy
1,worm-000002_205.npy
1,worm-000002_206.npy
1,worm-000002_207.npy
1,worm-000002_208.npy
1,worm-000002_209.npy
1,worm-000002_210.npy
1,worm-000002_211.npy
2,worm-000002_212.npy
2,worm-000002_213.npy
1,worm-000002_214.npy
0,worm-000002_215.npy
0,worm-000002_217.npy
1,worm-000002_218.npy
1,worm-000002_219.npy
1,worm-000002_220.npy
0,worm-000002_221.npy
4,worm-000002_222.npy
0,worm-000002_223.npy
4,worm-000002_224.npy
0,worm-000002_225.npy
4,worm-000002_226.npy
4,worm-000002_227.npy
4,worm-000002_228.npy
4,worm-000002_229.npy
1,worm-000002_230.npy
5,worm-000002_232.npy
0,worm-000001_005.npy
3,worm-000001_006.npy
2,worm-000001_007.npy
2,worm-000001_008.npy
1,worm-000001_009.npy
3,worm-000001_010.npy
1,worm-000001_011.npy
1,worm-000001_013.npy
1,worm-000001_014.npy
1,worm-000001_015.npy
0,worm-000001_016.npy
1,worm-000001_017.npy
3,worm-000001_019.npy
2,worm-000001_020.npy
0,worm-000001_021.npy
1,worm-000001_022.npy
1,worm-000001_023.npy
1,worm-000001_024.npy
1,worm-000001_025.npy
1,worm-000001_026.npy
3,worm-000001_027.npy
5,worm-000001_028.npy
3,worm-000001_029.npy
4,worm-000001_030.npy
3,worm-000001_034.npy
3,worm-000001_035.npy
0,worm-000001_039.npy
3,worm-000001_044.npy
3,worm-000001_048.npy
0,worm-000001_053.npy
0,worm-000001_054.npy
3,worm-000001_055.npy
3,worm-000001_057.npy
3,worm-000001_058.npy
3,worm-000001_060.npy
0,worm-000001_061.npy
1,worm-000001_062.npy
0,worm-000001_066.npy
3,worm-000001_070.npy
5,worm-000001_078.npy
3,worm-000001_092.npy
3,worm-000001_094.npy
0,worm-000001_096.npy
1,worm-000001_097.npy
5,worm-000001_099.npy
3,worm-000001_100.npy
0,worm-000001_102.npy
3,worm-000001_104.npy
3,worm-000001_105.npy
3,worm-000001_112.npy
1,worm-000001_126.npy
0,worm-000001_134.npy
1,worm-000001_137.npy
1,worm-000001_138.npy
3,worm-000001_140.npy
3,worm-000001_141.npy
3,worm-000001_142.npy
3,worm-000001_144.npy
3,worm-000001_150.npy
1,worm-000001_155.npy
0,worm-000001_156.npy
0,worm-000001_157.npy
0,worm-000001_158.npy
3,worm-000001_159.npy
0,worm-000001_160.npy
3,worm-000001_161.npy
3,worm-000001_163.npy
3,worm-000001_164.npy
1,worm-000001_165.npy
0,worm-000001_168.npy
3,worm-000001_182.npy
3,worm-000001_186.npy
3,worm-000001_188.npy
3,worm-000001_201.npy
1,worm-000001_202.npy
3,worm-000001_203.npy
0,worm-000001_205.npy
3,worm-000001_207.npy
3,worm-000001_227.npy
5,worm-000001_279.npy
3,worm-000002_002.npy
0,worm-000002_006.npy
1,worm-000002_007.npy
3,worm-000002_016.npy
3,worm-000002_023.npy
3,worm-000002_032.npy
1,worm-000002_034.npy
1,worm-000002_037.npy
1,worm-000002_039.npy
1,worm-000002_041.npy
1,worm-000002_042.npy
3,worm-000002_043.npy
3,worm-000002_045.npy
3,worm-000002_046.npy
3,worm-000002_052.npy
3,worm-000002_054.npy
2,worm-000002_055.npy
1,worm-000002_056.npy
1,worm-000002_057.npy
1,worm-000002_059.npy
1,worm-000002_080.npy
1,worm-000002_096.npy
3,worm-000002_116.npy
3,worm-000002_117.npy
3,worm-000002_125.npy
3,worm-000002_127.npy
3,worm-000002_130.npy
3,worm-000002_132.npy
2,worm-000002_133.npy
3,worm-000002_135.npy
3,worm-000002_137.npy
0,worm-000002_139.npy
0,worm-000002_140.npy
3,worm-000002_142.npy
3,worm-000002_144.npy
3,worm-000002_147.npy
1,worm-000002_151.npy
1,worm-000002_152.npy
1,worm-000002_175.npy
1,worm-000002_177.npy
3,worm-000002_216.npy
3,worm-000002_231.npy
4,worm-000002_233.npy
4,worm-000002_234.npy
2,worm-000002_235.npy
4,worm-000002_237.npy
5,worm-000002_238.npy
4,worm-000002_239.npy
4,worm-000002_240.npy
3,worm-000002_241.npy
4,worm-000002_242.npy
4,worm-000002_243.npy
5,worm-000002_244.npy
4,worm-000002_245.npy
4,worm-000002_247.npy
4,worm-000002_248.npy
4,worm-000002_249.npy
4,worm-000002_250.npy
4,worm-000002_251.npy
4,worm-000002_252.npy
4,worm-000002_253.npy
4,worm-000002_254.npy
4,worm-000002_255.npy
4,worm-000002_256.npy
4,worm-000002_257.npy
4,worm-000002_258.npy
3,worm-000002_260.npy
4,worm-000002_261.npy
4,worm-000002_262.npy
4,worm-000002_263.npy
4,worm-000002_264.npy
4,worm-000002_265.npy
1,worm-000002_266.npy
1,worm-000002_267.npy
2,worm-000002_268.npy
3,worm-000002_269.npy
1,worm-000002_270.npy
1,worm-000002_271.npy
1,worm-000002_272.npy
2,worm-000002_273.npy
1,worm-000002_274.npy
1,worm-000002_276.npy
1,worm-000002_277.npy
2,worm-000002_278.npy
5,worm-000002_279.npy
2,worm-000002_280.npy
2,worm-000002_281.npy
0,worm-000002_282.npy
1,worm-000002_283.npy
1,worm-000002_286.npy
4,worm-000002_287.npy
4,worm-000002_288.npy
4,worm-000002_289.npy
4,worm-000002_290.npy
4,worm-000002_291.npy
1,worm-000002_292.npy
4,worm-000002_293.npy
4,worm-000002_294.npy
4,worm-000002_295.npy
4,worm-000002_296.npy
4,worm-000002_298.npy
4,worm-000002_299.npy
4,worm-000002_302.npy
4,worm-000002_303.npy
4,worm-000002_304.npy
5,worm-000002_306.npy
4,worm-000002_307.npy
4,worm-000002_311.npy
4,worm-000002_312.npy
4,worm-000002_313.npy
4,worm-000002_314.npy
2,worm-000002_315.npy
3,worm-000002_316.npy
2,worm-000002_317.npy
4,worm-000002_318.npy
4,worm-000002_319.npy
1,worm-000002_321.npy
5,worm-000002_322.npy
4,worm-000002_323.npy
4,worm-000002_325.npy
4,worm-000002_326.npy
4,worm-000002_327.npy
4,worm-000002_328.npy
4,worm-000002_333.npy
4,worm-000002_335.npy
4,worm-000002_337.npy
4,worm-000002_338.npy
4,worm-000002_339.npy
4,worm-000002_340.npy
4,worm-000002_341.npy
4,worm-000002_342.npy
4,worm-000002_343.npy
4,worm-000002_344.npy
4,worm-000002_345.npy
4,worm-000002_347.npy
5,worm-000002_348.npy
4,worm-000002_349.npy
4,worm-000002_354.npy
3,worm-000002_355.npy
4,worm-000002_357.npy
4,worm-000002_359.npy
4,worm-000002_360.npy
4,worm-000002_361.npy
3,worm-000002_362.npy
4,worm-000002_365.npy
4,worm-000002_366.npy
4,worm-000002_367.npy
4,worm-000002_368.npy
4,worm-000002_370.npy
3,worm-000002_372.npy
2,worm-000002_373.npy
0,worm-000002_374.npy
1,worm-000003_000.npy
1,worm-000003_001.npy
1,worm-000003_002.npy
3,worm-000003_003.npy
1,worm-000003_004.npy
1,worm-000003_005.npy
1,worm-000003_006.npy
1,worm-000003_007.npy
1,worm-000003_008.npy
5,worm-000003_009.npy
1,worm-000003_010.npy
3,worm-000003_011.npy
1,worm-000003_012.npy
3,worm-000003_013.npy
1,worm-000003_014.npy
1,worm-000003_015.npy
3,worm-000003_016.npy
1,worm-000003_017.npy
1,worm-000003_018.npy
1,worm-000003_019.npy
1,worm-000003_020.npy
1,worm-000003_021.npy
1,worm-000003_022.npy
1,worm-000003_023.npy
1,worm-000003_024.npy
2,worm-000003_025.npy
1,worm-000003_026.npy
2,worm-000003_027.npy
3,worm-000003_028.npy
1,worm-000003_029.npy
1,worm-000003_030.npy
3,worm-000003_031.npy
1,worm-000003_032.npy
1,worm-000003_033.npy
1,worm-000003_034.npy
1,worm-000003_035.npy
1,worm-000003_036.npy
1,worm-000003_037.npy
1,worm-000003_038.npy
1,worm-000003_039.npy
1,worm-000003_040.npy
1,worm-000003_041.npy
1,worm-000003_042.npy
1,worm-000003_043.npy
1,worm-000003_044.npy
2,worm-000003_045.npy
1,worm-000003_046.npy
1,worm-000003_047.npy
1,worm-000003_048.npy
1,worm-000003_049.npy
1,worm-000003_050.npy
1,worm-000003_051.npy
1,worm-000003_052.npy
0,worm-000003_053.npy
2,worm-000003_054.npy
1,worm-000003_055.npy
1,worm-000003_056.npy
1,worm-000003_057.npy
1,worm-000003_058.npy
1,worm-000003_059.npy
1,worm-000003_060.npy
2,worm-000003_061.npy
1,worm-000003_062.npy
1,worm-000003_063.npy
3,worm-000003_065.npy
5,worm-000003_066.npy
3,worm-000003_067.npy
3,worm-000003_068.npy
0,worm-000003_069.npy
1,worm-000003_070.npy
1,worm-000003_071.npy
1,worm-000003_073.npy
1,worm-000003_074.npy
1,worm-000003_075.npy
3,worm-000003_076.npy
1,worm-000003_077.npy
1,worm-000003_078.npy
3,worm-000003_079.npy
2,worm-000003_081.npy
1,worm-000003_082.npy
1,worm-000003_083.npy
1,worm-000003_085.npy
1,worm-000003_086.npy
1,worm-000003_087.npy
1,worm-000003_088.npy
1,worm-000003_089.npy
3,worm-000003_090.npy
1,worm-000003_091.npy
1,worm-000003_092.npy
1,worm-000003_093.npy
3,worm-000003_094.npy
3,worm-000003_096.npy
3,worm-000003_097.npy
3,worm-000003_098.npy
3,worm-000003_099.npy
1,worm-000003_100.npy
1,worm-000003_101.npy
3,worm-000003_102.npy
1,worm-000003_103.npy
1,worm-000003_104.npy
1,worm-000003_105.npy
4,worm-000003_106.npy
1,worm-000003_107.npy
1,worm-000003_109.npy
0,worm-000003_110.npy
3,worm-000003_111.npy
2,worm-000003_112.npy
5,worm-000003_113.npy
3,worm-000003_114.npy
1,worm-000003_115.npy
1,worm-000003_116.npy
3,worm-000003_117.npy
0,worm-000003_118.npy
0,worm-000003_119.npy
3,worm-000003_120.npy
0,worm-000003_121.npy
3,worm-000003_122.npy
1,worm-000003_123.npy
2,worm-000003_124.npy
1,worm-000003_125.npy
1,worm-000003_126.npy
1,worm-000003_127.npy
1,worm-000003_128.npy
0,worm-000003_129.npy
4,worm-000003_130.npy
4,worm-000003_131.npy
5,worm-000003_132.npy
0,worm-000003_133.npy
1,worm-000003_134.npy
1,worm-000003_135.npy
5,worm-000003_136.npy
3,worm-000003_137.npy
4,worm-000003_138.npy
0,worm-000003_139.npy
4,worm-000003_140.npy
3,worm-000003_141.npy
0,worm-000003_142.npy
4,worm-000003_143.npy
5,worm-000003_146.npy
3,worm-000003_147.npy
3,worm-000003_148.npy
4,worm-000003_150.npy
4,worm-000003_151.npy
4,worm-000003_152.npy
4,worm-000003_154.npy
4,worm-000003_155.npy
0,worm-000003_156.npy
4,worm-000003_158.npy
3,worm-000003_159.npy
4,worm-000003_160.npy
5,worm-000003_161.npy
4,worm-000003_162.npy
4,worm-000003_163.npy
1,worm-000003_164.npy
3,worm-000003_168.npy
4,worm-000003_169.npy
1,worm-000003_171.npy
1,worm-000003_172.npy
4,worm-000003_173.npy
1,worm-000003_174.npy
1,worm-000003_175.npy
1,worm-000003_176.npy
2,worm-000003_177.npy
1,worm-000003_178.npy
3,worm-000003_179.npy
3,worm-000003_180.npy
1,worm-000003_181.npy
1,worm-000003_182.npy
1,worm-000003_183.npy
1,worm-000003_184.npy
1,worm-000003_185.npy
3,worm-000003_186.npy
3,worm-000003_187.npy
2,worm-000003_188.npy
2,worm-000003_189.npy
1,worm-000003_190.npy
1,worm-000003_191.npy
1,worm-000003_192.npy
3,worm-000003_193.npy
1,worm-000003_194.npy
5,worm-000003_195.npy
3,worm-000003_196.npy
3,worm-000003_197.npy
3,worm-000003_198.npy
3,worm-000003_199.npy
4,worm-000003_200.npy
4,worm-000003_201.npy
4,worm-000003_202.npy
0,worm-000003_203.npy
0,worm-000003_204.npy
4,worm-000003_205.npy
3,worm-000003_206.npy
1,worm-000003_207.npy
4,worm-000003_208.npy
0,worm-000003_209.npy
4,worm-000003_210.npy
0,worm-000003_212.npy
1,worm-000003_213.npy
4,worm-000003_214.npy
1,worm-000003_215.npy
2,worm-000003_216.npy
3,worm-000003_217.npy
1,worm-000003_218.npy
4,worm-000003_219.npy
4,worm-000003_220.npy
5,worm-000003_221.npy
1,worm-000003_222.npy
3,worm-000003_224.npy
4,worm-000003_225.npy
5,worm-000003_226.npy
4,worm-000003_227.npy
1,worm-000003_229.npy
4,worm-000003_230.npy
4,worm-000003_231.npy
4,worm-000003_232.npy
4,worm-000003_233.npy
4,worm-000003_234.npy
4,worm-000003_235.npy
4,worm-000003_236.npy
4,worm-000003_237.npy
4,worm-000003_238.npy
5,worm-000003_239.npy
4,worm-000003_241.npy
4,worm-000003_242.npy
4,worm-000003_243.npy
4,worm-000003_244.npy
4,worm-000003_245.npy
4,worm-000003_246.npy
0,worm-000003_247.npy
4,worm-000003_248.npy
4,worm-000003_249.npy
4,worm-000003_250.npy
4,worm-000003_251.npy
1,worm-000003_252.npy
1,worm-000003_253.npy
2,worm-000003_254.npy
3,worm-000003_255.npy
1,worm-000003_256.npy
1,worm-000003_257.npy
1,worm-000003_258.npy
1,worm-000003_260.npy
2,worm-000003_261.npy
2,worm-000003_262.npy
1,worm-000003_263.npy
3,worm-000003_264.npy
1,worm-000003_265.npy
1,worm-000003_266.npy
1,worm-000003_267.npy
3,worm-000003_268.npy
1,worm-000003_269.npy
3,worm-000003_270.npy
3,worm-000003_271.npy
1,worm-000003_272.npy
3,worm-000003_273.npy
3,worm-000003_274.npy
1,worm-000003_275.npy
3,worm-000003_276.npy
1,worm-000003_278.npy
1,worm-000003_279.npy
3,worm-000003_280.npy
1,worm-000003_281.npy
1,worm-000003_282.npy
1,worm-000003_283.npy
1,worm-000003_284.npy
3,worm-000003_285.npy
2,worm-000003_287.npy
3,worm-000003_288.npy
1,worm-000003_289.npy
1,worm-000003_291.npy
1,worm-000003_292.npy
0,worm-000003_293.npy
1,worm-000003_294.npy
1,worm-000003_295.npy
1,worm-000003_296.npy
1,worm-000003_297.npy
0,worm-000003_298.npy
0,worm-000003_299.npy
0,worm-000003_300.npy
0,worm-000003_302.npy
1,worm-000003_303.npy
1,worm-000003_304.npy
1,worm-000003_305.npy
3,worm-000003_306.npy
1,worm-000003_307.npy
1,worm-000003_309.npy
3,worm-000003_310.npy
5,worm-000003_311.npy
1,worm-000003_312.npy
0,worm-000003_315.npy
5,worm-000003_318.npy
4,worm-000003_319.npy
1,worm-000003_320.npy
3,worm-000003_321.npy
3,worm-000003_323.npy
4,worm-000003_324.npy
3,worm-000003_326.npy
4,worm-000003_328.npy
1,worm-000003_330.npy
1,worm-000003_331.npy
4,worm-000003_332.npy
4,worm-000003_333.npy
4,worm-000003_335.npy
4,worm-000003_338.npy
4,worm-000003_340.npy
1,worm-000003_341.npy
1,worm-000003_342.npy
1,worm-000003_343.npy
1,worm-000003_344.npy
1,worm-000003_345.npy
1,worm-000003_346.npy
1,worm-000003_347.npy
4,worm-000003_348.npy
4,worm-000003_349.npy
4,worm-000003_350.npy
4,worm-000003_351.npy
4,worm-000003_352.npy
4,worm-000003_353.npy
4,worm-000003_354.npy
5,worm-000003_355.npy
1,worm-000003_356.npy
1,worm-000003_357.npy
1,worm-000003_358.npy
1,worm-000003_359.npy
0,worm-000003_361.npy
1,worm-000003_363.npy
4,worm-000003_364.npy
4,worm-000003_365.npy
1,worm-000003_367.npy
4,worm-000003_370.npy
5,worm-000003_372.npy
3,worm-000003_373.npy
4,worm-000003_375.npy
4,worm-000003_377.npy
4,worm-000003_381.npy
3,worm-000003_382.npy
4,worm-000003_385.npy
5,worm-000003_386.npy
5,worm-000003_387.npy
4,worm-000003_388.npy
4,worm-000003_391.npy
5,worm-000003_393.npy
3,worm-000003_395.npy
3,worm-000003_396.npy
4,worm-000003_401.npy
3,worm-000003_402.npy
4,worm-000003_404.npy
1,worm-000003_405.npy
1,worm-000003_406.npy
1,worm-000003_407.npy
3,worm-000003_408.npy
1,worm-000003_409.npy
3,worm-000003_410.npy
5,worm-000003_411.npy
1,worm-000003_412.npy
3,worm-000004_000.npy
1,worm-000004_001.npy
1,worm-000004_002.npy
1,worm-000004_003.npy
2,worm-000004_004.npy
2,worm-000004_005.npy
1,worm-000004_006.npy
1,worm-000004_007.npy
3,worm-000004_008.npy
1,worm-000004_009.npy
3,worm-000004_010.npy
3,worm-000004_011.npy
1,worm-000004_012.npy
3,worm-000004_013.npy
2,worm-000004_014.npy
1,worm-000004_015.npy
1,worm-000004_016.npy
2,worm-000004_018.npy
2,worm-000004_019.npy
2,worm-000004_020.npy
1,worm-000004_021.npy
1,worm-000004_022.npy
1,worm-000004_023.npy
3,worm-000004_024.npy
1,worm-000004_025.npy
3,worm-000004_026.npy
2,worm-000004_027.npy
3,worm-000004_028.npy
2,worm-000004_029.npy
1,worm-000004_030.npy
1,worm-000004_031.npy
3,worm-000004_032.npy
3,worm-000004_033.npy
3,worm-000004_034.npy
2,worm-000004_035.npy
2,worm-000004_036.npy
2,worm-000004_037.npy
1,worm-000004_038.npy
1,worm-000004_039.npy
1,worm-000004_040.npy
2,worm-000004_041.npy
2,worm-000004_042.npy
3,worm-000004_043.npy
4,worm-000004_044.npy
3,worm-000004_045.npy
0,worm-000004_046.npy
4,worm-000004_047.npy
3,worm-000004_048.npy
3,worm-000004_049.npy
4,worm-000004_050.npy
2,worm-000004_051.npy
2,worm-000004_052.npy
3,worm-000004_053.npy
3,worm-000004_054.npy
2,worm-000004_055.npy
4,worm-000004_056.npy
3,worm-000004_057.npy
2,worm-000004_058.npy
3,worm-000004_059.npy
4,worm-000004_060.npy
1,worm-000004_061.npy
4,worm-000004_063.npy
4,worm-000004_064.npy
4,worm-000004_065.npy
4,worm-000004_066.npy
2,worm-000004_067.npy
2,worm-000004_068.npy
3,worm-000004_069.npy
2,worm-000004_070.npy
3,worm-000004_071.npy
3,worm-000004_073.npy
0,worm-000004_074.npy
3,worm-000004_075.npy
4,worm-000004_077.npy
4,worm-000004_078.npy
3,worm-000004_079.npy
3,worm-000004_080.npy
2,worm-000004_082.npy
1,worm-000004_083.npy
3,worm-000004_085.npy
3,worm-000004_086.npy
4,worm-000004_087.npy
0,worm-000004_088.npy
4,worm-000004_090.npy
3,worm-000004_091.npy
4,worm-000004_092.npy
4,worm-000004_093.npy
2,worm-000004_095.npy
4,worm-000004_097.npy
2,worm-000004_098.npy
4,worm-000004_101.npy
4,worm-000004_102.npy
4,worm-000004_103.npy
4,worm-000004_104.npy
4,worm-000004_105.npy
1,worm-000004_109.npy
2,worm-000004_110.npy
1,worm-000004_111.npy
1,worm-000004_112.npy
1,worm-000004_113.npy
1,worm-000004_114.npy
1,worm-000004_115.npy
1,worm-000004_116.npy
1,worm-000004_117.npy
1,worm-000004_118.npy
2,worm-000004_119.npy
2,worm-000004_120.npy
1,worm-000004_121.npy
2,worm-000004_122.npy
2,worm-000004_123.npy
1,worm-000004_124.npy
1,worm-000004_125.npy
2,worm-000004_126.npy
2,worm-000004_127.npy
3,worm-000004_128.npy
1,worm-000004_129.npy
1,worm-000004_130.npy
1,worm-000004_131.npy
1,worm-000004_132.npy
1,worm-000004_133.npy
1,worm-000004_134.npy
1,worm-000004_135.npy
1,worm-000004_136.npy
1,worm-000004_137.npy
4,worm-000004_138.npy
1,worm-000004_139.npy
2,worm-000004_140.npy
2,worm-000004_141.npy
3,worm-000004_142.npy
2,worm-000004_143.npy
2,worm-000004_144.npy
1,worm-000004_145.npy
1,worm-000004_146.npy
1,worm-000004_147.npy
1,worm-000004_148.npy
1,worm-000004_149.npy
5,worm-000004_150.npy
2,worm-000004_151.npy
4,worm-000004_152.npy
3,worm-000004_153.npy
0,worm-000004_154.npy
4,worm-000004_155.npy
4,worm-000004_157.npy
4,worm-000004_159.npy
4,worm-000004_160.npy
4,worm-000004_161.npy
4,worm-000004_163.npy
4,worm-000004_164.npy
4,worm-000004_165.npy
4,worm-000004_166.npy
4,worm-000004_167.npy
4,worm-000004_168.npy
4,worm-000004_169.npy
4,worm-000004_170.npy
4,worm-000004_171.npy
4,worm-000004_172.npy
4,worm-000004_173.npy
1,worm-000004_175.npy
3,worm-000004_176.npy
1,worm-000004_177.npy
3,worm-000004_178.npy
2,worm-000004_180.npy
1,worm-000004_181.npy
1,worm-000004_182.npy
3,worm-000004_183.npy
3,worm-000004_184.npy
3,worm-000004_185.npy
0,worm-000004_187.npy
1,worm-000004_188.npy
3,worm-000004_189.npy
4,worm-000004_190.npy
5,worm-000004_191.npy
1,worm-000004_192.npy
1,worm-000004_193.npy
1,worm-000004_195.npy
2,worm-000004_196.npy
1,worm-000004_197.npy
2,worm-000004_198.npy
1,worm-000004_199.npy
1,worm-000004_200.npy
1,worm-000004_201.npy
0,worm-000004_202.npy
3,worm-000004_203.npy
4,worm-000004_204.npy
4,worm-000004_205.npy
3,worm-000004_206.npy
1,worm-000004_207.npy
3,worm-000004_208.npy
1,worm-000004_209.npy
4,worm-000004_210.npy
4,worm-000004_211.npy
1,worm-000004_212.npy
4,worm-000004_213.npy
1,worm-000004_214.npy
4,worm-000004_215.npy
4,worm-000004_217.npy
4,worm-000004_218.npy
4,worm-000004_219.npy
4,worm-000004_220.npy
4,worm-000004_221.npy
4,worm-000004_222.npy
4,worm-000004_223.npy
4,worm-000004_224.npy
4,worm-000004_225.npy
4,worm-000004_226.npy
4,worm-000004_228.npy
4,worm-000004_229.npy
5,worm-000004_230.npy
4,worm-000004_232.npy
4,worm-000004_233.npy
4,worm-000004_234.npy
4,worm-000004_236.npy
4,worm-000004_237.npy
2,worm-000004_238.npy
1,worm-000004_239.npy
3,worm-000004_240.npy
1,worm-000004_241.npy
2,worm-000004_242.npy
2,worm-000004_243.npy
1,worm-000004_244.npy
1,worm-000004_245.npy
1,worm-000004_246.npy
3,worm-000004_247.npy
2,worm-000004_248.npy
1,worm-000004_249.npy
4,worm-000004_250.npy
2,worm-000004_251.npy
2,worm-000004_252.npy
4,worm-000004_253.npy
1,worm-000004_254.npy
3,worm-000004_255.npy
0,worm-000004_256.npy
3,worm-000004_257.npy
4,worm-000004_258.npy
4,worm-000004_259.npy
1,worm-000004_260.npy
5,worm-000004_261.npy
4,worm-000004_262.npy
4,worm-000004_263.npy
1,worm-000004_264.npy
5,worm-000004_265.npy
4,worm-000004_266.npy
4,worm-000004_267.npy
4,worm-000004_268.npy
4,worm-000004_269.npy
4,worm-000004_270.npy
1,worm-000004_271.npy
1,worm-000004_272.npy
1,worm-000004_273.npy
3,worm-000004_275.npy
3,worm-000004_276.npy
4,worm-000004_280.npy
2,worm-000004_281.npy
4,worm-000004_284.npy
4,worm-000004_286.npy
4,worm-000004_287.npy
4,worm-000004_288.npy
5,worm-000004_291.npy
4,worm-000004_292.npy
4,worm-000004_293.npy
4,worm-000004_296.npy
4,worm-000004_297.npy
4,worm-000004_298.npy
4,worm-000004_301.npy
4,worm-000004_305.npy
4,worm-000004_307.npy
4,worm-000004_308.npy
4,worm-000004_313.npy
4,worm-000004_314.npy
4,worm-000004_316.npy
1,worm-000004_317.npy
1,worm-000004_318.npy
1,worm-000004_319.npy
3,worm-000004_320.npy
4,worm-000004_321.npy
1,worm-000004_322.npy
1,worm-000004_323.npy
4,worm-000004_324.npy
0,worm-000004_325.npy
2,worm-000005_000.npy
2,worm-000005_001.npy
3,worm-000005_002.npy
3,worm-000005_003.npy
1,worm-000005_004.npy
2,worm-000005_005.npy
3,worm-000005_006.npy
3,worm-000005_007.npy
2,worm-000005_009.npy
2,worm-000005_010.npy
2,worm-000005_011.npy
2,worm-000005_012.npy
1,worm-000005_013.npy
1,worm-000005_014.npy
2,worm-000005_015.npy
2,worm-000005_016.npy
1,worm-000005_017.npy
3,worm-000005_018.npy
5,worm-000005_019.npy
3,worm-000005_020.npy
1,worm-000005_021.npy
2,worm-000005_022.npy
0,worm-000005_023.npy
1,worm-000005_024.npy
1,worm-000005_025.npy
1,worm-000005_026.npy
4,worm-000005_027.npy
2,worm-000005_028.npy
1,worm-000005_029.npy
1,worm-000005_030.npy
2,worm-000005_031.npy
1,worm-000005_032.npy
1,worm-000005_033.npy
2,worm-000005_034.npy
1,worm-000005_035.npy
2,worm-000005_036.npy
1,worm-000005_037.npy
2,worm-000005_038.npy
0,worm-000005_039.npy
2,worm-000005_040.npy
2,worm-000005_041.npy
2,worm-000005_042.npy
3,worm-000005_043.npy
1,worm-000005_044.npy
1,worm-000005_045.npy
0,worm-000005_046.npy
2,worm-000005_047.npy
0,worm-000005_048.npy
2,worm-000005_049.npy
3,worm-000005_050.npy
4,worm-000005_051.npy
3,worm-000005_052.npy
0,worm-000005_053.npy
3,worm-000005_054.npy
1,worm-000005_055.npy
0,worm-000005_056.npy
3,worm-000005_057.npy
1,worm-000005_058.npy
1,worm-000005_059.npy
4,worm-000005_060.npy
0,worm-000005_061.npy
3,worm-000005_062.npy
3,worm-000005_063.npy
1,worm-000005_064.npy
4,worm-000005_065.npy
4,worm-000005_066.npy
3,worm-000005_067.npy
3,worm-000005_068.npy
1,worm-000005_069.npy
4,worm-000005_070.npy
3,worm-000005_071.npy
1,worm-000005_072.npy
3,worm-000005_073.npy
4,worm-000005_075.npy
3,worm-000005_076.npy
5,worm-000005_077.npy
3,worm-000005_078.npy
4,worm-000005_079.npy
2,worm-000005_080.npy
4,worm-000005_081.npy
4,worm-000005_082.npy
4,worm-000005_083.npy
3,worm-000005_084.npy
2,worm-000005_086.npy
4,worm-000005_087.npy
0,worm-000005_088.npy
0,worm-000005_089.npy
4,worm-000005_091.npy
4,worm-000005_092.npy
4,worm-000005_093.npy
2,worm-000005_094.npy
4,worm-000005_096.npy
4,worm-000005_097.npy
4,worm-000005_098.npy
3,worm-000005_100.npy
4,worm-000005_101.npy
4,worm-000005_102.npy
4,worm-000005_106.npy
4,worm-000005_107.npy
4,worm-000005_108.npy
4,worm-000005_109.npy
4,worm-000005_110.npy
4,worm-000005_111.npy
4,worm-000005_112.npy
4,worm-000005_113.npy
4,worm-000005_116.npy
4,worm-000005_117.npy
4,worm-000005_118.npy
4,worm-000005_119.npy
3,worm-000005_120.npy
1,worm-000005_121.npy
1,worm-000005_122.npy
1,worm-000005_123.npy
1,worm-000005_124.npy
1,worm-000005_125.npy
1,worm-000005_126.npy
2,worm-000005_127.npy
1,worm-000005_128.npy
1,worm-000005_129.npy
3,worm-000005_130.npy
3,worm-000005_131.npy
1,worm-000005_132.npy
2,worm-000005_133.npy
2,worm-000005_134.npy
1,worm-000005_135.npy
1,worm-000005_136.npy
2,worm-000005_137.npy
1,worm-000005_138.npy
2,worm-000005_139.npy
1,worm-000005_140.npy
1,worm-000005_143.npy
1,worm-000005_144.npy
1,worm-000005_145.npy
3,worm-000005_146.npy
1,worm-000005_147.npy
1,worm-000005_148.npy
2,worm-000005_149.npy
1,worm-000005_150.npy
1,worm-000005_151.npy
2,worm-000005_152.npy
1,worm-000005_153.npy
1,worm-000005_154.npy
1,worm-000005_155.npy
3,worm-000005_156.npy
1,worm-000005_157.npy
1,worm-000005_158.npy
1,worm-000005_159.npy
1,worm-000005_160.npy
2,worm-000005_161.npy
1,worm-000005_162.npy
1,worm-000005_163.npy
2,worm-000005_164.npy
1,worm-000005_165.npy
1,worm-000005_166.npy
1,worm-000005_168.npy
0,worm-000005_169.npy
1,worm-000005_170.npy
2,worm-000005_171.npy
2,worm-000005_172.npy
1,worm-000005_173.npy
1,worm-000005_174.npy
2,worm-000005_175.npy
4,worm-000005_176.npy
4,worm-000005_177.npy
3,worm-000005_178.npy
1,worm-000005_179.npy
0,worm-000005_180.npy
4,worm-000005_181.npy
4,worm-000005_182.npy
0,worm-000005_183.npy
4,worm-000005_184.npy
4,worm-000005_185.npy
1,worm-000005_186.npy
4,worm-000005_187.npy
1,worm-000005_188.npy
4,worm-000005_189.npy
4,worm-000005_190.npy
4,worm-000005_191.npy
4,worm-000005_192.npy
4,worm-000005_193.npy
4,worm-000005_194.npy
4,worm-000005_196.npy
4,worm-000005_197.npy
4,worm-000005_198.npy
4,worm-000005_199.npy
4,worm-000005_201.npy
4,worm-000005_202.npy
4,worm-000005_203.npy
4,worm-000005_204.npy
4,worm-000005_205.npy
4,worm-000005_206.npy
4,worm-000005_207.npy
4,worm-000005_208.npy
4,worm-000005_209.npy
4,worm-000005_212.npy
4,worm-000005_213.npy
4,worm-000005_214.npy
4,worm-000005_215.npy
4,worm-000005_217.npy
4,worm-000005_218.npy
4,worm-000005_219.npy
4,worm-000005_220.npy
5,worm-000005_221.npy
3,worm-000005_222.npy
4,worm-000005_223.npy
2,worm-000005_224.npy
2,worm-000005_225.npy
2,worm-000005_226.npy
2,worm-000005_227.npy
1,worm-000005_228.npy
1,worm-000005_229.npy
2,worm-000005_230.npy
1,worm-000005_231.npy
2,worm-000005_232.npy
2,worm-000005_233.npy
1,worm-000005_234.npy
1,worm-000005_236.npy
5,worm-000005_237.npy
1,worm-000005_238.npy
2,worm-000005_239.npy
1,worm-000005_240.npy
1,worm-000005_241.npy
3,worm-000005_242.npy
1,worm-000005_243.npy
2,worm-000005_245.npy
1,worm-000005_246.npy
3,worm-000005_247.npy
0,worm-000005_248.npy
3,worm-000005_249.npy
3,worm-000005_250.npy
4,worm-000005_252.npy
1,worm-000005_253.npy
4,worm-000005_254.npy
4,worm-000005_255.npy
3,worm-000005_256.npy
5,worm-000005_258.npy
2,worm-000005_259.npy
4,worm-000005_260.npy
5,worm-000005_261.npy
4,worm-000005_263.npy
2,worm-000005_264.npy
4,worm-000005_265.npy
5,worm-000005_266.npy
4,worm-000005_267.npy
4,worm-000005_268.npy
4,worm-000005_269.npy
4,worm-000005_270.npy
4,worm-000005_271.npy
4,worm-000005_273.npy
4,worm-000005_274.npy
4,worm-000005_275.npy
4,worm-000005_276.npy
4,worm-000005_277.npy
3,worm-000005_279.npy
2,worm-000005_280.npy
1,worm-000005_281.npy
1,worm-000005_282.npy
1,worm-000005_283.npy
1,worm-000005_284.npy
3,worm-000005_285.npy
1,worm-000005_286.npy
1,worm-000005_287.npy
1,worm-000005_289.npy
1,worm-000005_290.npy
2,worm-000005_291.npy
0,worm-000005_292.npy
1,worm-000005_293.npy
5,worm-000005_294.npy
1,worm-000005_295.npy
1,worm-000005_296.npy
1,worm-000005_297.npy
4,worm-000005_298.npy
0,worm-000005_300.npy
4,worm-000005_301.npy
1,worm-000005_302.npy
1,worm-000005_303.npy
4,worm-000005_304.npy
4,worm-000005_305.npy
4,worm-000005_306.npy
4,worm-000005_307.npy
4,worm-000005_308.npy
5,worm-000005_312.npy
1,worm-000005_313.npy
4,worm-000005_314.npy
5,worm-000005_315.npy
4,worm-000005_316.npy
4,worm-000005_317.npy
4,worm-000005_318.npy
4,worm-000005_319.npy
4,worm-000005_321.npy
4,worm-000005_322.npy
4,worm-000005_325.npy
4,worm-000005_326.npy
1,worm-000005_327.npy
3,worm-000005_328.npy
2,worm-000005_329.npy
1,worm-000005_330.npy
1,worm-000005_332.npy
4,worm-000005_335.npy
4,worm-000005_336.npy
4,worm-000005_337.npy
0,worm-000005_339.npy
4,worm-000005_340.npy
4,worm-000005_341.npy
5,worm-000005_343.npy
4,worm-000005_347.npy
4,worm-000005_349.npy
4,worm-000005_350.npy
4,worm-000005_351.npy
2,worm-000005_353.npy
4,worm-000005_355.npy
4,worm-000005_356.npy
4,worm-000005_359.npy
4,worm-000005_360.npy
4,worm-000005_361.npy
4,worm-000005_364.npy
4,worm-000005_365.npy
4,worm-000005_366.npy
4,worm-000005_369.npy
4,worm-000005_373.npy
4,worm-000005_375.npy
4,worm-000005_376.npy
4,worm-000005_378.npy
4,worm-000005_380.npy
4,worm-000005_385.npy
4,worm-000005_386.npy
1,worm-000005_392.npy
2,worm-000005_393.npy
4,worm-000005_394.npy
3,worm-000005_395.npy
3,worm-000005_396.npy
1,worm-000005_398.npy
1,worm-000005_399.npy
1,worm-000005_400.npy
2,worm-000005_401.npy
3,worm-000005_402.npy
4,worm-000005_404.npy
4,worm-000005_405.npy
4,worm-000005_406.npy
4,worm-000005_407.npy
4,worm-000005_408.npy
1,worm-000006_000.npy
1,worm-000006_001.npy
1,worm-000006_002.npy
3,worm-000006_003.npy
1,worm-000006_004.npy
1,worm-000006_005.npy
1,worm-000006_006.npy
1,worm-000006_007.npy
1,worm-000006_008.npy
1,worm-000006_009.npy
1,worm-000006_010.npy
3,worm-000006_011.npy
1,worm-000006_012.npy
1,worm-000006_013.npy
1,worm-000006_014.npy
1,worm-000006_015.npy
1,worm-000006_016.npy
3,worm-000006_017.npy
1,worm-000006_018.npy
2,worm-000006_019.npy
2,worm-000006_020.npy
4,worm-000006_021.npy
4,worm-000006_022.npy
1,worm-000006_023.npy
3,worm-000006_024.npy
3,worm-000006_025.npy
3,worm-000006_026.npy
3,worm-000006_027.npy
3,worm-000006_028.npy
3,worm-000006_029.npy
1,worm-000006_030.npy
3,worm-000006_031.npy
1,worm-000006_032.npy
1,worm-000006_033.npy
1,worm-000006_034.npy
3,worm-000006_035.npy
3,worm-000006_036.npy
3,worm-000006_037.npy
3,worm-000006_038.npy
3,worm-000006_039.npy
3,worm-000006_040.npy
2,worm-000006_041.npy
3,worm-000006_042.npy
1,worm-000006_043.npy
3,worm-000006_044.npy
2,worm-000006_045.npy
1,worm-000006_046.npy
1,worm-000006_047.npy
1,worm-000006_048.npy
1,worm-000006_049.npy
2,worm-000006_050.npy
3,worm-000006_051.npy
3,worm-000006_052.npy
3,worm-000006_053.npy
1,worm-000006_054.npy
3,worm-000006_055.npy
3,worm-000006_056.npy
1,worm-000006_057.npy
1,worm-000006_058.npy
1,worm-000006_059.npy
1,worm-000006_060.npy
1,worm-000006_062.npy
1,worm-000006_063.npy
3,worm-000006_064.npy
1,worm-000006_065.npy
1,worm-000006_066.npy
3,worm-000006_067.npy
1,worm-000006_068.npy
1,worm-000006_069.npy
0,worm-000006_070.npy
1,worm-000006_071.npy
1,worm-000006_072.npy
0,worm-000006_073.npy
1,worm-000006_074.npy
1,worm-000006_075.npy
0,worm-000006_076.npy
2,worm-000006_077.npy
1,worm-000006_078.npy
0,worm-000006_079.npy
1,worm-000006_080.npy
1,worm-000006_081.npy
1,worm-000006_082.npy
1,worm-000006_083.npy
1,worm-000006_084.npy
3,worm-000006_085.npy
3,worm-000006_086.npy
1,worm-000006_087.npy
1,worm-000006_088.npy
4,worm-000006_089.npy
2,worm-000006_090.npy
4,worm-000006_091.npy
0,worm-000006_092.npy
1,worm-000006_093.npy
1,worm-000006_094.npy
2,worm-000006_095.npy
4,worm-000006_096.npy
3,worm-000006_097.npy
0,worm-000006_098.npy
5,worm-000006_100.npy
0,worm-000006_101.npy
1,worm-000006_102.npy
0,worm-000006_103.npy
3,worm-000006_105.npy
0,worm-000006_106.npy
1,worm-000006_107.npy
4,worm-000006_108.npy
3,worm-000006_109.npy
4,worm-000006_110.npy
4,worm-000006_111.npy
3,worm-000006_112.npy
1,worm-000006_113.npy
1,worm-000006_114.npy
1,worm-000006_115.npy
5,worm-000006_119.npy
4,worm-000006_121.npy
2,worm-000006_123.npy
4,worm-000006_124.npy
5,worm-000006_125.npy
5,worm-000006_126.npy
5,worm-000006_127.npy
4,worm-000006_128.npy
4,worm-000006_129.npy
3,worm-000006_130.npy
4,worm-000006_132.npy
1,worm-000006_133.npy
4,worm-000006_134.npy
4,worm-000006_136.npy
4,worm-000006_137.npy
4,worm-000006_138.npy
4,worm-000006_139.npy
4,worm-000006_140.npy
4,worm-000006_141.npy
4,worm-000006_146.npy
4,worm-000006_148.npy
4,worm-000006_149.npy
5,worm-000006_150.npy
4,worm-000006_151.npy
4,worm-000006_155.npy
1,worm-000006_156.npy
1,worm-000006_157.npy
1,worm-000006_158.npy
1,worm-000006_159.npy
1,worm-000006_160.npy
1,worm-000006_161.npy
1,worm-000006_162.npy
1,worm-000006_163.npy
2,worm-000006_164.npy
1,worm-000006_165.npy
1,worm-000006_166.npy
1,worm-000006_167.npy
2,worm-000006_168.npy
3,worm-000006_169.npy
3,worm-000006_170.npy
3,worm-000006_171.npy
1,worm-000006_172.npy
0,worm-000006_173.npy
1,worm-000006_174.npy
0,worm-000006_175.npy
0,worm-000006_176.npy
1,worm-000006_177.npy
1,worm-000006_178.npy
1,worm-000006_179.npy
3,worm-000006_180.npy
1,worm-000006_181.npy
4,worm-000006_182.npy
0,worm-000006_183.npy
5,worm-000006_184.npy
1,worm-000006_185.npy
3,worm-000006_186.npy
4,worm-000006_187.npy
4,worm-000006_188.npy
4,worm-000006_189.npy
4,worm-000006_191.npy
4,worm-000006_192.npy
4,worm-000006_194.npy
4,worm-000006_195.npy
4,worm-000006_197.npy
4,worm-000006_198.npy
4,worm-000006_199.npy
4,worm-000006_201.npy
4,worm-000006_203.npy
4,worm-000006_204.npy
4,worm-000006_205.npy
4,worm-000006_206.npy
1,worm-000006_207.npy
4,worm-000006_209.npy
1,worm-000006_211.npy
1,worm-000006_212.npy
1,worm-000006_213.npy
2,worm-000006_214.npy
1,worm-000006_215.npy
1,worm-000006_216.npy
1,worm-000006_217.npy
1,worm-000006_218.npy
1,worm-000006_219.npy
1,worm-000006_220.npy
1,worm-000006_221.npy
1,worm-000006_222.npy
1,worm-000006_223.npy
1,worm-000006_224.npy
2,worm-000006_226.npy
1,worm-000006_227.npy
1,worm-000006_228.npy
1,worm-000006_229.npy
1,worm-000006_230.npy
1,worm-000006_231.npy
1,worm-000006_232.npy
1,worm-000006_233.npy
1,worm-000006_234.npy
1,worm-000006_235.npy
1,worm-000006_236.npy
1,worm-000006_237.npy
1,worm-000006_238.npy
1,worm-000006_239.npy
1,worm-000006_240.npy
2,worm-000006_241.npy
1,worm-000006_242.npy
1,worm-000006_243.npy
1,worm-000006_244.npy
1,worm-000006_245.npy
1,worm-000006_246.npy
1,worm-000006_247.npy
1,worm-000006_248.npy
1,worm-000006_249.npy
1,worm-000006_250.npy
1,worm-000006_251.npy
1,worm-000006_252.npy
1,worm-000006_253.npy
1,worm-000006_254.npy
1,worm-000006_255.npy
1,worm-000006_256.npy
1,worm-000006_257.npy
1,worm-000006_258.npy
1,worm-000006_259.npy
2,worm-000006_260.npy
1,worm-000006_261.npy
1,worm-000006_262.npy
1,worm-000006_263.npy
1,worm-000006_264.npy
4,worm-000006_265.npy
1,worm-000006_266.npy
1,worm-000006_267.npy
1,worm-000006_268.npy
1,worm-000006_269.npy
1,worm-000006_270.npy
1,worm-000006_271.npy
1,worm-000006_272.npy
1,worm-000006_273.npy
2,worm-000006_274.npy
3,worm-000006_275.npy
1,worm-000006_276.npy
0,worm-000006_277.npy
1,worm-000006_279.npy
1,worm-000006_281.npy
3,worm-000006_282.npy
5,worm-000006_283.npy
1,worm-000006_284.npy
1,worm-000006_285.npy
5,worm-000006_286.npy
1,worm-000006_287.npy
4,worm-000006_288.npy
4,worm-000006_289.npy
2,worm-000006_290.npy
1,worm-000006_291.npy
4,worm-000006_294.npy
1,worm-000006_296.npy
5,worm-000006_298.npy
3,worm-000006_299.npy
1,worm-000006_301.npy
4,worm-000006_302.npy
5,worm-000006_303.npy
4,worm-000006_304.npy
4,worm-000006_305.npy
5,worm-000006_307.npy
4,worm-000006_308.npy
4,worm-000006_311.npy
4,worm-000006_313.npy
1,worm-000006_315.npy
4,worm-000006_317.npy
1,worm-000006_318.npy
1,worm-000006_319.npy
1,worm-000006_320.npy
1,worm-000006_321.npy
1,worm-000006_322.npy
1,worm-000006_323.npy
1,worm-000006_324.npy
1,worm-000006_325.npy
1,worm-000006_326.npy
1,worm-000006_327.npy
1,worm-000006_328.npy
1,worm-000006_329.npy
1,worm-000006_330.npy
2,worm-000006_331.npy
1,worm-000006_332.npy
1,worm-000006_333.npy
3,worm-000006_334.npy
1,worm-000006_335.npy
2,worm-000006_336.npy
1,worm-000006_337.npy
1,worm-000006_339.npy
1,worm-000006_340.npy
1,worm-000006_341.npy
1,worm-000006_342.npy
1,worm-000006_343.npy
1,worm-000006_344.npy
1,worm-000006_345.npy
1,worm-000006_346.npy
1,worm-000006_347.npy
1,worm-000006_348.npy
0,worm-000006_349.npy
1,worm-000006_351.npy
1,worm-000006_352.npy
1,worm-000006_353.npy
1,worm-000006_355.npy
1,worm-000006_356.npy
0,worm-000006_357.npy
1,worm-000006_358.npy
3,worm-000006_359.npy
1,worm-000006_360.npy
1,worm-000006_361.npy
0,worm-000006_363.npy
1,worm-000006_366.npy
1,worm-000006_367.npy
4,worm-000006_368.npy
1,worm-000006_369.npy
5,worm-000006_370.npy
4,worm-000006_371.npy
5,worm-000006_372.npy
1,worm-000006_373.npy
4,worm-000006_375.npy
4,worm-000006_376.npy
4,worm-000006_377.npy
1,worm-000006_378.npy
1,worm-000006_379.npy
4,worm-000006_380.npy
4,worm-000006_383.npy
4,worm-000006_385.npy
4,worm-000006_386.npy
4,worm-000006_387.npy
4,worm-000006_388.npy
4,worm-000006_390.npy
1,worm-000006_394.npy
1,worm-000006_395.npy
5,worm-000006_397.npy
4,worm-000006_401.npy
4,worm-000006_409.npy
1,worm-000006_410.npy
4,worm-000006_412.npy
4,worm-000006_415.npy
4,worm-000006_416.npy
4,worm-000006_420.npy
4,worm-000006_421.npy
4,worm-000006_422.npy
4,worm-000006_423.npy
4,worm-000006_424.npy
4,worm-000006_432.npy
4,worm-000006_433.npy
4,worm-000006_434.npy
4,worm-000006_436.npy
4,worm-000006_440.npy
4,worm-000006_442.npy
4,worm-000006_443.npy
4,worm-000006_444.npy
0,worm-000006_447.npy
1,worm-000006_448.npy
1,worm-000006_449.npy
1,worm-000006_450.npy
1,worm-000006_451.npy
1,worm-000006_452.npy
1,worm-000006_453.npy
1,worm-000006_454.npy
1,worm-000006_455.npy
1,worm-000006_456.npy
1,worm-000006_457.npy
1,worm-000006_458.npy
1,worm-000006_459.npy
2,worm-000006_460.npy
0,worm-000006_461.npy
0,worm-000006_462.npy
4,worm-000006_463.npy
1,worm-000006_464.npy
1,worm-000006_465.npy
1,worm-000007_000.npy
1,worm-000007_001.npy
0,worm-000007_002.npy
1,worm-000007_003.npy
1,worm-000007_004.npy
3,worm-000007_005.npy
1,worm-000007_006.npy
1,worm-000007_007.npy
1,worm-000007_008.npy
1,worm-000007_009.npy
1,worm-000007_010.npy
1,worm-000007_011.npy
1,worm-000007_012.npy
1,worm-000007_013.npy
0,worm-000007_014.npy
1,worm-000007_015.npy
2,worm-000007_016.npy
3,worm-000007_017.npy
2,worm-000007_018.npy
3,worm-000007_019.npy
1,worm-000007_020.npy
1,worm-000007_021.npy
2,worm-000007_022.npy
1,worm-000007_023.npy
1,worm-000007_024.npy
1,worm-000007_026.npy
3,worm-000007_027.npy
4,worm-000007_028.npy
4,worm-000007_030.npy
4,worm-000007_031.npy
4,worm-000007_032.npy
4,worm-000007_033.npy
3,worm-000007_034.npy
1,worm-000007_035.npy
1,worm-000007_036.npy
1,worm-000007_037.npy
1,worm-000007_038.npy
0,worm-000007_039.npy
4,worm-000007_040.npy
4,worm-000007_041.npy
0,worm-000007_042.npy
4,worm-000007_044.npy
0,worm-000007_045.npy
0,worm-000007_046.npy
0,worm-000007_047.npy
3,worm-000007_048.npy
3,worm-000007_049.npy
1,worm-000007_050.npy
4,worm-000007_051.npy
3,worm-000007_052.npy
0,worm-000007_053.npy
4,worm-000007_054.npy
1,worm-000007_055.npy
0,worm-000007_057.npy
1,worm-000007_060.npy
4,worm-000007_061.npy
4,worm-000007_063.npy
4,worm-000007_064.npy
5,worm-000007_065.npy
4,worm-000007_066.npy
4,worm-000007_068.npy
4,worm-000007_069.npy
4,worm-000007_071.npy
4,worm-000007_072.npy
4,worm-000007_073.npy
1,worm-000007_074.npy
1,worm-000007_075.npy
1,worm-000007_076.npy
1,worm-000007_077.npy
1,worm-000007_078.npy
1,worm-000007_079.npy
1,worm-000007_080.npy
1,worm-000007_081.npy
4,worm-000007_082.npy
1,worm-000007_083.npy
1,worm-000007_084.npy
1,worm-000007_085.npy
1,worm-000007_086.npy
1,worm-000007_087.npy
1,worm-000007_088.npy
4,worm-000007_089.npy
1,worm-000007_090.npy
0,worm-000007_091.npy
0,worm-000007_092.npy
1,worm-000007_093.npy
4,worm-000007_094.npy
1,worm-000007_095.npy
4,worm-000007_096.npy
1,worm-000007_097.npy
4,worm-000007_098.npy
4,worm-000007_099.npy
0,worm-000007_100.npy
4,worm-000007_101.npy
4,worm-000007_102.npy
4,worm-000007_104.npy
4,worm-000007_105.npy
4,worm-000007_107.npy
1,worm-000007_108.npy
1,worm-000007_109.npy
1,worm-000007_110.npy
1,worm-000007_111.npy
1,worm-000007_112.npy
1,worm-000007_113.npy
1,worm-000007_114.npy
1,worm-000007_115.npy
4,worm-000007_116.npy
1,worm-000007_117.npy
2,worm-000007_118.npy
1,worm-000007_119.npy
1,worm-000007_120.npy
1,worm-000007_121.npy
2,worm-000007_122.npy
1,worm-000007_123.npy
1,worm-000007_124.npy
1,worm-000007_125.npy
2,worm-000007_127.npy
3,worm-000007_128.npy
1,worm-000007_129.npy
1,worm-000007_130.npy
1,worm-000007_131.npy
2,worm-000007_132.npy
1,worm-000007_133.npy
2,worm-000007_134.npy
3,worm-000007_135.npy
2,worm-000007_136.npy
1,worm-000007_137.npy
1,worm-000007_138.npy
1,worm-000007_139.npy
0,worm-000007_140.npy
1,worm-000007_141.npy
3,worm-000007_143.npy
1,worm-000007_144.npy
0,worm-000007_145.npy
1,worm-000007_146.npy
1,worm-000007_147.npy
0,worm-000007_148.npy
4,worm-000007_149.npy
0,worm-000007_150.npy
3,worm-000007_151.npy
4,worm-000007_153.npy
4,worm-000007_155.npy
4,worm-000007_156.npy
3,worm-000007_157.npy
3,worm-000007_158.npy
4,worm-000007_159.npy
2,worm-000007_161.npy
2,worm-000007_162.npy
3,worm-000007_163.npy
3,worm-000007_164.npy
4,worm-000007_165.npy
4,worm-000007_166.npy
4,worm-000007_167.npy
5,worm-000007_169.npy
4,worm-000007_170.npy
5,worm-000007_171.npy
2,worm-000007_173.npy
3,worm-000007_175.npy
4,worm-000007_176.npy
4,worm-000007_177.npy
1,worm-000007_180.npy
1,worm-000007_181.npy
1,worm-000007_182.npy
1,worm-000007_183.npy
1,worm-000007_184.npy
1,worm-000007_185.npy
1,worm-000007_186.npy
1,worm-000007_187.npy
1,worm-000007_188.npy
1,worm-000007_189.npy
1,worm-000007_190.npy
1,worm-000007_191.npy
4,worm-000007_192.npy
1,worm-000007_193.npy
3,worm-000007_194.npy
0,worm-000007_196.npy
4,worm-000007_198.npy
4,worm-000007_199.npy
4,worm-000007_200.npy
4,worm-000007_203.npy
4,worm-000007_204.npy
4,worm-000007_205.npy
4,worm-000007_206.npy
4,worm-000007_207.npy
4,worm-000007_208.npy
4,worm-000007_210.npy
4,worm-000007_212.npy
4,worm-000007_214.npy
0,worm-000007_217.npy
4,worm-000007_218.npy
4,worm-000007_219.npy
4,worm-000007_220.npy
4,worm-000007_223.npy
1,worm-000007_224.npy
4,worm-000007_225.npy
4,worm-000007_227.npy
1,worm-000007_229.npy
0,worm-000007_230.npy
4,worm-000007_232.npy
4,worm-000007_233.npy
4,worm-000007_234.npy
0,worm-000007_235.npy
1,worm-000007_238.npy
4,worm-000007_239.npy
4,worm-000007_240.npy
4,worm-000007_242.npy
4,worm-000007_243.npy
4,worm-000007_244.npy
4,worm-000007_246.npy
4,worm-000007_247.npy
4,worm-000007_248.npy
1,worm-000007_250.npy
4,worm-000007_251.npy
4,worm-000007_252.npy
4,worm-000007_255.npy
1,worm-000007_256.npy
4,worm-000007_257.npy
1,worm-000007_258.npy
1,worm-000007_259.npy
0,worm-000007_260.npy
1,worm-000007_261.npy
1,worm-000008_000.npy
1,worm-000008_001.npy
1,worm-000008_002.npy
2,worm-000008_003.npy
1,worm-000008_004.npy
1,worm-000008_005.npy
1,worm-000008_006.npy
1,worm-000008_007.npy
3,worm-000008_008.npy
2,worm-000008_009.npy
1,worm-000008_010.npy
1,worm-000008_012.npy
2,worm-000008_013.npy
1,worm-000008_014.npy
1,worm-000008_015.npy
2,worm-000008_016.npy
1,worm-000008_017.npy
3,worm-000008_018.npy
1,worm-000008_019.npy
2,worm-000008_020.npy
1,worm-000008_021.npy
1,worm-000008_022.npy
2,worm-000008_023.npy
1,worm-000008_024.npy
1,worm-000008_025.npy
1,worm-000008_026.npy
1,worm-000008_027.npy
1,worm-000008_028.npy
1,worm-000008_029.npy
3,worm-000008_030.npy
2,worm-000008_031.npy
2,worm-000008_032.npy
2,worm-000008_033.npy
2,worm-000008_034.npy
2,worm-000008_035.npy
1,worm-000008_036.npy
3,worm-000008_037.npy
2,worm-000008_038.npy
1,worm-000008_039.npy
1,worm-000008_040.npy
1,worm-000008_041.npy
1,worm-000008_042.npy
1,worm-000008_043.npy
1,worm-000008_045.npy
1,worm-000008_046.npy
4,worm-000008_047.npy
1,worm-000008_048.npy
4,worm-000008_049.npy
1,worm-000008_050.npy
2,worm-000008_051.npy
1,worm-000008_052.npy
4,worm-000008_053.npy
4,worm-000008_054.npy
1,worm-000008_055.npy
1,worm-000008_056.npy
1,worm-000008_057.npy
3,worm-000008_058.npy
4,worm-000008_059.npy
0,worm-000008_060.npy
3,worm-000008_061.npy
2,worm-000008_063.npy
4,worm-000008_064.npy
3,worm-000008_065.npy
4,worm-000008_066.npy
4,worm-000008_067.npy
4,worm-000008_068.npy
3,worm-000008_070.npy
0,worm-000008_071.npy
3,worm-000008_072.npy
4,worm-000008_074.npy
4,worm-000008_075.npy
4,worm-000008_076.npy
0,worm-000008_077.npy
4,worm-000008_078.npy
4,worm-000008_079.npy
4,worm-000008_080.npy
4,worm-000008_081.npy
4,worm-000008_083.npy
4,worm-000008_084.npy
4,worm-000008_085.npy
4,worm-000008_086.npy
4,worm-000008_087.npy
4,worm-000008_088.npy
4,worm-000008_089.npy
4,worm-000008_091.npy
4,worm-000008_092.npy
4,worm-000008_093.npy
3,worm-000008_094.npy
4,worm-000008_095.npy
4,worm-000008_096.npy
4,worm-000008_098.npy
4,worm-000008_099.npy
5,worm-000008_100.npy
4,worm-000008_101.npy
4,worm-000008_102.npy
4,worm-000008_103.npy
4,worm-000008_104.npy
1,worm-000008_106.npy
2,worm-000008_107.npy
3,worm-000008_108.npy
1,worm-000008_109.npy
1,worm-000008_110.npy
1,worm-000008_111.npy
1,worm-000008_112.npy
1,worm-000008_113.npy
1,worm-000008_114.npy
2,worm-000008_115.npy
1,worm-000008_116.npy
1,worm-000008_117.npy
1,worm-000008_118.npy
1,worm-000008_119.npy
1,worm-000008_120.npy
1,worm-000008_121.npy
1,worm-000008_122.npy
3,worm-000008_123.npy
1,worm-000008_124.npy
2,worm-000008_125.npy
4,worm-000008_126.npy
3,worm-000008_127.npy
3,worm-000008_128.npy
4,worm-000008_129.npy
0,worm-000008_131.npy
1,worm-000008_132.npy
4,worm-000008_133.npy
1,worm-000008_134.npy
1,worm-000008_136.npy
4,worm-000008_137.npy
4,worm-000008_138.npy
0,worm-000008_139.npy
1,worm-000008_140.npy
3,worm-000008_141.npy
4,worm-000008_142.npy
4,worm-000008_143.npy
4,worm-000008_144.npy
4,worm-000008_145.npy
4,worm-000008_146.npy
4,worm-000008_147.npy
4,worm-000008_148.npy
4,worm-000008_149.npy
4,worm-000008_150.npy
4,worm-000008_151.npy
1,worm-000008_152.npy
4,worm-000008_153.npy
4,worm-000008_154.npy
3,worm-000008_155.npy
1,worm-000008_156.npy
4,worm-000008_157.npy
4,worm-000008_158.npy
4,worm-000008_159.npy
4,worm-000008_161.npy
4,worm-000008_162.npy
4,worm-000008_163.npy
4,worm-000008_164.npy
4,worm-000008_166.npy
4,worm-000008_167.npy
4,worm-000008_168.npy
4,worm-000008_169.npy
4,worm-000008_170.npy
1,worm-000008_171.npy
1,worm-000008_172.npy
4,worm-000008_173.npy
4,worm-000008_174.npy
4,worm-000008_175.npy
2,worm-000008_176.npy
5,worm-000008_178.npy
4,worm-000008_180.npy
1,worm-000008_182.npy
3,worm-000008_183.npy
1,worm-000008_184.npy
1,worm-000008_185.npy
1,worm-000008_186.npy
1,worm-000008_187.npy
1,worm-000008_188.npy
1,worm-000008_189.npy
1,worm-000008_190.npy
1,worm-000008_191.npy
1,worm-000008_192.npy
1,worm-000008_193.npy
2,worm-000008_194.npy
1,worm-000008_195.npy
1,worm-000008_196.npy
1,worm-000008_197.npy
1,worm-000008_198.npy
3,worm-000008_199.npy
2,worm-000008_200.npy
1,worm-000008_201.npy
1,worm-000008_202.npy
2,worm-000008_203.npy
1,worm-000008_204.npy
1,worm-000008_205.npy
2,worm-000008_208.npy
2,worm-000008_209.npy
1,worm-000008_210.npy
2,worm-000008_211.npy
2,worm-000008_212.npy
0,worm-000008_213.npy
4,worm-000008_214.npy
4,worm-000008_215.npy
1,worm-000008_216.npy
4,worm-000008_217.npy
3,worm-000008_218.npy
4,worm-000008_219.npy
4,worm-000008_220.npy
4,worm-000008_221.npy
3,worm-000008_222.npy
4,worm-000008_223.npy
4,worm-000008_224.npy
1,worm-000008_225.npy
2,worm-000008_226.npy
4,worm-000008_227.npy
4,worm-000008_228.npy
2,worm-000008_230.npy
4,worm-000008_231.npy
3,worm-000008_235.npy
4,worm-000008_236.npy
4,worm-000008_237.npy
4,worm-000008_238.npy
4,worm-000008_240.npy
4,worm-000008_241.npy
1,worm-000008_242.npy
1,worm-000008_243.npy
1,worm-000008_245.npy
1,worm-000008_246.npy
1,worm-000008_247.npy
1,worm-000008_248.npy
1,worm-000008_249.npy
1,worm-000008_251.npy
4,worm-000008_252.npy
2,worm-000008_253.npy
4,worm-000008_254.npy
1,worm-000008_255.npy
2,worm-000008_256.npy
1,worm-000008_257.npy
1,worm-000008_258.npy
2,worm-000008_259.npy
4,worm-000008_260.npy
4,worm-000008_261.npy
3,worm-000008_263.npy
4,worm-000008_264.npy
4,worm-000008_265.npy
4,worm-000008_266.npy
4,worm-000008_267.npy
4,worm-000008_268.npy
4,worm-000008_270.npy
4,worm-000008_271.npy
4,worm-000008_272.npy
4,worm-000008_273.npy
4,worm-000008_274.npy
2,worm-000008_275.npy
4,worm-000008_277.npy
4,worm-000008_278.npy
4,worm-000008_280.npy
4,worm-000008_281.npy
4,worm-000008_282.npy
4,worm-000008_283.npy
4,worm-000008_284.npy
4,worm-000008_285.npy
4,worm-000008_286.npy
4,worm-000008_287.npy
4,worm-000008_288.npy
4,worm-000008_289.npy
4,worm-000008_290.npy
1,worm-000008_291.npy
4,worm-000008_293.npy
2,worm-000008_294.npy
4,worm-000008_295.npy
4,worm-000008_297.npy
0,worm-000008_298.npy
2,worm-000008_299.npy
4,worm-000008_300.npy
4,worm-000008_301.npy
4,worm-000008_303.npy
2,worm-000008_304.npy
5,worm-000008_305.npy
4,worm-000008_308.npy
4,worm-000008_309.npy
4,worm-000008_313.npy
5,worm-000008_314.npy
4,worm-000008_315.npy
4,worm-000008_316.npy
4,worm-000008_317.npy
5,worm-000008_318.npy
4,worm-000008_319.npy
1,worm-000008_320.npy
1,worm-000008_321.npy
4,worm-000008_322.npy
1,worm-000008_323.npy
1,worm-000009_000.npy
1,worm-000009_001.npy
1,worm-000009_002.npy
1,worm-000009_003.npy
1,worm-000009_004.npy
2,worm-000009_005.npy
1,worm-000009_006.npy
1,worm-000009_007.npy
1,worm-000009_008.npy
1,worm-000009_009.npy
2,worm-000009_010.npy
1,worm-000009_011.npy
2,worm-000009_012.npy
1,worm-000009_013.npy
1,worm-000009_014.npy
1,worm-000009_015.npy
2,worm-000009_017.npy
1,worm-000009_018.npy
2,worm-000009_019.npy
2,worm-000009_020.npy
1,worm-000009_021.npy
1,worm-000009_023.npy
1,worm-000009_024.npy
2,worm-000009_025.npy
2,worm-000009_026.npy
1,worm-000009_027.npy
1,worm-000009_028.npy
1,worm-000009_029.npy
1,worm-000009_030.npy
2,worm-000009_031.npy
1,worm-000009_032.npy
1,worm-000009_033.npy
2,worm-000009_034.npy
2,worm-000009_035.npy
1,worm-000009_036.npy
1,worm-000009_037.npy
1,worm-000009_038.npy
2,worm-000009_039.npy
1,worm-000009_040.npy
1,worm-000009_041.npy
1,worm-000009_042.npy
1,worm-000009_043.npy
1,worm-000009_044.npy
1,worm-000009_045.npy
1,worm-000009_046.npy
3,worm-000009_047.npy
2,worm-000009_048.npy
3,worm-000009_049.npy
1,worm-000009_050.npy
1,worm-000009_051.npy
2,worm-000009_052.npy
1,worm-000009_053.npy
2,worm-000009_054.npy
1,worm-000009_055.npy
1,worm-000009_056.npy
1,worm-000009_057.npy
3,worm-000009_058.npy
0,worm-000009_059.npy
2,worm-000009_060.npy
1,worm-000009_061.npy
2,worm-000009_062.npy
1,worm-000009_063.npy
1,worm-000009_065.npy
1,worm-000009_066.npy
1,worm-000009_067.npy
2,worm-000009_068.npy
1,worm-000009_069.npy
3,worm-000009_070.npy
1,worm-000009_071.npy
4,worm-000009_072.npy
1,worm-000009_073.npy
0,worm-000009_074.npy
2,worm-000009_075.npy
0,worm-000009_076.npy
0,worm-000009_077.npy
4,worm-000009_078.npy
2,worm-000009_079.npy
0,worm-000009_080.npy
0,worm-000009_081.npy
4,worm-000009_082.npy
4,worm-000009_083.npy
1,worm-000009_084.npy
4,worm-000009_085.npy
4,worm-000009_086.npy
1,worm-000009_087.npy
4,worm-000009_088.npy
0,worm-000009_089.npy
4,worm-000009_090.npy
5,worm-000009_091.npy
4,worm-000009_092.npy
4,worm-000009_093.npy
0,worm-000009_094.npy
4,worm-000009_095.npy
4,worm-000009_096.npy
4,worm-000009_097.npy
4,worm-000009_099.npy
4,worm-000009_100.npy
4,worm-000009_101.npy
4,worm-000009_102.npy
4,worm-000009_103.npy
4,worm-000009_104.npy
4,worm-000009_105.npy
4,worm-000009_106.npy
4,worm-000009_107.npy
4,worm-000009_108.npy
5,worm-000009_109.npy
4,worm-000009_110.npy
4,worm-000009_111.npy
4,worm-000009_114.npy
4,worm-000009_115.npy
4,worm-000009_116.npy
4,worm-000009_117.npy
4,worm-000009_118.npy
4,worm-000009_119.npy
4,worm-000009_120.npy
4,worm-000009_122.npy
4,worm-000009_123.npy
4,worm-000009_124.npy
3,worm-000009_126.npy
1,worm-000009_127.npy
1,worm-000009_128.npy
1,worm-000009_129.npy
1,worm-000009_130.npy
2,worm-000009_131.npy
1,worm-000009_132.npy
1,worm-000009_133.npy
1,worm-000009_134.npy
2,worm-000009_135.npy
1,worm-000009_136.npy
1,worm-000009_137.npy
1,worm-000009_138.npy
2,worm-000009_139.npy
2,worm-000009_140.npy
1,worm-000009_141.npy
1,worm-000009_142.npy
1,worm-000009_143.npy
1,worm-000009_144.npy
2,worm-000009_145.npy
2,worm-000009_146.npy
1,worm-000009_147.npy
1,worm-000009_148.npy
1,worm-000009_149.npy
1,worm-000009_150.npy
1,worm-000009_151.npy
1,worm-000009_152.npy
1,worm-000009_153.npy
1,worm-000009_154.npy
1,worm-000009_155.npy
3,worm-000009_156.npy
2,worm-000009_157.npy
0,worm-000009_158.npy
2,worm-000009_159.npy
4,worm-000009_160.npy
4,worm-000009_161.npy
4,worm-000009_162.npy
4,worm-000009_163.npy
4,worm-000009_164.npy
1,worm-000009_165.npy
1,worm-000009_166.npy
4,worm-000009_167.npy
0,worm-000009_168.npy
4,worm-000009_169.npy
4,worm-000009_170.npy
4,worm-000009_171.npy
2,worm-000009_172.npy
4,worm-000009_173.npy
4,worm-000009_174.npy
4,worm-000009_175.npy
4,worm-000009_176.npy
4,worm-000009_177.npy
0,worm-000009_178.npy
4,worm-000009_179.npy
4,worm-000009_181.npy
4,worm-000009_184.npy
4,worm-000009_185.npy
4,worm-000009_186.npy
4,worm-000009_187.npy
4,worm-000009_188.npy
4,worm-000009_189.npy
4,worm-000009_190.npy
4,worm-000009_191.npy
4,worm-000009_192.npy
1,worm-000009_195.npy
4,worm-000009_196.npy
4,worm-000009_197.npy
4,worm-000009_198.npy
4,worm-000009_200.npy
5,worm-000009_202.npy
4,worm-000009_203.npy
4,worm-000009_205.npy
4,worm-000009_206.npy
4,worm-000009_207.npy
4,worm-000009_209.npy
4,worm-000009_210.npy
5,worm-000009_211.npy
1,worm-000009_212.npy
1,worm-000009_213.npy
1,worm-000009_214.npy
2,worm-000009_215.npy
2,worm-000009_216.npy
1,worm-000009_217.npy
2,worm-000009_218.npy
1,worm-000009_219.npy
2,worm-000009_220.npy
0,worm-000009_221.npy
1,worm-000009_222.npy
1,worm-000009_223.npy
2,worm-000009_224.npy
1,worm-000009_225.npy
2,worm-000009_226.npy
1,worm-000009_227.npy
2,worm-000009_228.npy
1,worm-000009_229.npy
0,worm-000009_230.npy
2,worm-000009_232.npy
2,worm-000009_233.npy
2,worm-000009_234.npy
2,worm-000009_235.npy
3,worm-000009_236.npy
3,worm-000009_237.npy
2,worm-000009_238.npy
2,worm-000009_239.npy
1,worm-000009_240.npy
1,worm-000009_241.npy
0,worm-000009_242.npy
1,worm-000009_244.npy
4,worm-000009_245.npy
2,worm-000009_248.npy
3,worm-000009_249.npy
0,worm-000009_250.npy
1,worm-000009_251.npy
3,worm-000009_252.npy
2,worm-000009_253.npy
2,worm-000009_254.npy
5,worm-000009_255.npy
4,worm-000009_257.npy
4,worm-000009_258.npy
4,worm-000009_259.npy
4,worm-000009_260.npy
4,worm-000009_261.npy
4,worm-000009_263.npy
4,worm-000009_264.npy
4,worm-000009_265.npy
1,worm-000009_266.npy
1,worm-000009_268.npy
2,worm-000009_269.npy
2,worm-000009_270.npy
1,worm-000009_271.npy
1,worm-000009_272.npy
1,worm-000009_273.npy
2,worm-000009_274.npy
2,worm-000009_275.npy
1,worm-000009_276.npy
0,worm-000009_277.npy
3,worm-000009_278.npy
3,worm-000009_279.npy
2,worm-000009_280.npy
2,worm-000009_281.npy
1,worm-000009_282.npy
1,worm-000009_283.npy
1,worm-000009_284.npy
1,worm-000009_285.npy
2,worm-000009_286.npy
1,worm-000009_287.npy
1,worm-000009_288.npy
4,worm-000009_289.npy
2,worm-000009_290.npy
4,worm-000009_291.npy
2,worm-000003_259.npy
1,worm-000005_397.npy
6,worm-000005_403.npy
2,worm-000009_292.npy
2,worm-000009_293.npy
4,worm-000009_294.npy
4,worm-000009_295.npy
4,worm-000009_296.npy
2,worm-000009_297.npy
2,worm-000009_298.npy
4,worm-000009_299.npy
4,worm-000009_300.npy
4,worm-000009_301.npy
3,worm-000009_302.npy
4,worm-000009_303.npy
4,worm-000009_304.npy
4,worm-000009_305.npy
1,worm-000009_306.npy
2,worm-000009_308.npy
5,worm-000009_309.npy
2,worm-000009_310.npy
1,worm-000009_312.npy
1,worm-000009_314.npy
4,worm-000009_315.npy
4,worm-000009_316.npy
4,worm-000009_317.npy
4,worm-000009_320.npy
4,worm-000009_323.npy
4,worm-000009_325.npy
4,worm-000009_326.npy
4,worm-000009_329.npy
5,worm-000009_331.npy
4,worm-000009_335.npy
4,worm-000009_337.npy
4,worm-000009_341.npy
4,worm-000009_342.npy
4,worm-000009_345.npy
4,worm-000009_346.npy
4,worm-000009_351.npy
5,worm-000009_354.npy
4,worm-000009_356.npy
4,worm-000009_357.npy
4,worm-000009_359.npy
1,worm-000009_360.npy
4,worm-000009_362.npy
4,worm-000009_363.npy
4,worm-000009_364.npy
4,worm-000009_365.npy
2,worm-000009_366.npy
1,worm-000009_367.npy
4,worm-000009_368.npy
1,worm-000009_369.npy
1,worm-000009_370.npy
1,worm-000010_000.npy
1,worm-000010_001.npy
1,worm-000010_002.npy
1,worm-000010_003.npy
2,worm-000010_004.npy
1,worm-000010_005.npy
1,worm-000010_006.npy
1,worm-000010_007.npy
1,worm-000010_008.npy
1,worm-000010_009.npy
1,worm-000010_010.npy
1,worm-000010_011.npy
1,worm-000010_012.npy
1,worm-000010_013.npy
1,worm-000010_014.npy
1,worm-000010_015.npy
1,worm-000010_016.npy
1,worm-000010_017.npy
1,worm-000010_018.npy
1,worm-000010_019.npy
1,worm-000010_020.npy
1,worm-000010_021.npy
1,worm-000010_022.npy
5,worm-000010_023.npy
2,worm-000010_024.npy
1,worm-000010_025.npy
1,worm-000010_026.npy
1,worm-000010_027.npy
1,worm-000010_028.npy
1,worm-000010_029.npy
1,worm-000010_030.npy
1,worm-000010_031.npy
1,worm-000010_032.npy
1,worm-000010_033.npy
1,worm-000010_034.npy
2,worm-000010_035.npy
1,worm-000010_036.npy
1,worm-000010_037.npy
1,worm-000010_038.npy
1,worm-000010_039.npy
1,worm-000010_040.npy
1,worm-000010_041.npy
6,worm-000010_042.npy
1,worm-000010_043.npy
0,worm-000010_044.npy
1,worm-000010_045.npy
1,worm-000010_046.npy
1,worm-000010_047.npy
1,worm-000010_048.npy
1,worm-000010_049.npy
1,worm-000010_050.npy
1,worm-000010_051.npy
1,worm-000010_052.npy
1,worm-000010_053.npy
1,worm-000010_054.npy
1,worm-000010_055.npy
1,worm-000010_056.npy
1,worm-000010_057.npy
0,worm-000010_058.npy
1,worm-000010_059.npy
1,worm-000010_060.npy
1,worm-000010_061.npy
0,worm-000010_062.npy
0,worm-000010_063.npy
1,worm-000010_065.npy
4,worm-000010_066.npy
5,worm-000010_068.npy
0,worm-000010_069.npy
0,worm-000010_070.npy
0,worm-000010_071.npy
1,worm-000010_073.npy
4,worm-000010_074.npy
0,worm-000010_076.npy
0,worm-000010_077.npy
5,worm-000010_078.npy
0,worm-000010_079.npy
0,worm-000010_080.npy
4,worm-000010_081.npy
4,worm-000010_082.npy
4,worm-000010_083.npy
4,worm-000010_084.npy
4,worm-000010_085.npy
0,worm-000010_086.npy
1,worm-000010_087.npy
0,worm-000010_088.npy
0,worm-000010_089.npy
1,worm-000010_090.npy
5,worm-000010_091.npy
1,worm-000010_092.npy
4,worm-000010_093.npy
1,worm-000010_094.npy
4,worm-000010_095.npy
1,worm-000010_097.npy
4,worm-000010_099.npy
1,worm-000010_100.npy
1,worm-000010_101.npy
1,worm-000010_102.npy
1,worm-000010_103.npy
1,worm-000010_104.npy
1,worm-000010_105.npy
1,worm-000010_106.npy
1,worm-000010_107.npy
1,worm-000010_108.npy
1,worm-000010_109.npy
1,worm-000010_110.npy
1,worm-000010_111.npy
1,worm-000010_112.npy
1,worm-000010_113.npy
1,worm-000010_114.npy
1,worm-000010_115.npy
1,worm-000010_116.npy
2,worm-000010_117.npy
1,worm-000010_118.npy
2,worm-000010_119.npy
1,worm-000010_120.npy
1,worm-000010_121.npy
1,worm-000010_122.npy
1,worm-000010_123.npy
1,worm-000010_124.npy
1,worm-000010_125.npy
1,worm-000010_126.npy
1,worm-000010_127.npy
1,worm-000010_128.npy
1,worm-000010_129.npy
1,worm-000010_130.npy
1,worm-000010_131.npy
0,worm-000010_132.npy
0,worm-000010_133.npy
0,worm-000010_134.npy
1,worm-000010_135.npy
1,worm-000010_136.npy
1,worm-000010_137.npy
1,worm-000010_138.npy
1,worm-000010_140.npy
1,worm-000010_141.npy
1,worm-000010_142.npy
2,worm-000010_143.npy
1,worm-000010_144.npy
0,worm-000010_145.npy
1,worm-000010_146.npy
1,worm-000010_147.npy
1,worm-000010_148.npy
1,worm-000010_149.npy
1,worm-000010_150.npy
1,worm-000010_151.npy
1,worm-000010_152.npy
1,worm-000010_153.npy
1,worm-000010_154.npy
1,worm-000010_155.npy
0,worm-000010_156.npy
1,worm-000010_157.npy
1,worm-000010_158.npy
1,worm-000010_159.npy
1,worm-000010_160.npy
1,worm-000010_161.npy
1,worm-000010_162.npy
1,worm-000010_163.npy
1,worm-000010_164.npy
1,worm-000010_165.npy
1,worm-000010_166.npy
1,worm-000010_167.npy
1,worm-000010_168.npy
1,worm-000010_170.npy
1,worm-000010_173.npy
1,worm-000010_174.npy
1,worm-000010_175.npy
0,worm-000010_176.npy
2,worm-000010_177.npy
4,worm-000010_178.npy
4,worm-000010_179.npy
0,worm-000010_181.npy
1,worm-000010_182.npy
1,worm-000010_183.npy
2,worm-000010_185.npy
1,worm-000010_186.npy
1,worm-000010_187.npy
1,worm-000010_188.npy
1,worm-000010_189.npy
1,worm-000010_190.npy
4,worm-000010_191.npy
1,worm-000010_192.npy
0,worm-000010_193.npy
4,worm-000010_194.npy
5,worm-000010_195.npy
1,worm-000010_196.npy
5,worm-000010_199.npy
3,worm-000010_200.npy
1,worm-000010_201.npy
4,worm-000010_203.npy
5,worm-000010_205.npy
4,worm-000010_206.npy
4,worm-000010_207.npy
4,worm-000010_209.npy
1,worm-000010_211.npy
1,worm-000010_214.npy
4,worm-000010_215.npy
4,worm-000010_216.npy
1,worm-000010_218.npy
4,worm-000010_219.npy
4,worm-000010_220.npy
4,worm-000010_222.npy
1,worm-000010_223.npy
1,worm-000010_224.npy
1,worm-000010_225.npy
4,worm-000010_226.npy
1,worm-000010_227.npy
1,worm-000010_228.npy
4,worm-000010_229.npy
1,worm-000010_230.npy
1,worm-000010_231.npy
1,worm-000010_232.npy
1,worm-000010_233.npy
1,worm-000010_234.npy
1,worm-000010_235.npy
2,worm-000010_236.npy
1,worm-000010_237.npy
1,worm-000010_238.npy
1,worm-000010_239.npy
1,worm-000010_240.npy
1,worm-000010_241.npy
2,worm-000010_242.npy
1,worm-000010_243.npy
1,worm-000010_244.npy
1,worm-000010_245.npy
1,worm-000010_246.npy
1,worm-000010_247.npy
1,worm-000010_248.npy
1,worm-000010_249.npy
1,worm-000010_250.npy
1,worm-000010_251.npy
1,worm-000010_252.npy
1,worm-000010_253.npy
1,worm-000010_254.npy
1,worm-000010_255.npy
1,worm-000010_256.npy
1,worm-000010_257.npy
1,worm-000010_258.npy
1,worm-000010_259.npy
1,worm-000010_260.npy
1,worm-000010_261.npy
1,worm-000010_263.npy
1,worm-000010_265.npy
2,worm-000010_266.npy
1,worm-000010_267.npy
1,worm-000010_268.npy
1,worm-000010_269.npy
1,worm-000010_270.npy
4,worm-000010_271.npy
1,worm-000010_272.npy
1,worm-000010_273.npy
4,worm-000010_274.npy
2,worm-000010_275.npy
5,worm-000010_276.npy
1,worm-000010_277.npy
1,worm-000010_278.npy
5,worm-000010_279.npy
5,worm-000010_280.npy
1,worm-000010_281.npy
4,worm-000010_282.npy
3,worm-000010_283.npy
1,worm-000010_284.npy
4,worm-000010_285.npy
1,worm-000010_286.npy
2,worm-000010_288.npy
1,worm-000010_289.npy
1,worm-000010_290.npy
4,worm-000010_291.npy
4,worm-000010_292.npy
4,worm-000010_293.npy
3,worm-000010_294.npy
4,worm-000010_295.npy
4,worm-000010_296.npy
1,worm-000010_297.npy
4,worm-000010_298.npy
3,worm-000010_301.npy
4,worm-000010_303.npy
4,worm-000010_304.npy
4,worm-000010_306.npy
3,worm-000010_310.npy
5,worm-000010_312.npy
5,worm-000010_313.npy
4,worm-000010_314.npy
4,worm-000010_315.npy
4,worm-000010_316.npy
1,worm-000010_317.npy
4,worm-000010_318.npy
1,worm-000010_319.npy
1,worm-000010_320.npy
1,worm-000010_321.npy
1,worm-000010_322.npy
1,worm-000010_323.npy
1,worm-000010_324.npy
1,worm-000010_325.npy
1,worm-000010_326.npy
1,worm-000010_327.npy
1,worm-000010_328.npy
1,worm-000010_329.npy
1,worm-000010_330.npy
2,worm-000010_331.npy
1,worm-000010_332.npy
1,worm-000010_333.npy
1,worm-000010_334.npy
1,worm-000010_335.npy
2,worm-000010_336.npy
3,worm-000010_337.npy
1,worm-000010_338.npy
1,worm-000010_339.npy
1,worm-000010_340.npy
4,worm-000010_341.npy
4,worm-000010_342.npy
4,worm-000010_343.npy
1,worm-000010_344.npy
1,worm-000010_345.npy
1,worm-000010_346.npy
1,worm-000010_347.npy
4,worm-000010_349.npy
4,worm-000010_350.npy
1,worm-000010_351.npy
4,worm-000010_352.npy
4,worm-000010_355.npy
4,worm-000010_356.npy
4,worm-000010_359.npy
4,worm-000010_360.npy
1,worm-000010_361.npy
5,worm-000010_363.npy
4,worm-000010_364.npy
4,worm-000010_365.npy
4,worm-000010_368.npy
1,worm-000010_369.npy
1,worm-000010_370.npy
4,worm-000010_373.npy
1,worm-000010_376.npy
0,worm-000010_377.npy
1,worm-000010_379.npy
4,worm-000010_380.npy
4,worm-000010_382.npy
4,worm-000010_383.npy
4,worm-000010_386.npy
4,worm-000010_387.npy
4,worm-000010_388.npy
4,worm-000010_389.npy
4,worm-000010_391.npy
4,worm-000010_393.npy
4,worm-000010_394.npy
1,worm-000010_395.npy
4,worm-000010_396.npy
4,worm-000010_397.npy
4,worm-000010_398.npy
4,worm-000010_399.npy
1,worm-000010_400.npy
5,worm-000010_401.npy
4,worm-000010_402.npy
4,worm-000010_403.npy
4,worm-000010_406.npy
4,worm-000010_407.npy
4,worm-000010_408.npy
4,worm-000010_409.npy
5,worm-000010_410.npy
1,worm-000010_411.npy
1,worm-000011_000.npy
3,worm-000011_001.npy
1,worm-000011_002.npy
1,worm-000011_003.npy
1,worm-000011_004.npy
1,worm-000011_005.npy
1,worm-000011_006.npy
1,worm-000011_007.npy
1,worm-000011_008.npy
2,worm-000011_009.npy
2,worm-000011_010.npy
1,worm-000011_011.npy
1,worm-000011_012.npy
1,worm-000011_013.npy
1,worm-000011_014.npy
1,worm-000011_015.npy
1,worm-000011_016.npy
3,worm-000011_017.npy
1,worm-000011_018.npy
1,worm-000011_019.npy
2,worm-000011_020.npy
1,worm-000011_021.npy
2,worm-000011_022.npy
1,worm-000011_023.npy
1,worm-000011_024.npy
1,worm-000011_025.npy
1,worm-000011_026.npy
1,worm-000011_027.npy
1,worm-000011_028.npy
1,worm-000011_029.npy
1,worm-000011_030.npy
1,worm-000011_031.npy
1,worm-000011_032.npy
1,worm-000011_033.npy
1,worm-000011_034.npy
1,worm-000011_035.npy
1,worm-000011_036.npy
1,worm-000011_037.npy
1,worm-000011_038.npy
2,worm-000011_039.npy
1,worm-000011_040.npy
1,worm-000011_041.npy
1,worm-000011_042.npy
1,worm-000011_043.npy
1,worm-000011_044.npy
2,worm-000011_045.npy
1,worm-000011_046.npy
1,worm-000011_047.npy
1,worm-000011_048.npy
4,worm-000011_049.npy
1,worm-000011_051.npy
1,worm-000011_052.npy
1,worm-000011_053.npy
1,worm-000011_054.npy
1,worm-000011_055.npy
1,worm-000011_056.npy
1,worm-000011_058.npy
1,worm-000011_059.npy
2,worm-000011_060.npy
2,worm-000011_061.npy
1,worm-000011_062.npy
1,worm-000011_064.npy
6,worm-000011_065.npy
0,worm-000011_066.npy
4,worm-000011_067.npy
5,worm-000011_068.npy
1,worm-000011_069.npy
1,worm-000011_070.npy
1,worm-000011_071.npy
1,worm-000011_072.npy
1,worm-000011_073.npy
0,worm-000011_074.npy
1,worm-000011_076.npy
0,worm-000011_078.npy
4,worm-000011_079.npy
2,worm-000011_080.npy
0,worm-000011_081.npy
5,worm-000011_082.npy
3,worm-000011_083.npy
2,worm-000011_084.npy
0,worm-000011_085.npy
0,worm-000011_086.npy
1,worm-000011_087.npy
1,worm-000011_088.npy
5,worm-000011_089.npy
3,worm-000011_090.npy
4,worm-000011_091.npy
4,worm-000011_092.npy
1,worm-000011_093.npy
4,worm-000011_094.npy
1,worm-000011_095.npy
2,worm-000011_096.npy
3,worm-000011_097.npy
0,worm-000011_098.npy
4,worm-000011_099.npy
5,worm-000011_100.npy
4,worm-000011_101.npy
3,worm-000011_102.npy
0,worm-000011_103.npy
4,worm-000011_104.npy
4,worm-000011_107.npy
2,worm-000011_108.npy
2,worm-000011_109.npy
4,worm-000011_111.npy
4,worm-000011_112.npy
3,worm-000011_113.npy
4,worm-000011_115.npy
4,worm-000011_117.npy
4,worm-000011_119.npy
0,worm-000011_120.npy
4,worm-000011_121.npy
4,worm-000011_122.npy
4,worm-000011_123.npy
4,worm-000011_124.npy
4,worm-000011_125.npy
1,worm-000011_127.npy
1,worm-000011_129.npy
4,worm-000011_130.npy
5,worm-000011_131.npy
4,worm-000011_133.npy
0,worm-000011_134.npy
1,worm-000011_135.npy
1,worm-000011_136.npy
1,worm-000011_137.npy
1,worm-000011_138.npy
1,worm-000011_139.npy
1,worm-000011_140.npy
1,worm-000011_141.npy
1,worm-000011_142.npy
1,worm-000011_143.npy
4,worm-000011_144.npy
1,worm-000011_145.npy
1,worm-000011_146.npy
4,worm-000011_147.npy
1,worm-000011_148.npy
4,worm-000011_149.npy
4,worm-000011_150.npy
4,worm-000011_151.npy
4,worm-000011_152.npy
4,worm-000011_153.npy
4,worm-000011_155.npy
4,worm-000011_156.npy
4,worm-000011_157.npy
4,worm-000011_158.npy
4,worm-000011_159.npy
4,worm-000011_160.npy
4,worm-000011_161.npy
4,worm-000011_163.npy
4,worm-000011_164.npy
4,worm-000011_165.npy
0,worm-000011_166.npy
4,worm-000011_167.npy
4,worm-000011_168.npy
4,worm-000011_169.npy
4,worm-000011_170.npy
4,worm-000011_171.npy
1,worm-000011_174.npy
0,worm-000011_175.npy
1,worm-000011_176.npy
1,worm-000011_177.npy
1,worm-000011_178.npy
1,worm-000011_179.npy
1,worm-000011_180.npy
1,worm-000011_181.npy
1,worm-000011_182.npy
1,worm-000011_184.npy
1,worm-000011_185.npy
1,worm-000011_186.npy
1,worm-000011_187.npy
1,worm-000011_188.npy
1,worm-000011_189.npy
1,worm-000011_190.npy
1,worm-000011_191.npy
4,worm-000011_192.npy
1,worm-000011_194.npy
1,worm-000011_195.npy
1,worm-000011_196.npy
1,worm-000011_197.npy
0,worm-000011_198.npy
5,worm-000011_199.npy
4,worm-000011_200.npy
4,worm-000011_201.npy
0,worm-000011_202.npy
1,worm-000011_204.npy
0,worm-000011_205.npy
1,worm-000011_207.npy
5,worm-000011_208.npy
2,worm-000011_210.npy
4,worm-000011_212.npy
4,worm-000011_214.npy
4,worm-000011_216.npy
4,worm-000011_219.npy
4,worm-000011_222.npy
4,worm-000011_223.npy
4,worm-000011_224.npy
4,worm-000011_225.npy
5,worm-000011_227.npy
4,worm-000011_228.npy
5,worm-000011_229.npy
4,worm-000011_230.npy
4,worm-000011_231.npy
4,worm-000011_232.npy
1,worm-000011_233.npy
1,worm-000011_234.npy
1,worm-000011_235.npy
4,worm-000011_236.npy
4,worm-000011_238.npy
4,worm-000011_240.npy
4,worm-000011_241.npy
5,worm-000011_244.npy
0,worm-000011_245.npy
0,worm-000011_247.npy
4,worm-000011_249.npy
4,worm-000011_250.npy
4,worm-000011_253.npy
2,worm-000011_254.npy
4,worm-000011_255.npy
4,worm-000011_256.npy
5,worm-000011_257.npy
4,worm-000011_258.npy
4,worm-000011_260.npy
4,worm-000011_261.npy
4,worm-000011_263.npy
4,worm-000011_264.npy
4,worm-000011_265.npy
4,worm-000011_267.npy
4,worm-000011_268.npy
0,worm-000011_269.npy
4,worm-000011_271.npy
5,worm-000011_272.npy
2,worm-000011_274.npy
0,worm-000011_275.npy
1,worm-000012_000.npy
4,worm-000012_001.npy
1,worm-000012_002.npy
2,worm-000012_003.npy
1,worm-000012_004.npy
1,worm-000012_005.npy
3,worm-000012_006.npy
1,worm-000012_007.npy
1,worm-000012_008.npy
1,worm-000012_009.npy
2,worm-000012_010.npy
1,worm-000012_011.npy
1,worm-000012_012.npy
1,worm-000012_013.npy
1,worm-000012_014.npy
1,worm-000012_015.npy
1,worm-000012_016.npy
1,worm-000012_017.npy
1,worm-000012_018.npy
1,worm-000012_019.npy
2,worm-000012_020.npy
1,worm-000012_021.npy
2,worm-000012_022.npy
1,worm-000012_023.npy
1,worm-000012_024.npy
1,worm-000012_025.npy
1,worm-000012_026.npy
2,worm-000012_027.npy
1,worm-000012_028.npy
1,worm-000012_029.npy
1,worm-000012_030.npy
2,worm-000012_031.npy
0,worm-000012_032.npy
4,worm-000012_033.npy
1,worm-000012_034.npy
1,worm-000012_035.npy
1,worm-000012_037.npy
1,worm-000012_039.npy
1,worm-000012_040.npy
6,worm-000012_041.npy
4,worm-000012_042.npy
4,worm-000012_043.npy
4,worm-000012_044.npy
3,worm-000012_045.npy
0,worm-000012_046.npy
4,worm-000012_047.npy
4,worm-000012_048.npy
1,worm-000012_049.npy
4,worm-000012_050.npy
3,worm-000012_051.npy
3,worm-000012_052.npy
2,worm-000012_053.npy
4,worm-000012_054.npy
4,worm-000012_055.npy
4,worm-000012_056.npy
4,worm-000012_057.npy
4,worm-000012_058.npy
4,worm-000012_059.npy
1,worm-000012_060.npy
4,worm-000012_061.npy
4,worm-000012_062.npy
4,worm-000012_063.npy
0,worm-000012_065.npy
4,worm-000012_066.npy
4,worm-000012_067.npy
4,worm-000012_068.npy
4,worm-000012_070.npy
4,worm-000012_071.npy
4,worm-000012_074.npy
4,worm-000012_075.npy
4,worm-000012_076.npy
4,worm-000012_077.npy
4,worm-000012_079.npy
4,worm-000012_080.npy
4,worm-000012_081.npy
4,worm-000012_082.npy
4,worm-000012_083.npy
4,worm-000012_085.npy
4,worm-000012_086.npy
1,worm-000012_088.npy
1,worm-000012_089.npy
1,worm-000012_090.npy
1,worm-000012_093.npy
1,worm-000012_094.npy
2,worm-000012_095.npy
1,worm-000012_096.npy
1,worm-000012_097.npy
1,worm-000012_098.npy
1,worm-000012_099.npy
4,worm-000012_100.npy
1,worm-000012_101.npy
4,worm-000012_102.npy
1,worm-000012_103.npy
4,worm-000012_104.npy
4,worm-000012_105.npy
4,worm-000012_106.npy
4,worm-000012_107.npy
1,worm-000012_108.npy
1,worm-000012_110.npy
4,worm-000012_111.npy
4,worm-000012_112.npy
1,worm-000012_113.npy
4,worm-000012_114.npy
4,worm-000012_115.npy
4,worm-000012_116.npy
4,worm-000012_117.npy
4,worm-000012_118.npy
5,worm-000012_119.npy
4,worm-000012_120.npy
4,worm-000012_121.npy
4,worm-000012_122.npy
4,worm-000012_123.npy
4,worm-000012_124.npy
4,worm-000012_125.npy
4,worm-000012_126.npy
4,worm-000012_127.npy
4,worm-000012_130.npy
4,worm-000012_132.npy
2,worm-000012_133.npy
4,worm-000012_134.npy
4,worm-000012_135.npy
4,worm-000012_136.npy
4,worm-000012_138.npy
4,worm-000012_139.npy
4,worm-000012_140.npy
4,worm-000012_141.npy
5,worm-000012_142.npy
4,worm-000012_143.npy
4,worm-000012_144.npy
2,worm-000012_145.npy
1,worm-000012_146.npy
1,worm-000012_147.npy
1,worm-000012_148.npy
1,worm-000012_149.npy
1,worm-000012_150.npy
1,worm-000012_151.npy
1,worm-000012_152.npy
1,worm-000012_153.npy
1,worm-000012_154.npy
1,worm-000012_155.npy
1,worm-000012_156.npy
1,worm-000012_157.npy
1,worm-000012_158.npy
2,worm-000012_159.npy
1,worm-000012_160.npy
2,worm-000012_161.npy
1,worm-000012_162.npy
1,worm-000012_163.npy
1,worm-000012_164.npy
1,worm-000012_165.npy
1,worm-000012_166.npy
1,worm-000012_167.npy
1,worm-000012_168.npy
1,worm-000012_169.npy
1,worm-000012_170.npy
0,worm-000012_171.npy
2,worm-000012_172.npy
1,worm-000012_173.npy
3,worm-000012_174.npy
1,worm-000012_176.npy
1,worm-000012_177.npy
1,worm-000012_178.npy
1,worm-000012_179.npy
1,worm-000012_180.npy
1,worm-000012_181.npy
1,worm-000012_182.npy
4,worm-000012_183.npy
4,worm-000012_184.npy
1,worm-000012_185.npy
4,worm-000012_186.npy
4,worm-000012_187.npy
1,worm-000012_188.npy
4,worm-000012_189.npy
1,worm-000012_190.npy
6,worm-000012_191.npy
4,worm-000012_192.npy
5,worm-000012_193.npy
4,worm-000012_194.npy
4,worm-000012_195.npy
4,worm-000012_196.npy
3,worm-000012_197.npy
4,worm-000012_198.npy
4,worm-000012_199.npy
0,worm-000012_200.npy
4,worm-000012_201.npy
1,worm-000012_204.npy
4,worm-000012_205.npy
3,worm-000012_206.npy
4,worm-000012_208.npy
4,worm-000012_209.npy
4,worm-000012_210.npy
1,worm-000012_211.npy
4,worm-000012_212.npy
5,worm-000012_213.npy
1,worm-000012_214.npy
1,worm-000012_215.npy
1,worm-000012_216.npy
1,worm-000012_217.npy
1,worm-000012_218.npy
1,worm-000012_219.npy
2,worm-000012_220.npy
1,worm-000012_221.npy
1,worm-000012_222.npy
1,worm-000012_223.npy
1,worm-000012_224.npy
1,worm-000012_225.npy
1,worm-000012_226.npy
4,worm-000012_227.npy
1,worm-000012_228.npy
1,worm-000012_229.npy
1,worm-000012_230.npy
2,worm-000012_231.npy
4,worm-000012_232.npy
1,worm-000012_233.npy
4,worm-000012_234.npy
4,worm-000012_235.npy
4,worm-000012_236.npy
4,worm-000012_237.npy
1,worm-000012_238.npy
1,worm-000012_239.npy
4,worm-000012_240.npy
1,worm-000012_241.npy
4,worm-000012_244.npy
1,worm-000012_245.npy
4,worm-000012_246.npy
4,worm-000012_248.npy
4,worm-000012_249.npy
4,worm-000012_250.npy
4,worm-000012_251.npy
4,worm-000012_252.npy
4,worm-000012_253.npy
4,worm-000012_254.npy
3,worm-000012_255.npy
4,worm-000012_256.npy
4,worm-000012_257.npy
1,worm-000012_258.npy
4,worm-000012_259.npy
4,worm-000012_260.npy
4,worm-000012_261.npy
4,worm-000012_262.npy
4,worm-000012_263.npy
4,worm-000012_264.npy
1,worm-000012_267.npy
1,worm-000012_268.npy
1,worm-000012_269.npy
1,worm-000012_270.npy
4,worm-000012_271.npy
1,worm-000012_272.npy
4,worm-000012_275.npy
1,worm-000012_279.npy
4,worm-000012_281.npy
4,worm-000012_282.npy
4,worm-000012_283.npy
4,worm-000012_285.npy
4,worm-000012_286.npy
4,worm-000012_288.npy
4,worm-000012_290.npy
4,worm-000012_291.npy
4,worm-000012_292.npy
4,worm-000012_293.npy
1,worm-000012_294.npy
1,worm-000012_295.npy
3,worm-000013_000.npy
1,worm-000013_001.npy
2,worm-000013_002.npy
1,worm-000013_003.npy
1,worm-000013_004.npy
2,worm-000013_005.npy
1,worm-000013_006.npy
1,worm-000013_007.npy
1,worm-000013_008.npy
1,worm-000013_009.npy
1,worm-000013_010.npy
1,worm-000013_011.npy
2,worm-000013_012.npy
1,worm-000013_013.npy
1,worm-000013_014.npy
2,worm-000013_015.npy
2,worm-000013_016.npy
2,worm-000013_017.npy
1,worm-000013_018.npy
1,worm-000013_019.npy
1,worm-000013_020.npy
1,worm-000013_021.npy
1,worm-000013_022.npy
1,worm-000013_023.npy
1,worm-000013_024.npy
1,worm-000013_025.npy
1,worm-000013_026.npy
5,worm-000013_027.npy
2,worm-000013_028.npy
1,worm-000013_029.npy
1,worm-000013_030.npy
2,worm-000013_031.npy
2,worm-000013_032.npy
3,worm-000013_033.npy
1,worm-000013_034.npy
1,worm-000013_035.npy
1,worm-000013_036.npy
2,worm-000013_037.npy
1,worm-000013_038.npy
2,worm-000013_039.npy
1,worm-000013_040.npy
1,worm-000013_041.npy
1,worm-000013_042.npy
1,worm-000013_043.npy
1,worm-000013_044.npy
1,worm-000013_045.npy
1,worm-000013_046.npy
1,worm-000013_047.npy
2,worm-000013_048.npy
0,worm-000013_049.npy
2,worm-000013_050.npy
1,worm-000013_051.npy
2,worm-000013_052.npy
1,worm-000013_053.npy
1,worm-000013_054.npy
1,worm-000013_055.npy
1,worm-000013_057.npy
1,worm-000013_058.npy
1,worm-000013_059.npy
1,worm-000013_060.npy
4,worm-000013_061.npy
4,worm-000013_062.npy
0,worm-000013_063.npy
4,worm-000013_064.npy
1,worm-000013_065.npy
1,worm-000013_066.npy
4,worm-000013_067.npy
4,worm-000013_068.npy
1,worm-000013_069.npy
1,worm-000013_070.npy
1,worm-000013_071.npy
0,worm-000013_072.npy
1,worm-000013_073.npy
4,worm-000013_074.npy
0,worm-000013_075.npy
0,worm-000013_076.npy
4,worm-000013_077.npy
1,worm-000013_078.npy
6,worm-000013_079.npy
2,worm-000013_080.npy
1,worm-000013_081.npy
1,worm-000013_082.npy
6,worm-000013_083.npy
4,worm-000013_084.npy
4,worm-000013_086.npy
4,worm-000013_087.npy
0,worm-000013_089.npy
4,worm-000013_090.npy
4,worm-000013_092.npy
4,worm-000013_093.npy
1,worm-000013_094.npy
4,worm-000013_095.npy
4,worm-000013_096.npy
4,worm-000013_097.npy
4,worm-000013_098.npy
1,worm-000013_099.npy
1,worm-000013_101.npy
4,worm-000013_102.npy
4,worm-000013_103.npy
4,worm-000013_104.npy
4,worm-000013_105.npy
4,worm-000013_106.npy
4,worm-000013_107.npy
4,worm-000013_108.npy
4,worm-000013_109.npy
4,worm-000013_110.npy
4,worm-000013_111.npy
4,worm-000013_113.npy
4,worm-000013_114.npy
4,worm-000013_115.npy
4,worm-000013_116.npy
4,worm-000013_117.npy
5,worm-000013_118.npy
4,worm-000013_119.npy
4,worm-000013_120.npy
4,worm-000013_121.npy
4,worm-000013_123.npy
4,worm-000013_124.npy
4,worm-000013_125.npy
4,worm-000013_126.npy
4,worm-000013_128.npy
1,worm-000013_129.npy
2,worm-000013_130.npy
2,worm-000013_131.npy
1,worm-000013_132.npy
2,worm-000013_133.npy
2,worm-000013_134.npy
1,worm-000013_135.npy
2,worm-000013_136.npy
2,worm-000013_137.npy
2,worm-000013_138.npy
2,worm-000013_139.npy
1,worm-000013_140.npy
2,worm-000013_141.npy
1,worm-000013_142.npy
1,worm-000013_143.npy
1,worm-000013_144.npy
1,worm-000013_145.npy
1,worm-000013_146.npy
2,worm-000013_147.npy
2,worm-000013_148.npy
2,worm-000013_149.npy
1,worm-000013_150.npy
1,worm-000013_151.npy
1,worm-000013_153.npy
1,worm-000013_154.npy
1,worm-000013_155.npy
1,worm-000013_156.npy
2,worm-000013_157.npy
2,worm-000013_158.npy
1,worm-000013_159.npy
1,worm-000013_160.npy
1,worm-000013_161.npy
1,worm-000013_162.npy
1,worm-000013_163.npy
0,worm-000013_164.npy
1,worm-000013_165.npy
1,worm-000013_166.npy
2,worm-000013_167.npy
2,worm-000013_168.npy
2,worm-000013_169.npy
1,worm-000013_170.npy
2,worm-000013_171.npy
3,worm-000013_172.npy
1,worm-000013_173.npy
4,worm-000013_174.npy
4,worm-000013_175.npy
4,worm-000013_176.npy
1,worm-000013_177.npy
1,worm-000013_178.npy
6,worm-000013_179.npy
0,worm-000013_180.npy
4,worm-000013_181.npy
5,worm-000013_182.npy
4,worm-000013_183.npy
4,worm-000013_184.npy
4,worm-000013_185.npy
4,worm-000013_186.npy
4,worm-000013_187.npy
5,worm-000013_188.npy
4,worm-000013_189.npy
4,worm-000013_190.npy
4,worm-000013_191.npy
4,worm-000013_192.npy
5,worm-000013_193.npy
4,worm-000013_194.npy
4,worm-000013_195.npy
4,worm-000013_196.npy
4,worm-000013_197.npy
4,worm-000013_200.npy
4,worm-000013_201.npy
4,worm-000013_202.npy
4,worm-000013_203.npy
4,worm-000013_204.npy
4,worm-000013_205.npy
4,worm-000013_206.npy
4,worm-000013_207.npy
1,worm-000013_208.npy
2,worm-000013_209.npy
2,worm-000013_210.npy
1,worm-000013_211.npy
1,worm-000013_212.npy
1,worm-000013_213.npy
1,worm-000013_214.npy
2,worm-000013_215.npy
1,worm-000013_216.npy
1,worm-000013_217.npy
1,worm-000013_218.npy
1,worm-000013_220.npy
1,worm-000013_221.npy
1,worm-000013_222.npy
1,worm-000013_223.npy
1,worm-000013_224.npy
1,worm-000013_225.npy
1,worm-000013_226.npy
2,worm-000013_227.npy
1,worm-000013_228.npy
2,worm-000013_229.npy
2,worm-000013_230.npy
1,worm-000013_231.npy
1,worm-000013_232.npy
2,worm-000013_233.npy
1,worm-000013_234.npy
1,worm-000013_235.npy
1,worm-000013_236.npy
1,worm-000013_237.npy
1,worm-000013_238.npy
4,worm-000013_239.npy
2,worm-000013_240.npy
1,worm-000013_241.npy
0,worm-000013_242.npy
0,worm-000013_243.npy
1,worm-000013_244.npy
1,worm-000013_245.npy
4,worm-000013_246.npy
4,worm-000013_248.npy
4,worm-000013_249.npy
4,worm-000013_250.npy
3,worm-000013_251.npy
4,worm-000013_252.npy
4,worm-000013_253.npy
4,worm-000013_254.npy
4,worm-000013_255.npy
4,worm-000013_256.npy
5,worm-000013_257.npy
4,worm-000013_259.npy
4,worm-000013_260.npy
4,worm-000013_261.npy
3,worm-000013_262.npy
5,worm-000013_263.npy
4,worm-000013_264.npy
4,worm-000013_265.npy
4,worm-000013_268.npy
4,worm-000013_269.npy
4,worm-000013_271.npy
4,worm-000013_272.npy
4,worm-000013_275.npy
4,worm-000013_276.npy
4,worm-000013_277.npy
4,worm-000013_278.npy
4,worm-000013_279.npy
4,worm-000013_280.npy
2,worm-000013_282.npy
2,worm-000013_283.npy
2,worm-000013_284.npy
2,worm-000013_285.npy
1,worm-000013_286.npy
1,worm-000013_287.npy
2,worm-000013_288.npy
1,worm-000013_289.npy
1,worm-000013_290.npy
1,worm-000013_291.npy
2,worm-000013_292.npy
3,worm-000013_293.npy
2,worm-000013_294.npy
2,worm-000013_295.npy
0,worm-000013_296.npy
4,worm-000013_298.npy
1,worm-000013_299.npy
4,worm-000013_300.npy
2,worm-000013_301.npy
4,worm-000013_302.npy
4,worm-000013_303.npy
4,worm-000013_304.npy
6,worm-000013_305.npy
4,worm-000013_306.npy
2,worm-000013_307.npy
6,worm-000013_308.npy
4,worm-000013_309.npy
4,worm-000013_310.npy
1,worm-000013_311.npy
4,worm-000013_312.npy
4,worm-000013_314.npy
4,worm-000013_315.npy
4,worm-000013_316.npy
4,worm-000013_317.npy
4,worm-000013_318.npy
4,worm-000013_320.npy
4,worm-000013_321.npy
4,worm-000013_322.npy
4,worm-000013_323.npy
0,worm-000013_325.npy
4,worm-000013_326.npy
4,worm-000013_328.npy
5,worm-000013_329.npy
1,worm-000013_330.npy
2,worm-000013_331.npy
1,worm-000013_333.npy
1,worm-000013_335.npy
1,worm-000013_340.npy
4,worm-000013_341.npy
4,worm-000013_342.npy
4,worm-000013_345.npy
4,worm-000013_346.npy
4,worm-000013_347.npy
4,worm-000013_349.npy
4,worm-000013_350.npy
4,worm-000013_352.npy
4,worm-000013_353.npy
5,worm-000013_354.npy
4,worm-000013_356.npy
4,worm-000013_357.npy
4,worm-000013_358.npy
4,worm-000013_359.npy
4,worm-000013_360.npy
4,worm-000013_361.npy
4,worm-000013_362.npy
4,worm-000013_363.npy
4,worm-000013_365.npy
4,worm-000013_366.npy
4,worm-000013_367.npy
4,worm-000013_368.npy
4,worm-000013_370.npy
4,worm-000013_371.npy
4,worm-000013_374.npy
4,worm-000013_375.npy
4,worm-000013_376.npy
2,worm-000013_379.npy
2,worm-000013_380.npy
1,worm-000013_381.npy
1,worm-000014_000.npy
1,worm-000014_001.npy
1,worm-000014_002.npy
1,worm-000014_003.npy
1,worm-000014_004.npy
1,worm-000014_005.npy
1,worm-000014_006.npy
1,worm-000014_007.npy
1,worm-000014_008.npy
1,worm-000014_009.npy
1,worm-000014_010.npy
1,worm-000014_011.npy
1,worm-000014_012.npy
1,worm-000014_013.npy
1,worm-000014_014.npy
0,worm-000014_015.npy
1,worm-000014_016.npy
1,worm-000014_017.npy
1,worm-000014_019.npy
2,worm-000014_020.npy
1,worm-000014_021.npy
1,worm-000014_022.npy
2,worm-000014_023.npy
1,worm-000014_024.npy
1,worm-000014_025.npy
1,worm-000014_026.npy
1,worm-000014_027.npy
1,worm-000014_028.npy
1,worm-000014_029.npy
1,worm-000014_030.npy
1,worm-000014_031.npy
1,worm-000014_032.npy
1,worm-000014_033.npy
1,worm-000014_034.npy
1,worm-000014_035.npy
1,worm-000014_036.npy
1,worm-000014_037.npy
6,worm-000014_038.npy
1,worm-000014_039.npy
2,worm-000014_040.npy
1,worm-000014_041.npy
1,worm-000014_042.npy
2,worm-000014_043.npy
1,worm-000014_044.npy
1,worm-000014_045.npy
1,worm-000014_046.npy
1,worm-000014_047.npy
1,worm-000014_048.npy
1,worm-000014_049.npy
1,worm-000014_050.npy
1,worm-000014_051.npy
1,worm-000014_052.npy
1,worm-000014_053.npy
1,worm-000014_054.npy
1,worm-000014_055.npy
1,worm-000014_056.npy
1,worm-000014_057.npy
2,worm-000014_058.npy
1,worm-000014_059.npy
1,worm-000014_060.npy
1,worm-000014_061.npy
1,worm-000014_062.npy
1,worm-000014_063.npy
1,worm-000014_064.npy
1,worm-000014_065.npy
1,worm-000014_066.npy
0,worm-000014_067.npy
1,worm-000014_068.npy
1,worm-000014_069.npy
1,worm-000014_070.npy
1,worm-000014_072.npy
1,worm-000014_073.npy
1,worm-000014_074.npy
1,worm-000014_075.npy
1,worm-000014_076.npy
1,worm-000014_077.npy
1,worm-000014_078.npy
1,worm-000014_079.npy
0,worm-000014_080.npy
0,worm-000014_081.npy
1,worm-000014_083.npy
1,worm-000014_084.npy
1,worm-000014_085.npy
1,worm-000014_086.npy
1,worm-000014_087.npy
1,worm-000014_088.npy
1,worm-000014_089.npy
1,worm-000014_090.npy
0,worm-000014_091.npy
1,worm-000014_092.npy
1,worm-000014_093.npy
0,worm-000014_094.npy
1,worm-000014_095.npy
1,worm-000014_097.npy
1,worm-000014_098.npy
1,worm-000014_099.npy
1,worm-000014_100.npy
1,worm-000014_101.npy
0,worm-000014_102.npy
6,worm-000014_103.npy
0,worm-000014_104.npy
1,worm-000014_105.npy
1,worm-000014_106.npy
0,worm-000014_107.npy
1,worm-000014_108.npy
1,worm-000014_109.npy
1,worm-000014_110.npy
0,worm-000014_113.npy
0,worm-000014_114.npy
1,worm-000014_115.npy
1,worm-000014_116.npy
1,worm-000014_117.npy
2,worm-000014_118.npy
1,worm-000014_119.npy
1,worm-000014_120.npy
1,worm-000014_121.npy
1,worm-000014_123.npy
1,worm-000014_124.npy
4,worm-000014_125.npy
1,worm-000014_126.npy
1,worm-000014_127.npy
0,worm-000014_128.npy
0,worm-000014_129.npy
0,worm-000014_131.npy
4,worm-000014_132.npy
4,worm-000014_134.npy
1,worm-000014_135.npy
4,worm-000014_136.npy
4,worm-000014_137.npy
3,worm-000014_138.npy
0,worm-000014_139.npy
1,worm-000014_140.npy
0,worm-000014_142.npy
0,worm-000014_145.npy
0,worm-000014_146.npy
0,worm-000014_147.npy
4,worm-000014_149.npy
0,worm-000014_150.npy
1,worm-000014_152.npy
0,worm-000014_153.npy
4,worm-000014_156.npy
4,worm-000014_157.npy
4,worm-000014_160.npy
4,worm-000014_161.npy
1,worm-000014_163.npy
1,worm-000014_164.npy
1,worm-000014_168.npy
1,worm-000014_169.npy
1,worm-000014_170.npy
5,worm-000014_171.npy
1,worm-000014_172.npy
0,worm-000014_174.npy
1,worm-000014_176.npy
4,worm-000014_177.npy
5,worm-000014_182.npy
1,worm-000014_184.npy
1,worm-000014_185.npy
1,worm-000014_186.npy
1,worm-000014_187.npy
1,worm-000014_188.npy
1,worm-000014_189.npy
1,worm-000014_190.npy
1,worm-000014_192.npy
1,worm-000014_193.npy
2,worm-000014_194.npy
1,worm-000014_195.npy
1,worm-000014_196.npy
1,worm-000014_197.npy
1,worm-000014_198.npy
1,worm-000014_199.npy
1,worm-000014_200.npy
1,worm-000014_201.npy
1,worm-000014_202.npy
1,worm-000014_203.npy
1,worm-000014_204.npy
1,worm-000014_205.npy
1,worm-000014_206.npy
1,worm-000014_207.npy
1,worm-000014_209.npy
1,worm-000014_210.npy
1,worm-000014_211.npy
1,worm-000014_212.npy
1,worm-000014_213.npy
1,worm-000014_214.npy
1,worm-000014_215.npy
1,worm-000014_216.npy
1,worm-000014_217.npy
1,worm-000014_218.npy
1,worm-000014_219.npy
1,worm-000014_220.npy
2,worm-000014_221.npy
1,worm-000014_222.npy
1,worm-000014_223.npy
1,worm-000014_224.npy
1,worm-000014_226.npy
1,worm-000014_228.npy
1,worm-000014_229.npy
1,worm-000014_230.npy
1,worm-000014_231.npy
2,worm-000014_232.npy
1,worm-000014_233.npy
4,worm-000014_234.npy
1,worm-000014_235.npy
1,worm-000014_236.npy
5,worm-000014_237.npy
1,worm-000014_238.npy
1,worm-000014_239.npy
1,worm-000014_240.npy
5,worm-000014_241.npy
5,worm-000014_242.npy
4,worm-000014_243.npy
1,worm-000014_244.npy
1,worm-000014_245.npy
4,worm-000014_246.npy
1,worm-000014_247.npy
5,worm-000014_249.npy
3,worm-000014_250.npy
1,worm-000014_251.npy
4,worm-000014_252.npy
4,worm-000014_254.npy
4,worm-000014_255.npy
4,worm-000014_256.npy
4,worm-000014_257.npy
1,worm-000014_260.npy
1,worm-000014_261.npy
5,worm-000014_262.npy
1,worm-000014_263.npy
5,worm-000014_265.npy
5,worm-000014_266.npy
1,worm-000014_267.npy
1,worm-000014_268.npy
5,worm-000014_269.npy
4,worm-000014_271.npy
1,worm-000014_272.npy
4,worm-000014_273.npy
4,worm-000014_274.npy
5,worm-000014_275.npy
4,worm-000014_277.npy
4,worm-000014_278.npy
4,worm-000014_280.npy
1,worm-000014_282.npy
4,worm-000014_283.npy
4,worm-000014_284.npy
4,worm-000014_286.npy
0,worm-000014_287.npy
4,worm-000014_288.npy
4,worm-000014_289.npy
4,worm-000014_290.npy
4,worm-000014_291.npy
1,worm-000014_295.npy
1,worm-000014_296.npy
1,worm-000014_297.npy
1,worm-000014_299.npy
1,worm-000014_300.npy
1,worm-000014_301.npy
1,worm-000014_303.npy
1,worm-000014_304.npy
1,worm-000014_305.npy
1,worm-000014_306.npy
1,worm-000014_307.npy
1,worm-000014_308.npy
1,worm-000014_309.npy
1,worm-000014_310.npy
1,worm-000014_311.npy
1,worm-000014_312.npy
1,worm-000014_313.npy
1,worm-000014_314.npy
4,worm-000014_315.npy
0,worm-000014_316.npy
4,worm-000014_317.npy
0,worm-000014_318.npy
4,worm-000014_319.npy
4,worm-000014_320.npy
4,worm-000014_321.npy
4,worm-000014_322.npy
0,worm-000014_323.npy
2,worm-000014_325.npy
4,worm-000014_326.npy
4,worm-000014_327.npy
0,worm-000014_328.npy
4,worm-000014_330.npy
4,worm-000014_331.npy
4,worm-000014_332.npy
3,worm-000014_334.npy
4,worm-000014_335.npy
4,worm-000014_336.npy
1,worm-000014_338.npy
1,worm-000014_339.npy
1,worm-000014_340.npy
4,worm-000014_341.npy
4,worm-000014_342.npy
1,worm-000014_343.npy
1,worm-000014_344.npy
1,worm-000014_345.npy
1,worm-000014_346.npy
1,worm-000014_347.npy
1,worm-000014_348.npy
2,worm-000014_349.npy
1,worm-000014_350.npy
1,worm-000014_351.npy
2,worm-000014_352.npy
1,worm-000014_353.npy
1,worm-000014_354.npy
1,worm-000014_355.npy
1,worm-000014_357.npy
1,worm-000014_358.npy
1,worm-000014_359.npy
1,worm-000014_360.npy
1,worm-000014_361.npy
1,worm-000014_362.npy
4,worm-000014_363.npy
1,worm-000014_364.npy
4,worm-000014_365.npy
1,worm-000014_366.npy
1,worm-000014_367.npy
1,worm-000014_369.npy
4,worm-000014_370.npy
1,worm-000014_371.npy
4,worm-000014_372.npy
4,worm-000014_373.npy
4,worm-000014_374.npy
4,worm-000014_375.npy
4,worm-000014_376.npy
4,worm-000014_378.npy
5,worm-000014_379.npy
4,worm-000014_380.npy
4,worm-000014_381.npy
5,worm-000014_382.npy
4,worm-000014_383.npy
5,worm-000014_384.npy
4,worm-000014_385.npy
4,worm-000014_387.npy
4,worm-000014_388.npy
1,worm-000014_389.npy
4,worm-000014_390.npy
4,worm-000014_395.npy
4,worm-000014_398.npy
4,worm-000014_399.npy
1,worm-000014_401.npy
1,worm-000014_402.npy
1,worm-000014_403.npy
4,worm-000014_406.npy
1,worm-000014_408.npy
4,worm-000014_415.npy
4,worm-000014_417.npy
4,worm-000014_419.npy
1,worm-000014_421.npy
1,worm-000014_424.npy
1,worm-000014_425.npy
4,worm-000014_426.npy
4,worm-000014_428.npy
5,worm-000014_432.npy
4,worm-000014_434.npy
4,worm-000014_435.npy
0,worm-000014_437.npy
5,worm-000014_441.npy
4,worm-000014_446.npy
2,worm-000014_447.npy
5,worm-000014_448.npy
4,worm-000014_450.npy
4,worm-000014_451.npy
4,worm-000014_453.npy
4,worm-000014_454.npy
5,worm-000014_455.npy
4,worm-000014_456.npy
0,worm-000014_458.npy
1,worm-000014_459.npy
0,worm-000014_460.npy
1,worm-000014_461.npy
1,worm-000014_462.npy
1,worm-000014_463.npy
5,worm-000014_464.npy
1,worm-000014_465.npy
4,worm-000014_466.npy
4,worm-000014_467.npy
1,worm-000014_468.npy
1,worm-000014_469.npy
1,worm-000014_470.npy
1,worm-000014_471.npy
1,worm-000014_472.npy
1,worm-000014_473.npy
1,worm-000015_000.npy
1,worm-000015_001.npy
1,worm-000015_002.npy
1,worm-000015_003.npy
3,worm-000015_004.npy
1,worm-000015_005.npy
3,worm-000015_006.npy
1,worm-000015_007.npy
2,worm-000015_008.npy
3,worm-000015_009.npy
2,worm-000015_010.npy
3,worm-000015_011.npy
3,worm-000015_012.npy
3,worm-000015_013.npy
1,worm-000015_014.npy
1,worm-000015_015.npy
1,worm-000015_016.npy
1,worm-000015_017.npy
1,worm-000015_018.npy
2,worm-000015_019.npy
5,worm-000015_020.npy
1,worm-000015_021.npy
1,worm-000015_022.npy
1,worm-000015_023.npy
1,worm-000015_024.npy
1,worm-000015_025.npy
1,worm-000015_026.npy
4,worm-000015_027.npy
1,worm-000015_028.npy
2,worm-000015_029.npy
6,worm-000015_030.npy
1,worm-000015_031.npy
1,worm-000015_032.npy
1,worm-000015_033.npy
1,worm-000015_034.npy
1,worm-000015_035.npy
4,worm-000015_036.npy
4,worm-000015_037.npy
1,worm-000015_038.npy
6,worm-000015_039.npy
0,worm-000015_040.npy
3,worm-000015_041.npy
1,worm-000015_042.npy
1,worm-000015_043.npy
6,worm-000015_044.npy
2,worm-000015_045.npy
1,worm-000015_046.npy
1,worm-000015_047.npy
1,worm-000015_048.npy
4,worm-000015_049.npy
2,worm-000015_050.npy
1,worm-000015_051.npy
4,worm-000015_052.npy
6,worm-000015_053.npy
1,worm-000015_054.npy
5,worm-000015_055.npy
1,worm-000015_057.npy
1,worm-000015_058.npy
3,worm-000015_059.npy
3,worm-000015_060.npy
1,worm-000015_062.npy
1,worm-000015_063.npy
4,worm-000015_064.npy
2,worm-000015_065.npy
4,worm-000015_066.npy
4,worm-000015_067.npy
1,worm-000015_068.npy
1,worm-000015_069.npy
5,worm-000015_070.npy
0,worm-000015_071.npy
1,worm-000015_072.npy
4,worm-000015_073.npy
3,worm-000015_074.npy
3,worm-000015_075.npy
5,worm-000015_076.npy
5,worm-000015_077.npy
3,worm-000015_078.npy
0,worm-000015_079.npy
1,worm-000015_080.npy
4,worm-000015_081.npy
5,worm-000015_083.npy
1,worm-000015_085.npy
4,worm-000015_086.npy
2,worm-000015_087.npy
5,worm-000015_088.npy
4,worm-000015_089.npy
1,worm-000015_090.npy
2,worm-000015_091.npy
5,worm-000015_092.npy
4,worm-000015_093.npy
4,worm-000015_094.npy
4,worm-000015_095.npy
0,worm-000015_098.npy
1,worm-000015_100.npy
5,worm-000015_103.npy
4,worm-000015_104.npy
4,worm-000015_105.npy
4,worm-000015_106.npy
4,worm-000015_107.npy
4,worm-000015_108.npy
0,worm-000015_109.npy
4,worm-000015_110.npy
4,worm-000015_112.npy
4,worm-000015_113.npy
4,worm-000015_114.npy
4,worm-000015_119.npy
4,worm-000015_120.npy
4,worm-000015_123.npy
2,worm-000015_124.npy
2,worm-000015_125.npy
1,worm-000015_126.npy
2,worm-000015_127.npy
1,worm-000015_128.npy
2,worm-000015_129.npy
1,worm-000015_130.npy
1,worm-000015_131.npy
1,worm-000015_132.npy
1,worm-000015_133.npy
2,worm-000015_134.npy
1,worm-000015_135.npy
2,worm-000015_136.npy
1,worm-000015_137.npy
1,worm-000015_138.npy
1,worm-000015_139.npy
1,worm-000015_141.npy
1,worm-000015_142.npy
1,worm-000015_143.npy
1,worm-000015_144.npy
1,worm-000015_145.npy
1,worm-000015_146.npy
1,worm-000015_147.npy
1,worm-000015_148.npy
4,worm-000015_149.npy
1,worm-000015_150.npy
1,worm-000015_151.npy
1,worm-000015_152.npy
1,worm-000015_153.npy
1,worm-000015_154.npy
1,worm-000015_155.npy
4,worm-000015_156.npy
1,worm-000015_157.npy
1,worm-000015_158.npy
2,worm-000015_159.npy
2,worm-000015_160.npy
1,worm-000015_161.npy
0,worm-000015_162.npy
1,worm-000015_163.npy
1,worm-000015_164.npy
1,worm-000015_165.npy
2,worm-000015_166.npy
1,worm-000015_167.npy
5,worm-000015_168.npy
1,worm-000015_169.npy
0,worm-000015_170.npy
3,worm-000015_171.npy
1,worm-000015_172.npy
1,worm-000015_173.npy
4,worm-000015_174.npy
4,worm-000015_175.npy
4,worm-000015_176.npy
5,worm-000015_177.npy
4,worm-000015_178.npy
4,worm-000015_180.npy
4,worm-000015_182.npy
1,worm-000015_183.npy
5,worm-000015_186.npy
4,worm-000015_187.npy
4,worm-000015_188.npy
4,worm-000015_189.npy
4,worm-000015_190.npy
5,worm-000015_191.npy
6,worm-000015_192.npy
4,worm-000015_193.npy
1,worm-000015_194.npy
1,worm-000015_195.npy
4,worm-000015_196.npy
1,worm-000015_197.npy
4,worm-000015_198.npy
4,worm-000015_199.npy
5,worm-000015_200.npy
4,worm-000015_201.npy
4,worm-000015_202.npy
4,worm-000015_203.npy
4,worm-000015_204.npy
4,worm-000015_205.npy
4,worm-000015_206.npy
4,worm-000015_207.npy
4,worm-000015_209.npy
0,worm-000015_210.npy
4,worm-000015_211.npy
1,worm-000015_212.npy
1,worm-000015_213.npy
1,worm-000015_214.npy
1,worm-000015_215.npy
1,worm-000015_216.npy
1,worm-000015_217.npy
1,worm-000015_218.npy
2,worm-000015_219.npy
4,worm-000015_220.npy
5,worm-000015_221.npy
4,worm-000015_222.npy
4,worm-000015_223.npy
4,worm-000015_224.npy
4,worm-000015_225.npy
4,worm-000015_229.npy
4,worm-000015_232.npy
1,worm-000015_233.npy
4,worm-000015_234.npy
4,worm-000015_235.npy
4,worm-000015_236.npy
4,worm-000015_238.npy
4,worm-000015_239.npy
3,worm-000015_240.npy
4,worm-000015_241.npy
4,worm-000015_242.npy
4,worm-000015_243.npy
4,worm-000015_245.npy
4,worm-000015_246.npy
4,worm-000015_247.npy
4,worm-000015_248.npy
4,worm-000015_250.npy
4,worm-000015_253.npy
4,worm-000015_254.npy
0,worm-000015_256.npy
4,worm-000015_257.npy
3,worm-000015_258.npy
1,worm-000015_259.npy
6,worm-000015_260.npy
4,worm-000015_261.npy
4,worm-000015_262.npy
1,worm-000016_000.npy
2,worm-000016_001.npy
1,worm-000016_002.npy
1,worm-000016_003.npy
1,worm-000016_004.npy
1,worm-000016_005.npy
1,worm-000016_006.npy
2,worm-000016_007.npy
1,worm-000016_009.npy
4,worm-000016_010.npy
1,worm-000016_011.npy
1,worm-000016_012.npy
1,worm-000016_013.npy
1,worm-000016_016.npy
1,worm-000016_017.npy
2,worm-000016_018.npy
1,worm-000016_019.npy
1,worm-000016_020.npy
1,worm-000016_021.npy
0,worm-000016_022.npy
1,worm-000016_023.npy
1,worm-000016_024.npy
1,worm-000016_025.npy
1,worm-000016_026.npy
4,worm-000016_027.npy
4,worm-000016_028.npy
4,worm-000016_029.npy
3,worm-000016_030.npy
4,worm-000016_031.npy
4,worm-000016_032.npy
1,worm-000016_033.npy
4,worm-000016_034.npy
4,worm-000016_035.npy
4,worm-000016_036.npy
4,worm-000016_037.npy
1,worm-000016_038.npy
4,worm-000016_040.npy
4,worm-000016_041.npy
4,worm-000016_042.npy
4,worm-000016_043.npy
4,worm-000016_044.npy
4,worm-000016_045.npy
2,worm-000016_046.npy
0,worm-000016_047.npy
0,worm-000016_050.npy
4,worm-000016_051.npy
4,worm-000016_052.npy
4,worm-000016_053.npy
4,worm-000016_055.npy
4,worm-000016_056.npy
4,worm-000016_057.npy
4,worm-000016_059.npy
4,worm-000016_061.npy
4,worm-000016_062.npy
4,worm-000016_064.npy
4,worm-000016_066.npy
4,worm-000016_069.npy
1,worm-000016_071.npy
1,worm-000016_072.npy
1,worm-000016_073.npy
2,worm-000016_074.npy
1,worm-000016_075.npy
1,worm-000016_076.npy
1,worm-000016_077.npy
1,worm-000016_078.npy
1,worm-000016_079.npy
1,worm-000016_080.npy
1,worm-000016_081.npy
1,worm-000016_082.npy
1,worm-000016_083.npy
1,worm-000016_084.npy
1,worm-000016_085.npy
1,worm-000016_086.npy
1,worm-000016_087.npy
2,worm-000016_088.npy
1,worm-000016_089.npy
1,worm-000016_090.npy
1,worm-000016_091.npy
1,worm-000016_092.npy
1,worm-000016_093.npy
1,worm-000016_094.npy
1,worm-000016_095.npy
1,worm-000016_096.npy
2,worm-000016_097.npy
1,worm-000016_098.npy
4,worm-000016_099.npy
1,worm-000016_100.npy
1,worm-000016_101.npy
1,worm-000016_102.npy
1,worm-000016_103.npy
1,worm-000016_104.npy
1,worm-000016_105.npy
2,worm-000016_106.npy
1,worm-000016_107.npy
1,worm-000016_108.npy
1,worm-000016_109.npy
2,worm-000016_110.npy
1,worm-000016_111.npy
2,worm-000016_112.npy
1,worm-000016_113.npy
1,worm-000016_115.npy
1,worm-000016_116.npy
3,worm-000016_117.npy
2,worm-000016_118.npy
1,worm-000016_119.npy
4,worm-000016_120.npy
4,worm-000016_121.npy
1,worm-000016_123.npy
4,worm-000016_124.npy
4,worm-000016_125.npy
3,worm-000016_126.npy
5,worm-000016_127.npy
3,worm-000016_129.npy
4,worm-000016_130.npy
4,worm-000016_131.npy
3,worm-000016_132.npy
4,worm-000016_133.npy
4,worm-000016_134.npy
4,worm-000016_135.npy
4,worm-000016_136.npy
3,worm-000016_137.npy
4,worm-000016_138.npy
4,worm-000016_139.npy
4,worm-000016_140.npy
4,worm-000016_141.npy
4,worm-000016_142.npy
4,worm-000016_144.npy
4,worm-000016_145.npy
4,worm-000016_146.npy
5,worm-000016_147.npy
4,worm-000016_148.npy
4,worm-000016_149.npy
4,worm-000016_152.npy
4,worm-000016_153.npy
4,worm-000016_154.npy
4,worm-000016_155.npy
4,worm-000016_156.npy
4,worm-000016_157.npy
4,worm-000016_158.npy
4,worm-000016_160.npy
4,worm-000016_161.npy
4,worm-000016_162.npy
4,worm-000016_164.npy
1,worm-000016_165.npy
1,worm-000016_166.npy
1,worm-000016_167.npy
1,worm-000016_168.npy
1,worm-000016_169.npy
1,worm-000016_170.npy
1,worm-000016_171.npy
1,worm-000016_172.npy
1,worm-000016_173.npy
1,worm-000016_174.npy
1,worm-000016_175.npy
1,worm-000016_176.npy
4,worm-000016_177.npy
2,worm-000016_178.npy
1,worm-000016_179.npy
1,worm-000016_180.npy
1,worm-000016_181.npy
1,worm-000016_182.npy
2,worm-000016_183.npy
1,worm-000016_184.npy
1,worm-000016_185.npy
1,worm-000016_186.npy
1,worm-000016_187.npy
1,worm-000016_188.npy
1,worm-000016_189.npy
0,worm-000016_190.npy
4,worm-000016_192.npy
1,worm-000016_193.npy
2,worm-000016_195.npy
6,worm-000016_196.npy
5,worm-000016_197.npy
2,worm-000016_198.npy
1,worm-000016_199.npy
4,worm-000016_200.npy
4,worm-000016_201.npy
5,worm-000016_202.npy
4,worm-000016_203.npy
4,worm-000016_204.npy
4,worm-000016_205.npy
5,worm-000016_206.npy
4,worm-000016_208.npy
4,worm-000016_209.npy
4,worm-000016_211.npy
4,worm-000016_213.npy
1,worm-000016_214.npy
4,worm-000016_215.npy
4,worm-000016_217.npy
4,worm-000016_219.npy
1,worm-000016_220.npy
1,worm-000016_221.npy
1,worm-000016_222.npy
1,worm-000016_223.npy
1,worm-000016_224.npy
1,worm-000016_225.npy
1,worm-000016_227.npy
1,worm-000016_228.npy
1,worm-000016_229.npy
1,worm-000016_230.npy
1,worm-000016_231.npy
1,worm-000016_232.npy
1,worm-000016_233.npy
2,worm-000016_234.npy
2,worm-000016_235.npy
1,worm-000016_236.npy
1,worm-000016_238.npy
1,worm-000016_239.npy
1,worm-000016_240.npy
1,worm-000016_241.npy
1,worm-000016_242.npy
1,worm-000016_243.npy
1,worm-000016_244.npy
1,worm-000016_245.npy
1,worm-000016_246.npy
4,worm-000016_247.npy
1,worm-000016_248.npy
1,worm-000016_250.npy
1,worm-000016_251.npy
1,worm-000016_252.npy
1,worm-000016_253.npy
0,worm-000016_254.npy
1,worm-000016_255.npy
4,worm-000016_256.npy
4,worm-000016_258.npy
4,worm-000016_259.npy
0,worm-000016_261.npy
4,worm-000016_262.npy
3,worm-000016_263.npy
0,worm-000016_264.npy
4,worm-000016_265.npy
1,worm-000016_266.npy
4,worm-000016_267.npy
4,worm-000016_268.npy
4,worm-000016_269.npy
4,worm-000016_270.npy
4,worm-000016_271.npy
4,worm-000016_272.npy
4,worm-000016_273.npy
4,worm-000016_274.npy
4,worm-000016_275.npy
4,worm-000016_276.npy
4,worm-000016_279.npy
4,worm-000016_280.npy
4,worm-000016_281.npy
4,worm-000016_282.npy
4,worm-000016_283.npy
1,worm-000016_285.npy
1,worm-000016_286.npy
4,worm-000016_287.npy
4,worm-000016_288.npy
4,worm-000016_289.npy
4,worm-000016_290.npy
4,worm-000016_291.npy
1,worm-000016_292.npy
1,worm-000016_296.npy
4,worm-000016_297.npy
4,worm-000016_298.npy
4,worm-000016_299.npy
4,worm-000016_306.npy
1,worm-000016_308.npy
4,worm-000016_311.npy
4,worm-000016_314.npy
4,worm-000016_318.npy
4,worm-000016_321.npy
4,worm-000016_322.npy
4,worm-000016_323.npy
3,worm-000016_325.npy
5,worm-000016_327.npy
4,worm-000016_328.npy
4,worm-000016_329.npy
4,worm-000016_330.npy
1,worm-000016_331.npy
1,worm-000016_332.npy
1,worm-000016_333.npy
4,worm-000016_334.npy
4,worm-000016_335.npy
1,worm-000016_336.npy
1,worm-000016_337.npy
4,worm-000016_338.npy
2,worm-000017_000.npy
6,worm-000017_001.npy
2,worm-000017_002.npy
1,worm-000017_003.npy
1,worm-000017_004.npy
6,worm-000017_005.npy
1,worm-000017_006.npy
1,worm-000017_007.npy
2,worm-000017_008.npy
2,worm-000017_009.npy
1,worm-000017_010.npy
2,worm-000017_011.npy
1,worm-000017_012.npy
6,worm-000017_013.npy
2,worm-000017_014.npy
1,worm-000017_015.npy
2,worm-000017_016.npy
2,worm-000017_017.npy
2,worm-000017_018.npy
2,worm-000017_019.npy
6,worm-000017_020.npy
2,worm-000017_021.npy
2,worm-000017_022.npy
2,worm-000017_023.npy
2,worm-000017_024.npy
6,worm-000017_025.npy
2,worm-000017_026.npy
6,worm-000017_027.npy
1,worm-000017_029.npy
2,worm-000017_030.npy
2,worm-000017_031.npy
1,worm-000017_032.npy
2,worm-000017_033.npy
2,worm-000017_034.npy
6,worm-000017_035.npy
6,worm-000017_036.npy
1,worm-000017_037.npy
2,worm-000017_038.npy
2,worm-000017_039.npy
1,worm-000017_040.npy
2,worm-000017_041.npy
2,worm-000017_042.npy
2,worm-000017_043.npy
2,worm-000017_044.npy
2,worm-000017_045.npy
2,worm-000017_046.npy
1,worm-000017_047.npy
2,worm-000017_048.npy
4,worm-000017_049.npy
1,worm-000017_050.npy
1,worm-000017_051.npy
4,worm-000017_052.npy
4,worm-000017_053.npy
1,worm-000017_054.npy
3,worm-000017_055.npy
2,worm-000017_056.npy
2,worm-000017_057.npy
6,worm-000017_058.npy
4,worm-000017_059.npy
1,worm-000017_060.npy
2,worm-000017_061.npy
2,worm-000017_062.npy
2,worm-000017_063.npy
3,worm-000017_064.npy
0,worm-000017_065.npy
2,worm-000017_066.npy
2,worm-000017_067.npy
2,worm-000017_068.npy
4,worm-000017_069.npy
4,worm-000017_070.npy
4,worm-000017_071.npy
6,worm-000017_072.npy
2,worm-000017_073.npy
1,worm-000017_074.npy
6,worm-000017_075.npy
6,worm-000017_076.npy
6,worm-000017_077.npy
4,worm-000017_078.npy
1,worm-000017_079.npy
4,worm-000017_080.npy
1,worm-000017_081.npy
6,worm-000017_083.npy
2,worm-000017_084.npy
2,worm-000017_085.npy
2,worm-000017_086.npy
3,worm-000017_087.npy
6,worm-000017_088.npy
2,worm-000017_089.npy
4,worm-000017_090.npy
2,worm-000017_091.npy
2,worm-000017_092.npy
4,worm-000017_093.npy
2,worm-000017_094.npy
4,worm-000017_095.npy
1,worm-000017_096.npy
3,worm-000017_097.npy
2,worm-000017_098.npy
4,worm-000017_099.npy
5,worm-000017_100.npy
4,worm-000017_101.npy
2,worm-000017_102.npy
2,worm-000017_103.npy
4,worm-000017_104.npy
4,worm-000017_105.npy
6,worm-000017_106.npy
4,worm-000017_107.npy
2,worm-000017_108.npy
4,worm-000017_109.npy
4,worm-000017_110.npy
4,worm-000017_111.npy
3,worm-000017_112.npy
1,worm-000017_113.npy
4,worm-000017_114.npy
4,worm-000017_118.npy
2,worm-000017_119.npy
2,worm-000017_120.npy
4,worm-000017_121.npy
4,worm-000017_122.npy
2,worm-000017_124.npy
5,worm-000017_125.npy
5,worm-000017_126.npy
4,worm-000017_127.npy
4,worm-000017_129.npy
4,worm-000017_130.npy
5,worm-000017_132.npy
4,worm-000017_133.npy
4,worm-000017_135.npy
4,worm-000017_136.npy
6,worm-000017_137.npy
4,worm-000017_138.npy
2,worm-000017_140.npy
4,worm-000017_141.npy
2,worm-000017_142.npy
2,worm-000017_143.npy
2,worm-000017_144.npy
1,worm-000017_145.npy
1,worm-000017_146.npy
2,worm-000017_147.npy
1,worm-000017_148.npy
2,worm-000017_149.npy
1,worm-000017_150.npy
2,worm-000017_151.npy
2,worm-000017_152.npy
2,worm-000017_153.npy
2,worm-000017_154.npy
2,worm-000017_155.npy
1,worm-000017_156.npy
1,worm-000017_157.npy
6,worm-000017_158.npy
2,worm-000017_159.npy
2,worm-000017_160.npy
3,worm-000017_161.npy
2,worm-000017_162.npy
2,worm-000017_163.npy
2,worm-000017_164.npy
4,worm-000017_165.npy
2,worm-000017_166.npy
6,worm-000017_167.npy
6,worm-000017_168.npy
2,worm-000017_169.npy
1,worm-000017_170.npy
4,worm-000017_171.npy
2,worm-000017_172.npy
6,worm-000017_173.npy
4,worm-000017_174.npy
4,worm-000017_175.npy
1,worm-000017_176.npy
2,worm-000017_177.npy
4,worm-000017_178.npy
2,worm-000017_180.npy
6,worm-000017_181.npy
4,worm-000017_182.npy
4,worm-000017_183.npy
4,worm-000017_184.npy
4,worm-000017_185.npy
6,worm-000017_186.npy
4,worm-000017_188.npy
4,worm-000017_189.npy
4,worm-000017_190.npy
4,worm-000017_191.npy
4,worm-000017_192.npy
4,worm-000017_194.npy
4,worm-000017_195.npy
4,worm-000017_198.npy
4,worm-000017_199.npy
4,worm-000017_200.npy
4,worm-000017_203.npy
4,worm-000017_204.npy
4,worm-000017_206.npy
4,worm-000017_207.npy
4,worm-000017_208.npy
4,worm-000017_210.npy
4,worm-000017_211.npy
5,worm-000017_212.npy
4,worm-000017_213.npy
4,worm-000017_215.npy
2,worm-000017_216.npy
2,worm-000017_217.npy
2,worm-000017_218.npy
2,worm-000017_219.npy
2,worm-000017_220.npy
1,worm-000017_221.npy
2,worm-000017_222.npy
1,worm-000017_223.npy
2,worm-000017_224.npy
2,worm-000017_225.npy
2,worm-000017_226.npy
2,worm-000017_227.npy
2,worm-000017_228.npy
2,worm-000017_229.npy
2,worm-000017_230.npy
2,worm-000017_231.npy
2,worm-000017_232.npy
1,worm-000017_233.npy
2,worm-000017_234.npy
2,worm-000017_235.npy
1,worm-000017_236.npy
2,worm-000017_237.npy
2,worm-000017_238.npy
2,worm-000017_239.npy
2,worm-000017_240.npy
1,worm-000017_241.npy
2,worm-000017_242.npy
2,worm-000017_243.npy
2,worm-000017_244.npy
2,worm-000017_245.npy
1,worm-000017_246.npy
2,worm-000017_247.npy
2,worm-000017_248.npy
1,worm-000017_249.npy
4,worm-000017_250.npy
2,worm-000017_251.npy
2,worm-000017_252.npy
0,worm-000017_254.npy
2,worm-000017_255.npy
2,worm-000017_256.npy
2,worm-000017_257.npy
2,worm-000017_258.npy
2,worm-000017_259.npy
2,worm-000017_260.npy
2,worm-000017_261.npy
2,worm-000017_262.npy
2,worm-000017_263.npy
4,worm-000017_264.npy
4,worm-000017_265.npy
1,worm-000017_266.npy
2,worm-000017_267.npy
4,worm-000017_269.npy
2,worm-000017_270.npy
2,worm-000017_271.npy
6,worm-000017_272.npy
1,worm-000017_273.npy
4,worm-000017_274.npy
5,worm-000017_275.npy
4,worm-000017_276.npy
4,worm-000017_277.npy
2,worm-000017_278.npy
2,worm-000017_279.npy
4,worm-000017_280.npy
4,worm-000017_281.npy
4,worm-000017_285.npy
2,worm-000017_286.npy
6,worm-000017_287.npy
0,worm-000017_288.npy
4,worm-000017_289.npy
4,worm-000017_292.npy
4,worm-000017_294.npy
4,worm-000017_295.npy
5,worm-000017_296.npy
4,worm-000017_297.npy
4,worm-000017_298.npy
5,worm-000017_299.npy
4,worm-000017_300.npy
4,worm-000017_301.npy
4,worm-000017_302.npy
2,worm-000017_304.npy
2,worm-000017_305.npy
2,worm-000017_306.npy
2,worm-000017_307.npy
2,worm-000017_308.npy
2,worm-000017_309.npy
2,worm-000017_310.npy
2,worm-000017_311.npy
1,worm-000017_312.npy
2,worm-000017_313.npy
2,worm-000017_314.npy
4,worm-000017_315.npy
2,worm-000017_316.npy
2,worm-000017_317.npy
2,worm-000017_320.npy
4,worm-000017_321.npy
4,worm-000017_323.npy
4,worm-000017_324.npy
4,worm-000017_325.npy
4,worm-000017_326.npy
4,worm-000017_328.npy
4,worm-000017_329.npy
4,worm-000017_330.npy
4,worm-000017_331.npy
4,worm-000017_332.npy
0,worm-000017_333.npy
4,worm-000017_334.npy
4,worm-000017_336.npy
4,worm-000017_337.npy
4,worm-000017_338.npy
4,worm-000017_339.npy
4,worm-000017_340.npy
4,worm-000017_341.npy
5,worm-000017_344.npy
2,worm-000017_346.npy
5,worm-000017_347.npy
4,worm-000017_349.npy
4,worm-000017_350.npy
4,worm-000017_351.npy
4,worm-000017_353.npy
4,worm-000017_354.npy
5,worm-000017_355.npy
4,worm-000017_356.npy
4,worm-000017_357.npy
4,worm-000017_358.npy
4,worm-000017_359.npy
5,worm-000017_360.npy
4,worm-000017_361.npy
4,worm-000017_362.npy
4,worm-000017_363.npy
4,worm-000017_365.npy
4,worm-000017_367.npy
4,worm-000017_369.npy
4,worm-000017_370.npy
4,worm-000017_371.npy
4,worm-000017_375.npy
4,worm-000017_377.npy
4,worm-000017_378.npy
4,worm-000017_379.npy
4,worm-000017_382.npy
4,worm-000017_384.npy
4,worm-000017_385.npy
4,worm-000017_387.npy
4,worm-000017_388.npy
4,worm-000017_389.npy
4,worm-000017_390.npy
4,worm-000017_393.npy
4,worm-000017_394.npy
4,worm-000017_395.npy
1,worm-000017_398.npy
2,worm-000017_399.npy
4,worm-000017_400.npy
4,worm-000017_401.npy
4,worm-000017_402.npy
1,worm-000018_000.npy
1,worm-000018_001.npy
1,worm-000018_002.npy
1,worm-000018_003.npy
1,worm-000018_004.npy
1,worm-000018_005.npy
1,worm-000018_006.npy
1,worm-000018_007.npy
1,worm-000018_008.npy
1,worm-000018_009.npy
1,worm-000018_010.npy
6,worm-000018_011.npy
6,worm-000018_012.npy
1,worm-000018_013.npy
1,worm-000018_014.npy
1,worm-000018_015.npy
1,worm-000018_016.npy
1,worm-000018_017.npy
1,worm-000018_018.npy
1,worm-000018_019.npy
1,worm-000018_020.npy
2,worm-000018_022.npy
1,worm-000018_023.npy
1,worm-000018_024.npy
1,worm-000018_025.npy
1,worm-000018_026.npy
1,worm-000018_027.npy
0,worm-000018_028.npy
1,worm-000018_029.npy
0,worm-000018_030.npy
1,worm-000018_031.npy
4,worm-000018_032.npy
1,worm-000018_033.npy
4,worm-000018_034.npy
0,worm-000018_035.npy
0,worm-000018_036.npy
4,worm-000018_037.npy
0,worm-000018_038.npy
4,worm-000018_039.npy
0,worm-000018_040.npy
1,worm-000018_041.npy
1,worm-000018_042.npy
4,worm-000018_043.npy
4,worm-000018_044.npy
4,worm-000018_045.npy
0,worm-000018_046.npy
0,worm-000018_047.npy
0,worm-000018_048.npy
4,worm-000018_049.npy
6,worm-000018_050.npy
6,worm-000018_051.npy
6,worm-000018_052.npy
4,worm-000018_053.npy
1,worm-000018_054.npy
4,worm-000018_055.npy
0,worm-000018_056.npy
0,worm-000018_057.npy
4,worm-000018_058.npy
0,worm-000018_059.npy
1,worm-000018_060.npy
4,worm-000018_061.npy
4,worm-000018_062.npy
4,worm-000018_063.npy
4,worm-000018_064.npy
1,worm-000018_065.npy
4,worm-000018_066.npy
0,worm-000018_067.npy
4,worm-000018_068.npy
4,worm-000018_070.npy
4,worm-000018_071.npy
3,worm-000018_072.npy
4,worm-000018_073.npy
4,worm-000018_078.npy
4,worm-000018_080.npy
4,worm-000018_081.npy
4,worm-000018_082.npy
4,worm-000018_084.npy
1,worm-000018_085.npy
1,worm-000018_086.npy
1,worm-000018_087.npy
1,worm-000018_088.npy
1,worm-000018_089.npy
1,worm-000018_090.npy
1,worm-000018_091.npy
1,worm-000018_092.npy
1,worm-000018_093.npy
1,worm-000018_094.npy
1,worm-000018_095.npy
1,worm-000018_096.npy
1,worm-000018_097.npy
1,worm-000018_098.npy
1,worm-000018_099.npy
1,worm-000018_100.npy
1,worm-000018_101.npy
1,worm-000018_102.npy
1,worm-000018_103.npy
1,worm-000018_104.npy
1,worm-000018_105.npy
1,worm-000018_106.npy
1,worm-000018_107.npy
0,worm-000018_108.npy
0,worm-000018_109.npy
0,worm-000018_110.npy
6,worm-000018_111.npy
2,worm-000018_112.npy
1,worm-000018_114.npy
1,worm-000018_115.npy
1,worm-000018_116.npy
1,worm-000018_117.npy
5,worm-000018_118.npy
1,worm-000018_119.npy
0,worm-000018_120.npy
4,worm-000018_121.npy
1,worm-000018_122.npy
1,worm-000018_123.npy
1,worm-000018_124.npy
1,worm-000018_125.npy
0,worm-000018_126.npy
0,worm-000018_127.npy
1,worm-000018_128.npy
1,worm-000018_130.npy
1,worm-000018_131.npy
1,worm-000018_133.npy
0,worm-000018_134.npy
1,worm-000018_135.npy
1,worm-000018_136.npy
1,worm-000018_138.npy
1,worm-000018_139.npy
1,worm-000018_140.npy
1,worm-000018_141.npy
1,worm-000018_142.npy
4,worm-000018_143.npy
0,worm-000018_145.npy
0,worm-000018_146.npy
5,worm-000018_147.npy
4,worm-000018_148.npy
5,worm-000018_150.npy
4,worm-000018_151.npy
4,worm-000018_153.npy
4,worm-000018_154.npy
4,worm-000018_155.npy
4,worm-000018_156.npy
6,worm-000018_157.npy
4,worm-000018_158.npy
4,worm-000018_160.npy
4,worm-000018_161.npy
4,worm-000018_162.npy
4,worm-000018_167.npy
4,worm-000018_170.npy
0,worm-000018_171.npy
4,worm-000018_172.npy
1,worm-000018_174.npy
1,worm-000018_175.npy
1,worm-000018_176.npy
1,worm-000018_178.npy
0,worm-000018_179.npy
0,worm-000018_180.npy
1,worm-000018_181.npy
1,worm-000018_182.npy
1,worm-000018_183.npy
1,worm-000018_184.npy
1,worm-000018_185.npy
1,worm-000018_186.npy
1,worm-000018_187.npy
1,worm-000018_188.npy
1,worm-000018_189.npy
0,worm-000018_190.npy
1,worm-000018_191.npy
1,worm-000018_192.npy
1,worm-000018_193.npy
0,worm-000018_194.npy
0,worm-000018_195.npy
4,worm-000018_196.npy
1,worm-000018_197.npy
1,worm-000018_198.npy
0,worm-000018_199.npy
4,worm-000018_202.npy
1,worm-000018_203.npy
0,worm-000018_204.npy
0,worm-000018_205.npy
4,worm-000018_207.npy
0,worm-000018_208.npy
5,worm-000018_209.npy
4,worm-000018_210.npy
1,worm-000018_211.npy
1,worm-000018_212.npy
1,worm-000018_215.npy
4,worm-000018_216.npy
1,worm-000018_218.npy
4,worm-000018_220.npy
1,worm-000018_221.npy
1,worm-000018_222.npy
0,worm-000018_223.npy
4,worm-000018_224.npy
4,worm-000018_225.npy
1,worm-000018_226.npy
4,worm-000018_227.npy
4,worm-000018_228.npy
4,worm-000018_229.npy
4,worm-000018_230.npy
4,worm-000018_231.npy
4,worm-000018_232.npy
4,worm-000018_235.npy
3,worm-000018_236.npy
4,worm-000018_237.npy
5,worm-000018_238.npy
1,worm-000018_239.npy
1,worm-000018_240.npy
0,worm-000018_242.npy
0,worm-000018_243.npy
5,worm-000018_244.npy
1,worm-000018_246.npy
4,worm-000018_247.npy
0,worm-000018_248.npy
4,worm-000018_250.npy
4,worm-000018_251.npy
4,worm-000018_254.npy
4,worm-000018_255.npy
4,worm-000018_256.npy
3,worm-000018_257.npy
1,worm-000018_258.npy
1,worm-000018_259.npy
1,worm-000018_260.npy
1,worm-000018_261.npy
1,worm-000018_262.npy
1,worm-000018_263.npy
1,worm-000018_264.npy
6,worm-000018_265.npy
1,worm-000018_266.npy
1,worm-000018_267.npy
1,worm-000018_268.npy
1,worm-000018_269.npy
1,worm-000018_270.npy
1,worm-000018_272.npy
1,worm-000018_273.npy
1,worm-000018_274.npy
4,worm-000018_275.npy
1,worm-000018_276.npy
1,worm-000018_277.npy
1,worm-000018_278.npy
1,worm-000018_279.npy
1,worm-000018_280.npy
1,worm-000018_281.npy
1,worm-000018_282.npy
1,worm-000018_283.npy
1,worm-000018_284.npy
4,worm-000018_285.npy
4,worm-000018_287.npy
4,worm-000018_290.npy
4,worm-000018_291.npy
4,worm-000018_292.npy
1,worm-000018_295.npy
4,worm-000018_296.npy
4,worm-000018_298.npy
4,worm-000018_299.npy
4,worm-000018_300.npy
4,worm-000018_301.npy
4,worm-000018_302.npy
4,worm-000018_304.npy
1,worm-000018_305.npy
1,worm-000018_306.npy
4,worm-000018_309.npy
4,worm-000018_310.npy
4,worm-000018_311.npy
4,worm-000018_314.npy
1,worm-000018_315.npy
4,worm-000018_316.npy
4,worm-000018_317.npy
0,worm-000018_320.npy
4,worm-000018_321.npy
4,worm-000018_323.npy
4,worm-000018_324.npy
4,worm-000018_327.npy
4,worm-000018_330.npy
5,worm-000018_335.npy
1,worm-000018_336.npy
4,worm-000018_337.npy
5,worm-000018_338.npy
1,worm-000018_339.npy
4,worm-000018_340.npy
4,worm-000018_345.npy
4,worm-000018_346.npy
5,worm-000018_348.npy
4,worm-000018_350.npy
4,worm-000018_351.npy
4,worm-000018_353.npy
5,worm-000018_354.npy
5,worm-000018_355.npy
5,worm-000018_356.npy
4,worm-000018_357.npy
4,worm-000018_358.npy
0,worm-000018_359.npy
1,worm-000018_360.npy
4,worm-000018_361.npy
1,worm-000019_000.npy
1,worm-000019_001.npy
2,worm-000019_002.npy
2,worm-000019_003.npy
1,worm-000019_004.npy
1,worm-000019_005.npy
2,worm-000019_006.npy
1,worm-000019_007.npy
2,worm-000019_008.npy
2,worm-000019_009.npy
1,worm-000019_010.npy
1,worm-000019_011.npy
1,worm-000019_012.npy
1,worm-000019_013.npy
3,worm-000019_014.npy
2,worm-000019_015.npy
1,worm-000019_016.npy
2,worm-000019_017.npy
1,worm-000019_018.npy
1,worm-000019_019.npy
1,worm-000019_020.npy
1,worm-000019_021.npy
2,worm-000019_022.npy
1,worm-000019_023.npy
1,worm-000019_024.npy
1,worm-000019_025.npy
2,worm-000019_026.npy
1,worm-000019_027.npy
1,worm-000019_028.npy
1,worm-000019_029.npy
2,worm-000019_030.npy
2,worm-000019_031.npy
3,worm-000019_032.npy
2,worm-000019_033.npy
1,worm-000019_034.npy
2,worm-000019_035.npy
5,worm-000019_036.npy
4,worm-000019_037.npy
1,worm-000019_038.npy
1,worm-000019_039.npy
1,worm-000019_040.npy
1,worm-000019_041.npy
4,worm-000019_042.npy
1,worm-000019_043.npy
4,worm-000019_044.npy
1,worm-000019_045.npy
4,worm-000019_046.npy
4,worm-000019_047.npy
4,worm-000019_048.npy
1,worm-000019_049.npy
4,worm-000019_050.npy
1,worm-000019_051.npy
2,worm-000019_052.npy
1,worm-000019_053.npy
4,worm-000019_054.npy
5,worm-000019_055.npy
1,worm-000019_056.npy
4,worm-000019_057.npy
1,worm-000019_058.npy
1,worm-000019_059.npy
4,worm-000019_060.npy
4,worm-000019_061.npy
4,worm-000019_062.npy
4,worm-000019_063.npy
1,worm-000019_064.npy
4,worm-000019_066.npy
4,worm-000019_067.npy
4,worm-000019_068.npy
3,worm-000019_069.npy
4,worm-000019_070.npy
4,worm-000019_071.npy
1,worm-000019_072.npy
2,worm-000019_073.npy
4,worm-000019_074.npy
4,worm-000019_076.npy
4,worm-000019_077.npy
4,worm-000019_079.npy
4,worm-000019_080.npy
4,worm-000019_081.npy
4,worm-000019_082.npy
4,worm-000019_083.npy
4,worm-000019_084.npy
4,worm-000019_085.npy
4,worm-000019_086.npy
4,worm-000019_087.npy
4,worm-000019_088.npy
4,worm-000019_089.npy
4,worm-000019_090.npy
4,worm-000019_091.npy
4,worm-000019_092.npy
4,worm-000019_093.npy
4,worm-000019_094.npy
4,worm-000019_095.npy
4,worm-000019_096.npy
4,worm-000019_097.npy
4,worm-000019_098.npy
4,worm-000019_099.npy
4,worm-000019_100.npy
1,worm-000019_101.npy
1,worm-000019_102.npy
2,worm-000019_103.npy
1,worm-000019_104.npy
2,worm-000019_105.npy
6,worm-000019_106.npy
1,worm-000019_107.npy
6,worm-000019_108.npy
1,worm-000019_109.npy
1,worm-000019_110.npy
2,worm-000019_111.npy
3,worm-000019_112.npy
2,worm-000019_113.npy
1,worm-000019_114.npy
1,worm-000019_115.npy
1,worm-000019_116.npy
1,worm-000019_117.npy
2,worm-000019_118.npy
1,worm-000019_119.npy
1,worm-000019_120.npy
2,worm-000019_121.npy
1,worm-000019_122.npy
1,worm-000019_123.npy
1,worm-000019_124.npy
1,worm-000019_125.npy
1,worm-000019_126.npy
1,worm-000019_127.npy
1,worm-000019_128.npy
1,worm-000019_129.npy
1,worm-000019_130.npy
4,worm-000019_131.npy
1,worm-000019_132.npy
1,worm-000019_133.npy
1,worm-000019_134.npy
1,worm-000019_135.npy
1,worm-000019_136.npy
1,worm-000019_137.npy
1,worm-000019_138.npy
1,worm-000019_139.npy
1,worm-000019_140.npy
1,worm-000019_141.npy
2,worm-000019_142.npy
2,worm-000019_143.npy
1,worm-000019_144.npy
2,worm-000019_145.npy
1,worm-000019_146.npy
3,worm-000019_147.npy
4,worm-000019_148.npy
1,worm-000019_149.npy
4,worm-000019_150.npy
4,worm-000019_151.npy
1,worm-000019_152.npy
1,worm-000019_153.npy
1,worm-000019_154.npy
1,worm-000019_155.npy
4,worm-000019_156.npy
1,worm-000019_157.npy
4,worm-000019_158.npy
1,worm-000019_159.npy
4,worm-000019_160.npy
1,worm-000019_161.npy
3,worm-000019_162.npy
6,worm-000019_163.npy
4,worm-000019_164.npy
3,worm-000019_165.npy
4,worm-000019_166.npy
4,worm-000019_167.npy
5,worm-000019_168.npy
1,worm-000019_169.npy
4,worm-000019_170.npy
4,worm-000019_173.npy
4,worm-000019_174.npy
4,worm-000019_175.npy
4,worm-000019_176.npy
4,worm-000019_177.npy
4,worm-000019_178.npy
4,worm-000019_179.npy
4,worm-000019_181.npy
4,worm-000019_183.npy
1,worm-000019_184.npy
1,worm-000019_185.npy
1,worm-000019_186.npy
1,worm-000019_187.npy
1,worm-000019_188.npy
1,worm-000019_189.npy
1,worm-000019_190.npy
4,worm-000019_191.npy
1,worm-000019_192.npy
1,worm-000019_193.npy
4,worm-000019_194.npy
4,worm-000019_195.npy
1,worm-000019_196.npy
1,worm-000019_197.npy
1,worm-000019_198.npy
4,worm-000019_199.npy
4,worm-000019_200.npy
4,worm-000019_201.npy
4,worm-000019_202.npy
4,worm-000019_203.npy
4,worm-000019_204.npy
4,worm-000019_205.npy
0,worm-000019_207.npy
4,worm-000019_209.npy
4,worm-000019_211.npy
1,worm-000019_212.npy
4,worm-000019_213.npy
4,worm-000019_214.npy
4,worm-000019_215.npy
4,worm-000019_216.npy
4,worm-000019_217.npy
1,worm-000019_218.npy
1,worm-000019_219.npy
1,worm-000019_220.npy
1,worm-000019_221.npy
1,worm-000019_222.npy
1,worm-000019_223.npy
1,worm-000019_224.npy
2,worm-000019_225.npy
1,worm-000019_226.npy
1,worm-000019_227.npy
1,worm-000019_228.npy
2,worm-000019_229.npy
6,worm-000019_230.npy
4,worm-000019_231.npy
4,worm-000019_232.npy
4,worm-000019_234.npy
4,worm-000019_235.npy
4,worm-000019_236.npy
4,worm-000019_237.npy
4,worm-000019_238.npy
4,worm-000019_240.npy
5,worm-000019_241.npy
4,worm-000019_242.npy
1,worm-000019_244.npy
3,worm-000019_248.npy
4,worm-000019_250.npy
4,worm-000019_251.npy
4,worm-000019_252.npy
4,worm-000019_255.npy
0,worm-000019_256.npy
4,worm-000019_257.npy
4,worm-000019_258.npy
4,worm-000019_259.npy
4,worm-000019_260.npy
4,worm-000019_262.npy
4,worm-000019_263.npy
4,worm-000019_265.npy
4,worm-000019_271.npy
4,worm-000019_272.npy
4,worm-000019_274.npy
4,worm-000019_277.npy
4,worm-000019_278.npy
5,worm-000019_280.npy
0,worm-000020_000.npy
2,worm-000020_001.npy
1,worm-000020_002.npy
1,worm-000020_003.npy
6,worm-000020_004.npy
1,worm-000020_005.npy
1,worm-000020_006.npy
1,worm-000020_007.npy
1,worm-000020_008.npy
1,worm-000020_009.npy
1,worm-000020_010.npy
1,worm-000020_011.npy
1,worm-000020_012.npy
0,worm-000020_013.npy
2,worm-000020_014.npy
2,worm-000020_015.npy
1,worm-000020_016.npy
1,worm-000020_017.npy
1,worm-000020_018.npy
0,worm-000020_019.npy
1,worm-000020_020.npy
4,worm-000020_021.npy
1,worm-000020_022.npy
6,worm-000020_023.npy
1,worm-000020_024.npy
4,worm-000020_025.npy
4,worm-000020_026.npy
1,worm-000020_027.npy
1,worm-000020_029.npy
1,worm-000020_030.npy
4,worm-000020_032.npy
5,worm-000020_033.npy
2,worm-000020_034.npy
2,worm-000020_035.npy
1,worm-000020_036.npy
5,worm-000020_038.npy
5,worm-000020_039.npy
1,worm-000020_040.npy
0,worm-000020_041.npy
1,worm-000020_042.npy
0,worm-000020_043.npy
2,worm-000020_044.npy
2,worm-000020_045.npy
4,worm-000020_046.npy
1,worm-000020_047.npy
1,worm-000020_048.npy
4,worm-000020_049.npy
4,worm-000020_050.npy
4,worm-000020_051.npy
4,worm-000020_053.npy
4,worm-000020_054.npy
1,worm-000020_055.npy
5,worm-000020_056.npy
4,worm-000020_057.npy
0,worm-000020_058.npy
5,worm-000020_059.npy
4,worm-000020_062.npy
4,worm-000020_063.npy
4,worm-000020_064.npy
4,worm-000020_065.npy
4,worm-000020_066.npy
4,worm-000020_068.npy
4,worm-000020_069.npy
4,worm-000020_070.npy
4,worm-000020_071.npy
1,worm-000020_072.npy
2,worm-000020_073.npy
1,worm-000020_074.npy
6,worm-000020_075.npy
1,worm-000020_076.npy
1,worm-000020_077.npy
6,worm-000020_078.npy
1,worm-000020_080.npy
1,worm-000020_081.npy
1,worm-000020_082.npy
1,worm-000020_083.npy
1,worm-000020_084.npy
1,worm-000020_085.npy
1,worm-000020_086.npy
1,worm-000020_087.npy
1,worm-000020_088.npy
1,worm-000020_089.npy
1,worm-000020_090.npy
1,worm-000020_091.npy
4,worm-000020_092.npy
2,worm-000020_093.npy
1,worm-000020_094.npy
1,worm-000020_095.npy
0,worm-000020_096.npy
1,worm-000020_097.npy
1,worm-000020_098.npy
2,worm-000020_099.npy
1,worm-000020_100.npy
2,worm-000020_101.npy
1,worm-000020_102.npy
1,worm-000020_103.npy
1,worm-000020_104.npy
1,worm-000020_105.npy
5,worm-000020_107.npy
1,worm-000020_108.npy
2,worm-000020_109.npy
3,worm-000020_110.npy
4,worm-000020_111.npy
3,worm-000020_112.npy
1,worm-000020_113.npy
3,worm-000020_114.npy
1,worm-000020_115.npy
1,worm-000020_116.npy
4,worm-000020_118.npy
4,worm-000020_119.npy
4,worm-000020_120.npy
4,worm-000020_121.npy
4,worm-000020_122.npy
4,worm-000020_123.npy
4,worm-000020_125.npy
4,worm-000020_126.npy
4,worm-000020_129.npy
3,worm-000020_130.npy
4,worm-000020_134.npy
4,worm-000020_135.npy
5,worm-000020_137.npy
4,worm-000020_138.npy
4,worm-000020_139.npy
1,worm-000020_140.npy
4,worm-000020_142.npy
4,worm-000020_143.npy
4,worm-000020_144.npy
4,worm-000020_146.npy
4,worm-000020_147.npy
3,worm-000020_149.npy
4,worm-000020_150.npy
4,worm-000020_152.npy
4,worm-000020_155.npy
4,worm-000020_156.npy
4,worm-000020_157.npy
1,worm-000020_158.npy
1,worm-000020_159.npy
2,worm-000020_160.npy
1,worm-000020_161.npy
1,worm-000020_162.npy
2,worm-000020_163.npy
2,worm-000020_164.npy
1,worm-000020_165.npy
1,worm-000020_166.npy
6,worm-000020_167.npy
6,worm-000020_168.npy
1,worm-000020_169.npy
1,worm-000020_170.npy
5,worm-000020_171.npy
0,worm-000020_172.npy
1,worm-000020_173.npy
1,worm-000020_174.npy
1,worm-000020_175.npy
0,worm-000020_176.npy
1,worm-000020_177.npy
4,worm-000020_178.npy
1,worm-000020_179.npy
1,worm-000020_180.npy
0,worm-000020_181.npy
0,worm-000020_182.npy
1,worm-000020_183.npy
1,worm-000020_184.npy
4,worm-000020_185.npy
0,worm-000020_186.npy
3,worm-000020_187.npy
4,worm-000020_188.npy
1,worm-000020_189.npy
4,worm-000020_190.npy
1,worm-000020_191.npy
4,worm-000020_192.npy
4,worm-000020_193.npy
4,worm-000020_194.npy
4,worm-000020_195.npy
4,worm-000020_196.npy
0,worm-000020_197.npy
4,worm-000020_198.npy
4,worm-000020_199.npy
4,worm-000020_200.npy
4,worm-000020_201.npy
1,worm-000020_202.npy
1,worm-000020_203.npy
1,worm-000020_204.npy
1,worm-000020_205.npy
1,worm-000020_206.npy
1,worm-000020_207.npy
1,worm-000020_209.npy
1,worm-000020_210.npy
1,worm-000020_211.npy
1,worm-000020_212.npy
2,worm-000020_213.npy
1,worm-000020_214.npy
1,worm-000020_215.npy
1,worm-000020_216.npy
1,worm-000020_217.npy
1,worm-000020_218.npy
2,worm-000020_219.npy
1,worm-000020_220.npy
1,worm-000020_221.npy
4,worm-000020_222.npy
1,worm-000020_223.npy
1,worm-000020_224.npy
1,worm-000020_225.npy
4,worm-000020_226.npy
5,worm-000020_227.npy
6,worm-000020_228.npy
4,worm-000020_229.npy
1,worm-000020_230.npy
3,worm-000020_231.npy
4,worm-000020_232.npy
4,worm-000020_233.npy
4,worm-000020_234.npy
1,worm-000020_235.npy
4,worm-000020_236.npy
4,worm-000020_238.npy
4,worm-000020_241.npy
4,worm-000020_242.npy
4,worm-000020_243.npy
4,worm-000020_244.npy
4,worm-000020_245.npy
5,worm-000020_246.npy
1,worm-000020_248.npy
1,worm-000020_249.npy
2,worm-000020_251.npy
0,worm-000020_252.npy
0,worm-000020_254.npy
4,worm-000020_255.npy
4,worm-000020_257.npy
4,worm-000020_258.npy
4,worm-000020_259.npy
4,worm-000020_260.npy
1,worm-000020_263.npy
4,worm-000020_266.npy
4,worm-000020_267.npy
4,worm-000020_268.npy
4,worm-000020_271.npy
6,worm-000020_272.npy
4,worm-000020_273.npy
4,worm-000020_274.npy
4,worm-000020_277.npy
0,worm-000020_278.npy
4,worm-000020_279.npy
4,worm-000020_280.npy
4,worm-000020_281.npy
4,worm-000020_282.npy
0,worm-000020_283.npy
4,worm-000020_284.npy
4,worm-000020_285.npy
4,worm-000020_286.npy
4,worm-000011_213.npy
4,worm-000018_352.npy
2,worm-000011_050.npy
1,worm-000012_091.npy
1,worm-000012_092.npy
2,worm-000021_000.npy
2,worm-000021_001.npy
2,worm-000021_002.npy
2,worm-000021_003.npy
2,worm-000021_005.npy
2,worm-000021_006.npy
2,worm-000021_007.npy
2,worm-000021_008.npy
2,worm-000021_009.npy
3,worm-000021_010.npy
2,worm-000021_011.npy
2,worm-000021_012.npy
2,worm-000021_013.npy
1,worm-000021_014.npy
1,worm-000021_015.npy
1,worm-000021_016.npy
2,worm-000021_017.npy
2,worm-000021_018.npy
2,worm-000021_019.npy
2,worm-000021_020.npy
2,worm-000021_021.npy
1,worm-000021_022.npy
2,worm-000021_023.npy
2,worm-000021_024.npy
4,worm-000021_025.npy
1,worm-000021_026.npy
1,worm-000021_027.npy
1,worm-000021_028.npy
1,worm-000021_029.npy
1,worm-000021_030.npy
2,worm-000021_031.npy
1,worm-000021_032.npy
2,worm-000021_033.npy
2,worm-000021_034.npy
2,worm-000021_035.npy
2,worm-000021_036.npy
1,worm-000021_037.npy
2,worm-000021_038.npy
2,worm-000021_039.npy
2,worm-000021_040.npy
1,worm-000021_041.npy
4,worm-000021_042.npy
2,worm-000021_043.npy
2,worm-000021_044.npy
6,worm-000021_045.npy
2,worm-000021_046.npy
2,worm-000021_047.npy
2,worm-000021_048.npy
1,worm-000021_049.npy
1,worm-000021_050.npy
1,worm-000021_051.npy
1,worm-000021_052.npy
1,worm-000021_053.npy
1,worm-000021_054.npy
1,worm-000021_055.npy
2,worm-000021_056.npy
6,worm-000021_057.npy
5,worm-000021_058.npy
2,worm-000021_060.npy
1,worm-000021_061.npy
5,worm-000021_062.npy
0,worm-000021_063.npy
2,worm-000021_064.npy
0,worm-000021_065.npy
4,worm-000021_066.npy
5,worm-000021_067.npy
2,worm-000021_068.npy
1,worm-000021_069.npy
4,worm-000021_070.npy
0,worm-000021_071.npy
2,worm-000021_072.npy
4,worm-000021_073.npy
2,worm-000021_074.npy
2,worm-000021_075.npy
4,worm-000021_076.npy
2,worm-000021_077.npy
5,worm-000021_078.npy
2,worm-000021_079.npy
1,worm-000021_080.npy
1,worm-000021_081.npy
2,worm-000021_082.npy
4,worm-000021_083.npy
2,worm-000021_084.npy
6,worm-000021_086.npy
1,worm-000021_087.npy
2,worm-000021_088.npy
4,worm-000021_089.npy
2,worm-000021_090.npy
1,worm-000021_091.npy
6,worm-000021_092.npy
2,worm-000021_093.npy
4,worm-000021_094.npy
2,worm-000021_095.npy
0,worm-000021_096.npy
4,worm-000021_097.npy
2,worm-000021_098.npy
4,worm-000021_101.npy
4,worm-000021_102.npy
4,worm-000021_103.npy
4,worm-000021_104.npy
4,worm-000021_106.npy
4,worm-000021_109.npy
5,worm-000021_111.npy
4,worm-000021_113.npy
2,worm-000021_115.npy
1,worm-000021_116.npy
2,worm-000021_117.npy
2,worm-000021_118.npy
2,worm-000021_119.npy
2,worm-000021_120.npy
2,worm-000021_121.npy
2,worm-000021_122.npy
2,worm-000021_123.npy
2,worm-000021_124.npy
1,worm-000021_125.npy
2,worm-000021_126.npy
2,worm-000021_127.npy
2,worm-000021_128.npy
4,worm-000021_129.npy
2,worm-000021_130.npy
2,worm-000021_131.npy
2,worm-000021_132.npy
2,worm-000021_133.npy
2,worm-000021_134.npy
0,worm-000021_135.npy
2,worm-000021_136.npy
2,worm-000021_137.npy
1,worm-000021_138.npy
5,worm-000021_139.npy
5,worm-000021_141.npy
5,worm-000021_142.npy
3,worm-000021_143.npy
2,worm-000021_144.npy
2,worm-000021_145.npy
2,worm-000021_146.npy
2,worm-000021_147.npy
1,worm-000021_148.npy
5,worm-000021_149.npy
2,worm-000021_150.npy
2,worm-000021_151.npy
2,worm-000021_152.npy
2,worm-000021_155.npy
5,worm-000021_156.npy
2,worm-000021_157.npy
2,worm-000021_158.npy
4,worm-000021_159.npy
6,worm-000021_160.npy
0,worm-000021_161.npy
4,worm-000021_162.npy
5,worm-000021_163.npy
5,worm-000021_164.npy
2,worm-000021_165.npy
4,worm-000021_166.npy
4,worm-000021_167.npy
2,worm-000021_168.npy
2,worm-000021_169.npy
4,worm-000021_170.npy
4,worm-000021_171.npy
4,worm-000021_172.npy
2,worm-000021_173.npy
5,worm-000021_174.npy
2,worm-000021_175.npy
4,worm-000021_176.npy
4,worm-000021_177.npy
4,worm-000021_181.npy
4,worm-000021_182.npy
4,worm-000021_183.npy
4,worm-000021_184.npy
2,worm-000021_185.npy
5,worm-000021_187.npy
1,worm-000021_188.npy
1,worm-000021_189.npy
2,worm-000021_190.npy
2,worm-000021_191.npy
1,worm-000021_192.npy
2,worm-000021_193.npy
2,worm-000021_194.npy
3,worm-000021_195.npy
2,worm-000021_196.npy
2,worm-000021_197.npy
2,worm-000021_198.npy
1,worm-000021_200.npy
1,worm-000021_201.npy
6,worm-000021_202.npy
2,worm-000021_203.npy
2,worm-000021_204.npy
2,worm-000021_205.npy
2,worm-000021_206.npy
2,worm-000021_207.npy
2,worm-000021_208.npy
1,worm-000021_209.npy
2,worm-000021_210.npy
2,worm-000021_211.npy
1,worm-000021_212.npy
1,worm-000021_213.npy
2,worm-000021_214.npy
2,worm-000021_215.npy
2,worm-000021_216.npy
3,worm-000021_217.npy
3,worm-000021_218.npy
4,worm-000021_219.npy
4,worm-000021_220.npy
4,worm-000021_221.npy
6,worm-000021_222.npy
2,worm-000021_223.npy
0,worm-000021_224.npy
2,worm-000021_226.npy
1,worm-000021_227.npy
3,worm-000021_230.npy
4,worm-000021_231.npy
3,worm-000021_232.npy
1,worm-000021_233.npy
4,worm-000021_234.npy
6,worm-000021_236.npy
1,worm-000021_237.npy
4,worm-000021_239.npy
4,worm-000021_240.npy
4,worm-000021_241.npy
3,worm-000021_242.npy
4,worm-000021_243.npy
2,worm-000021_244.npy
4,worm-000021_245.npy
1,worm-000021_246.npy
4,worm-000021_248.npy
5,worm-000021_249.npy
1,worm-000021_250.npy
4,worm-000021_251.npy
4,worm-000021_252.npy
4,worm-000021_254.npy
4,worm-000021_256.npy
4,worm-000021_258.npy
1,worm-000021_260.npy
1,worm-000021_261.npy
1,worm-000021_262.npy
2,worm-000021_263.npy
2,worm-000021_264.npy
2,worm-000021_265.npy
2,worm-000021_267.npy
2,worm-000021_268.npy
1,worm-000021_269.npy
6,worm-000021_270.npy
1,worm-000021_271.npy
2,worm-000021_272.npy
2,worm-000021_273.npy
2,worm-000021_275.npy
0,worm-000021_276.npy
2,worm-000021_277.npy
6,worm-000021_278.npy
1,worm-000021_280.npy
1,worm-000021_281.npy
4,worm-000021_283.npy
4,worm-000021_286.npy
4,worm-000021_287.npy
4,worm-000021_290.npy
2,worm-000021_291.npy
2,worm-000021_292.npy
2,worm-000021_293.npy
2,worm-000021_294.npy
1,worm-000021_295.npy
2,worm-000021_296.npy
5,worm-000021_297.npy
2,worm-000021_298.npy
4,worm-000021_299.npy
2,worm-000021_300.npy
5,worm-000021_302.npy
5,worm-000021_305.npy
5,worm-000021_306.npy
4,worm-000021_307.npy
4,worm-000021_309.npy
5,worm-000021_310.npy
4,worm-000021_313.npy
4,worm-000021_315.npy
4,worm-000021_316.npy
4,worm-000021_321.npy
4,worm-000021_322.npy
4,worm-000021_323.npy
4,worm-000021_324.npy
4,worm-000021_325.npy
5,worm-000021_328.npy
4,worm-000021_329.npy
4,worm-000021_332.npy
1,worm-000021_333.npy
4,worm-000021_334.npy
4,worm-000021_339.npy
4,worm-000021_340.npy
0,worm-000021_341.npy
2,worm-000021_343.npy
4,worm-000021_344.npy
4,worm-000021_345.npy
4,worm-000021_346.npy
4,worm-000021_349.npy
4,worm-000021_350.npy
5,worm-000021_353.npy
4,worm-000021_354.npy
4,worm-000021_355.npy
5,worm-000021_356.npy
4,worm-000021_357.npy
5,worm-000021_359.npy
2,worm-000021_362.npy
2,worm-000021_363.npy
1,worm-000021_364.npy
1,worm-000021_365.npy
2,worm-000021_366.npy
2,worm-000021_367.npy
5,worm-000021_368.npy
4,worm-000021_369.npy
4,worm-000021_370.npy
1,worm-000022_000.npy
1,worm-000022_001.npy
1,worm-000022_002.npy
1,worm-000022_003.npy
1,worm-000022_004.npy
1,worm-000022_005.npy
1,worm-000022_006.npy
1,worm-000022_007.npy
1,worm-000022_008.npy
1,worm-000022_009.npy
1,worm-000022_010.npy
1,worm-000022_011.npy
1,worm-000022_012.npy
1,worm-000022_013.npy
1,worm-000022_014.npy
1,worm-000022_015.npy
1,worm-000022_016.npy
2,worm-000022_017.npy
1,worm-000022_018.npy
1,worm-000022_019.npy
1,worm-000022_020.npy
1,worm-000022_021.npy
1,worm-000022_022.npy
1,worm-000022_023.npy
1,worm-000022_024.npy
1,worm-000022_025.npy
1,worm-000022_026.npy
1,worm-000022_027.npy
1,worm-000022_028.npy
1,worm-000022_029.npy
1,worm-000022_030.npy
6,worm-000022_031.npy
1,worm-000022_032.npy
1,worm-000022_033.npy
1,worm-000022_034.npy
1,worm-000022_035.npy
1,worm-000022_036.npy
5,worm-000022_037.npy
5,worm-000022_038.npy
2,worm-000022_039.npy
1,worm-000022_040.npy
1,worm-000022_041.npy
1,worm-000022_042.npy
1,worm-000022_043.npy
0,worm-000022_044.npy
1,worm-000022_045.npy
1,worm-000022_046.npy
1,worm-000022_047.npy
1,worm-000022_048.npy
1,worm-000022_049.npy
1,worm-000022_050.npy
1,worm-000022_051.npy
1,worm-000022_052.npy
1,worm-000022_053.npy
1,worm-000022_055.npy
1,worm-000022_056.npy
6,worm-000022_057.npy
0,worm-000022_058.npy
1,worm-000022_059.npy
0,worm-000022_060.npy
1,worm-000022_061.npy
1,worm-000022_062.npy
1,worm-000022_063.npy
0,worm-000022_064.npy
1,worm-000022_065.npy
4,worm-000022_066.npy
0,worm-000022_067.npy
0,worm-000022_068.npy
1,worm-000022_069.npy
1,worm-000022_070.npy
1,worm-000022_071.npy
1,worm-000022_072.npy
0,worm-000022_073.npy
0,worm-000022_074.npy
0,worm-000022_075.npy
5,worm-000022_076.npy
1,worm-000022_077.npy
4,worm-000022_078.npy
4,worm-000022_079.npy
5,worm-000022_080.npy
0,worm-000022_082.npy
0,worm-000022_083.npy
5,worm-000022_084.npy
0,worm-000022_086.npy
0,worm-000022_088.npy
4,worm-000022_089.npy
4,worm-000022_090.npy
5,worm-000022_091.npy
4,worm-000022_092.npy
0,worm-000022_094.npy
0,worm-000022_095.npy
5,worm-000022_097.npy
1,worm-000022_099.npy
4,worm-000022_100.npy
1,worm-000022_101.npy
1,worm-000022_102.npy
4,worm-000022_103.npy
0,worm-000022_104.npy
4,worm-000022_106.npy
4,worm-000022_107.npy
4,worm-000022_108.npy
4,worm-000022_109.npy
5,worm-000022_110.npy
5,worm-000022_111.npy
4,worm-000022_113.npy
1,worm-000022_114.npy
1,worm-000022_118.npy
1,worm-000022_119.npy
1,worm-000022_120.npy
1,worm-000022_121.npy
1,worm-000022_122.npy
1,worm-000022_123.npy
1,worm-000022_124.npy
1,worm-000022_125.npy
1,worm-000022_126.npy
1,worm-000022_127.npy
1,worm-000022_128.npy
1,worm-000022_129.npy
1,worm-000022_130.npy
0,worm-000022_131.npy
0,worm-000022_132.npy
1,worm-000022_133.npy
1,worm-000022_134.npy
1,worm-000022_135.npy
1,worm-000022_136.npy
1,worm-000022_137.npy
1,worm-000022_138.npy
1,worm-000022_139.npy
1,worm-000022_140.npy
1,worm-000022_141.npy
5,worm-000022_142.npy
1,worm-000022_143.npy
1,worm-000022_144.npy
1,worm-000022_145.npy
1,worm-000022_146.npy
0,worm-000022_147.npy
1,worm-000022_148.npy
1,worm-000022_149.npy
1,worm-000022_151.npy
1,worm-000022_152.npy
1,worm-000022_153.npy
1,worm-000022_154.npy
1,worm-000022_155.npy
1,worm-000022_156.npy
0,worm-000022_157.npy
1,worm-000022_158.npy
1,worm-000022_159.npy
1,worm-000022_160.npy
1,worm-000022_161.npy
1,worm-000022_162.npy
0,worm-000022_163.npy
1,worm-000022_165.npy
1,worm-000022_168.npy
5,worm-000022_169.npy
1,worm-000022_171.npy
1,worm-000022_172.npy
4,worm-000022_173.npy
1,worm-000022_174.npy
4,worm-000022_176.npy
5,worm-000022_177.npy
4,worm-000022_178.npy
1,worm-000022_179.npy
1,worm-000022_181.npy
4,worm-000022_182.npy
0,worm-000022_185.npy
3,worm-000022_186.npy
5,worm-000022_187.npy
1,worm-000022_189.npy
1,worm-000022_190.npy
4,worm-000022_191.npy
4,worm-000022_192.npy
4,worm-000022_193.npy
1,worm-000022_194.npy
3,worm-000022_195.npy
3,worm-000022_196.npy
4,worm-000022_197.npy
4,worm-000022_198.npy
4,worm-000022_199.npy
0,worm-000022_200.npy
4,worm-000022_201.npy
4,worm-000022_202.npy
4,worm-000022_203.npy
4,worm-000022_204.npy
4,worm-000022_205.npy
4,worm-000022_206.npy
1,worm-000022_207.npy
4,worm-000022_209.npy
4,worm-000022_210.npy
4,worm-000022_211.npy
5,worm-000022_213.npy
5,worm-000022_214.npy
4,worm-000022_215.npy
4,worm-000022_216.npy
4,worm-000022_217.npy
4,worm-000022_218.npy
4,worm-000022_220.npy
1,worm-000022_221.npy
1,worm-000022_222.npy
1,worm-000022_223.npy
1,worm-000022_224.npy
1,worm-000022_225.npy
1,worm-000022_226.npy
1,worm-000022_227.npy
1,worm-000022_228.npy
1,worm-000022_229.npy
1,worm-000022_230.npy
1,worm-000022_231.npy
1,worm-000022_232.npy
1,worm-000022_233.npy
4,worm-000022_234.npy
1,worm-000022_235.npy
4,worm-000022_236.npy
0,worm-000022_237.npy
4,worm-000022_238.npy
4,worm-000022_239.npy
1,worm-000022_240.npy
1,worm-000022_241.npy
4,worm-000022_242.npy
1,worm-000022_243.npy
4,worm-000022_244.npy
4,worm-000022_245.npy
4,worm-000022_248.npy
4,worm-000022_249.npy
4,worm-000022_250.npy
4,worm-000022_251.npy
3,worm-000022_252.npy
4,worm-000022_253.npy
4,worm-000022_256.npy
4,worm-000022_258.npy
4,worm-000022_259.npy
4,worm-000022_261.npy
4,worm-000022_262.npy
4,worm-000022_263.npy
4,worm-000022_264.npy
4,worm-000022_265.npy
4,worm-000022_266.npy
4,worm-000022_267.npy
4,worm-000022_269.npy
1,worm-000022_270.npy
1,worm-000022_271.npy
1,worm-000022_272.npy
1,worm-000022_273.npy
1,worm-000022_274.npy
1,worm-000022_275.npy
1,worm-000022_276.npy
1,worm-000022_277.npy
4,worm-000022_278.npy
1,worm-000022_279.npy
1,worm-000022_280.npy
4,worm-000022_281.npy
4,worm-000022_282.npy
4,worm-000022_283.npy
1,worm-000022_285.npy
4,worm-000022_286.npy
4,worm-000022_287.npy
4,worm-000022_288.npy
1,worm-000022_289.npy
4,worm-000022_290.npy
1,worm-000022_291.npy
4,worm-000022_293.npy
4,worm-000022_295.npy
4,worm-000022_296.npy
4,worm-000022_297.npy
4,worm-000022_298.npy
1,worm-000022_300.npy
1,worm-000022_301.npy
5,worm-000022_302.npy
4,worm-000022_303.npy
4,worm-000022_305.npy
4,worm-000022_306.npy
1,worm-000022_307.npy
5,worm-000022_308.npy
5,worm-000022_310.npy
4,worm-000022_312.npy
4,worm-000022_314.npy
4,worm-000022_316.npy
4,worm-000022_317.npy
3,worm-000022_318.npy
5,worm-000022_319.npy
4,worm-000022_320.npy
4,worm-000022_322.npy
4,worm-000022_324.npy
1,worm-000022_325.npy
4,worm-000022_330.npy
4,worm-000022_331.npy
4,worm-000022_334.npy
4,worm-000022_339.npy
4,worm-000022_342.npy
4,worm-000022_347.npy
5,worm-000022_349.npy
1,worm-000022_350.npy
0,worm-000022_351.npy
1,worm-000022_352.npy
1,worm-000022_353.npy
1,worm-000022_354.npy
4,worm-000022_355.npy
4,worm-000022_356.npy
5,worm-000022_357.npy
1,worm-000023_000.npy
1,worm-000023_001.npy
1,worm-000023_002.npy
1,worm-000023_003.npy
2,worm-000023_004.npy
1,worm-000023_005.npy
1,worm-000023_006.npy
1,worm-000023_007.npy
2,worm-000023_008.npy
1,worm-000023_009.npy
1,worm-000023_010.npy
1,worm-000023_011.npy
1,worm-000023_012.npy
1,worm-000023_013.npy
1,worm-000023_014.npy
1,worm-000023_015.npy
1,worm-000023_016.npy
1,worm-000023_017.npy
1,worm-000023_018.npy
1,worm-000023_019.npy
1,worm-000023_020.npy
1,worm-000023_021.npy
1,worm-000023_022.npy
1,worm-000023_023.npy
2,worm-000023_024.npy
1,worm-000023_025.npy
1,worm-000023_026.npy
2,worm-000023_027.npy
6,worm-000023_028.npy
1,worm-000023_029.npy
2,worm-000023_030.npy
1,worm-000023_031.npy
1,worm-000023_032.npy
1,worm-000023_033.npy
2,worm-000023_034.npy
1,worm-000023_035.npy
4,worm-000023_036.npy
1,worm-000023_037.npy
1,worm-000023_038.npy
2,worm-000023_039.npy
1,worm-000023_040.npy
1,worm-000023_041.npy
2,worm-000023_042.npy
1,worm-000023_043.npy
1,worm-000023_044.npy
4,worm-000023_045.npy
4,worm-000023_046.npy
1,worm-000023_047.npy
1,worm-000023_048.npy
1,worm-000023_049.npy
0,worm-000023_050.npy
1,worm-000023_051.npy
1,worm-000023_052.npy
1,worm-000023_053.npy
2,worm-000023_055.npy
1,worm-000023_056.npy
1,worm-000023_057.npy
1,worm-000023_058.npy
1,worm-000023_059.npy
1,worm-000023_060.npy
0,worm-000023_061.npy
0,worm-000023_062.npy
1,worm-000023_063.npy
1,worm-000023_064.npy
2,worm-000023_065.npy
1,worm-000023_066.npy
1,worm-000023_067.npy
4,worm-000023_068.npy
0,worm-000023_069.npy
4,worm-000023_070.npy
4,worm-000023_071.npy
1,worm-000023_072.npy
4,worm-000023_073.npy
5,worm-000023_074.npy
1,worm-000023_075.npy
4,worm-000023_076.npy
1,worm-000023_077.npy
1,worm-000023_078.npy
1,worm-000023_080.npy
4,worm-000023_081.npy
3,worm-000023_082.npy
3,worm-000023_083.npy
1,worm-000023_084.npy
4,worm-000023_085.npy
3,worm-000023_087.npy
4,worm-000023_088.npy
4,worm-000023_089.npy
1,worm-000023_090.npy
1,worm-000023_091.npy
1,worm-000023_092.npy
1,worm-000023_094.npy
4,worm-000023_095.npy
5,worm-000023_096.npy
5,worm-000023_097.npy
3,worm-000023_098.npy
1,worm-000023_099.npy
4,worm-000023_101.npy
1,worm-000023_102.npy
5,worm-000023_103.npy
1,worm-000023_104.npy
6,worm-000023_105.npy
0,worm-000023_108.npy
3,worm-000023_109.npy
4,worm-000023_112.npy
4,worm-000023_114.npy
4,worm-000023_116.npy
4,worm-000023_117.npy
4,worm-000023_118.npy
4,worm-000023_120.npy
1,worm-000023_121.npy
1,worm-000023_122.npy
1,worm-000023_123.npy
1,worm-000023_124.npy
1,worm-000023_125.npy
1,worm-000023_126.npy
1,worm-000023_127.npy
1,worm-000023_128.npy
1,worm-000023_129.npy
1,worm-000023_130.npy
1,worm-000023_131.npy
2,worm-000023_133.npy
1,worm-000023_134.npy
3,worm-000023_135.npy
4,worm-000023_136.npy
4,worm-000023_137.npy
6,worm-000023_138.npy
1,worm-000023_139.npy
4,worm-000023_140.npy
5,worm-000023_141.npy
4,worm-000023_142.npy
3,worm-000023_143.npy
1,worm-000023_145.npy
4,worm-000023_146.npy
4,worm-000023_147.npy
4,worm-000023_148.npy
4,worm-000023_149.npy
0,worm-000023_150.npy
4,worm-000023_151.npy
4,worm-000023_153.npy
4,worm-000023_154.npy
4,worm-000023_155.npy
4,worm-000023_157.npy
4,worm-000023_158.npy
4,worm-000023_159.npy
4,worm-000023_160.npy
3,worm-000023_161.npy
4,worm-000023_164.npy
1,worm-000023_165.npy
5,worm-000023_166.npy
1,worm-000023_167.npy
1,worm-000023_168.npy
1,worm-000023_169.npy
1,worm-000023_170.npy
1,worm-000023_171.npy
2,worm-000023_172.npy
1,worm-000023_173.npy
1,worm-000023_174.npy
1,worm-000023_175.npy
1,worm-000023_176.npy
1,worm-000023_177.npy
1,worm-000023_178.npy
2,worm-000023_179.npy
3,worm-000023_180.npy
4,worm-000023_182.npy
1,worm-000023_183.npy
1,worm-000023_185.npy
1,worm-000023_187.npy
1,worm-000023_188.npy
4,worm-000023_189.npy
3,worm-000023_190.npy
5,worm-000023_191.npy
1,worm-000023_192.npy
1,worm-000023_193.npy
1,worm-000023_194.npy
4,worm-000023_195.npy
4,worm-000023_196.npy
1,worm-000023_197.npy
1,worm-000023_198.npy
5,worm-000023_199.npy
4,worm-000023_200.npy
2,worm-000023_201.npy
2,worm-000023_202.npy
4,worm-000023_203.npy
4,worm-000023_204.npy
4,worm-000023_205.npy
2,worm-000023_208.npy
4,worm-000023_209.npy
1,worm-000023_210.npy
4,worm-000023_211.npy
1,worm-000023_213.npy
5,worm-000023_214.npy
4,worm-000023_215.npy
5,worm-000023_216.npy
4,worm-000023_217.npy
4,worm-000023_218.npy
4,worm-000023_220.npy
4,worm-000023_221.npy
4,worm-000023_222.npy
4,worm-000023_224.npy
4,worm-000023_225.npy
4,worm-000023_226.npy
4,worm-000023_227.npy
4,worm-000023_228.npy
4,worm-000023_229.npy
4,worm-000023_231.npy
4,worm-000023_232.npy
4,worm-000023_233.npy
4,worm-000023_234.npy
4,worm-000023_235.npy
4,worm-000023_237.npy
4,worm-000023_239.npy
4,worm-000023_240.npy
1,worm-000023_241.npy
1,worm-000023_242.npy
1,worm-000023_243.npy
1,worm-000023_244.npy
1,worm-000023_245.npy
1,worm-000023_246.npy
1,worm-000023_247.npy
1,worm-000023_248.npy
5,worm-000023_250.npy
4,worm-000023_251.npy
4,worm-000023_252.npy
1,worm-000023_253.npy
4,worm-000023_254.npy
4,worm-000023_255.npy
4,worm-000023_257.npy
4,worm-000023_258.npy
4,worm-000023_259.npy
4,worm-000023_260.npy
4,worm-000023_264.npy
4,worm-000023_266.npy
4,worm-000023_267.npy
4,worm-000023_268.npy
5,worm-000023_269.npy
4,worm-000023_270.npy
4,worm-000023_273.npy
4,worm-000023_274.npy
4,worm-000023_275.npy
4,worm-000023_277.npy
1,worm-000023_278.npy
1,worm-000023_280.npy
2,worm-000023_281.npy
4,worm-000023_282.npy
4,worm-000023_283.npy
4,worm-000023_284.npy
4,worm-000023_285.npy
4,worm-000023_287.npy
4,worm-000023_289.npy
4,worm-000023_291.npy
4,worm-000023_292.npy
2,worm-000023_293.npy
5,worm-000023_294.npy
4,worm-000023_296.npy
5,worm-000023_298.npy
4,worm-000023_299.npy
4,worm-000023_300.npy
4,worm-000023_301.npy
4,worm-000023_302.npy
1,worm-000023_306.npy
4,worm-000023_308.npy
4,worm-000023_309.npy
4,worm-000023_313.npy
4,worm-000023_314.npy
1,worm-000023_316.npy
1,worm-000023_317.npy
4,worm-000023_318.npy
4,worm-000023_319.npy
1,worm-000024_000.npy
1,worm-000024_001.npy
5,worm-000024_002.npy
1,worm-000024_003.npy
1,worm-000024_004.npy
1,worm-000024_005.npy
1,worm-000024_006.npy
1,worm-000024_007.npy
1,worm-000024_008.npy
1,worm-000024_009.npy
1,worm-000024_010.npy
1,worm-000024_011.npy
1,worm-000024_012.npy
5,worm-000024_013.npy
1,worm-000024_014.npy
1,worm-000024_015.npy
1,worm-000024_016.npy
1,worm-000024_017.npy
1,worm-000024_018.npy
1,worm-000024_019.npy
1,worm-000024_020.npy
1,worm-000024_021.npy
1,worm-000024_022.npy
1,worm-000024_023.npy
6,worm-000024_025.npy
1,worm-000024_026.npy
4,worm-000024_027.npy
1,worm-000024_028.npy
1,worm-000024_029.npy
1,worm-000024_030.npy
1,worm-000024_031.npy
1,worm-000024_032.npy
1,worm-000024_033.npy
0,worm-000024_034.npy
1,worm-000024_035.npy
1,worm-000024_036.npy
1,worm-000024_037.npy
6,worm-000024_038.npy
2,worm-000024_039.npy
0,worm-000024_040.npy
2,worm-000024_041.npy
2,worm-000024_042.npy
0,worm-000024_043.npy
0,worm-000024_044.npy
0,worm-000024_045.npy
6,worm-000024_046.npy
1,worm-000024_047.npy
1,worm-000024_048.npy
1,worm-000024_049.npy
0,worm-000024_050.npy
0,worm-000024_051.npy
1,worm-000024_052.npy
1,worm-000024_053.npy
2,worm-000024_056.npy
4,worm-000024_057.npy
0,worm-000024_058.npy
3,worm-000024_059.npy
0,worm-000024_060.npy
1,worm-000024_062.npy
1,worm-000024_063.npy
1,worm-000024_064.npy
4,worm-000024_065.npy
1,worm-000024_067.npy
5,worm-000024_068.npy
1,worm-000024_069.npy
4,worm-000024_070.npy
0,worm-000024_071.npy
2,worm-000024_072.npy
0,worm-000024_073.npy
3,worm-000024_075.npy
3,worm-000024_076.npy
5,worm-000024_077.npy
1,worm-000024_078.npy
0,worm-000024_079.npy
1,worm-000024_080.npy
1,worm-000024_081.npy
0,worm-000024_082.npy
0,worm-000024_083.npy
0,worm-000024_084.npy
4,worm-000024_085.npy
1,worm-000024_086.npy
0,worm-000024_087.npy
4,worm-000024_088.npy
1,worm-000024_089.npy
4,worm-000024_090.npy
3,worm-000024_091.npy
0,worm-000024_092.npy
5,worm-000024_093.npy
5,worm-000024_094.npy
4,worm-000024_095.npy
5,worm-000024_096.npy
1,worm-000024_097.npy
3,worm-000024_098.npy
0,worm-000024_099.npy
4,worm-000024_101.npy
1,worm-000024_102.npy
4,worm-000024_103.npy
3,worm-000024_104.npy
3,worm-000024_105.npy
4,worm-000024_108.npy
4,worm-000024_109.npy
4,worm-000024_110.npy
4,worm-000024_111.npy
4,worm-000024_112.npy
4,worm-000024_113.npy
4,worm-000024_114.npy
4,worm-000024_115.npy
3,worm-000024_116.npy
4,worm-000024_118.npy
5,worm-000024_119.npy
4,worm-000024_120.npy
4,worm-000024_121.npy
5,worm-000024_122.npy
4,worm-000024_123.npy
3,worm-000024_124.npy
4,worm-000024_125.npy
3,worm-000024_127.npy
4,worm-000024_128.npy
4,worm-000024_132.npy
1,worm-000024_133.npy
1,worm-000024_134.npy
0,worm-000024_135.npy
1,worm-000024_136.npy
1,worm-000024_137.npy
1,worm-000024_138.npy
1,worm-000024_139.npy
0,worm-000024_140.npy
6,worm-000024_141.npy
4,worm-000024_142.npy
4,worm-000024_143.npy
4,worm-000024_144.npy
4,worm-000024_147.npy
4,worm-000024_148.npy
4,worm-000024_149.npy
4,worm-000024_150.npy
4,worm-000024_151.npy
4,worm-000024_153.npy
4,worm-000024_154.npy
1,worm-000024_155.npy
4,worm-000024_156.npy
4,worm-000024_158.npy
5,worm-000024_160.npy
1,worm-000024_161.npy
1,worm-000024_162.npy
1,worm-000024_163.npy
1,worm-000024_164.npy
1,worm-000024_165.npy
1,worm-000024_166.npy
5,worm-000024_167.npy
1,worm-000024_168.npy
6,worm-000024_169.npy
0,worm-000024_170.npy
1,worm-000024_171.npy
0,worm-000024_172.npy
2,worm-000024_173.npy
1,worm-000024_174.npy
0,worm-000024_175.npy
1,worm-000024_176.npy
1,worm-000024_177.npy
1,worm-000024_178.npy
4,worm-000024_179.npy
0,worm-000024_180.npy
4,worm-000024_181.npy
1,worm-000024_182.npy
3,worm-000024_183.npy
1,worm-000024_184.npy
1,worm-000024_185.npy
4,worm-000024_186.npy
0,worm-000024_187.npy
5,worm-000024_188.npy
4,worm-000024_189.npy
1,worm-000024_190.npy
1,worm-000024_191.npy
1,worm-000024_194.npy
5,worm-000024_195.npy
1,worm-000024_197.npy
1,worm-000024_199.npy
0,worm-000024_200.npy
0,worm-000024_201.npy
4,worm-000024_202.npy
1,worm-000024_203.npy
0,worm-000024_204.npy
3,worm-000024_206.npy
6,worm-000024_207.npy
4,worm-000024_209.npy
0,worm-000024_210.npy
4,worm-000024_211.npy
5,worm-000024_212.npy
4,worm-000024_213.npy
4,worm-000024_214.npy
4,worm-000024_215.npy
3,worm-000024_216.npy
4,worm-000024_217.npy
4,worm-000024_218.npy
1,worm-000024_219.npy
1,worm-000024_220.npy
1,worm-000024_221.npy
1,worm-000024_222.npy
1,worm-000024_223.npy
1,worm-000024_224.npy
5,worm-000024_225.npy
1,worm-000024_226.npy
2,worm-000024_227.npy
1,worm-000024_228.npy
1,worm-000024_229.npy
1,worm-000024_230.npy
1,worm-000024_231.npy
5,worm-000024_232.npy
4,worm-000024_233.npy
5,worm-000024_238.npy
4,worm-000024_241.npy
1,worm-000024_242.npy
1,worm-000024_244.npy
4,worm-000024_245.npy
0,worm-000024_246.npy
4,worm-000024_247.npy
5,worm-000024_248.npy
5,worm-000024_252.npy
4,worm-000024_253.npy
5,worm-000024_254.npy
5,worm-000024_255.npy
4,worm-000024_257.npy
4,worm-000024_258.npy
4,worm-000024_260.npy
4,worm-000024_261.npy
3,worm-000024_264.npy
4,worm-000024_272.npy
3,worm-000024_273.npy
3,worm-000024_274.npy
2,worm-000025_000.npy
2,worm-000025_001.npy
2,worm-000025_002.npy
2,worm-000025_003.npy
2,worm-000025_004.npy
1,worm-000025_005.npy
1,worm-000025_006.npy
2,worm-000025_007.npy
2,worm-000025_008.npy
2,worm-000025_009.npy
1,worm-000025_010.npy
2,worm-000025_011.npy
1,worm-000025_012.npy
1,worm-000025_013.npy
6,worm-000025_014.npy
2,worm-000025_015.npy
2,worm-000025_016.npy
2,worm-000025_017.npy
2,worm-000025_018.npy
6,worm-000025_019.npy
1,worm-000025_020.npy
2,worm-000025_021.npy
2,worm-000025_022.npy
2,worm-000025_023.npy
2,worm-000025_024.npy
6,worm-000025_025.npy
2,worm-000025_026.npy
2,worm-000025_027.npy
2,worm-000025_028.npy
2,worm-000025_029.npy
2,worm-000025_030.npy
2,worm-000025_031.npy
6,worm-000025_032.npy
0,worm-000025_033.npy
1,worm-000025_034.npy
2,worm-000025_035.npy
2,worm-000025_036.npy
2,worm-000025_037.npy
2,worm-000025_038.npy
2,worm-000025_039.npy
2,worm-000025_040.npy
1,worm-000025_041.npy
2,worm-000025_042.npy
1,worm-000025_043.npy
2,worm-000025_044.npy
5,worm-000025_045.npy
1,worm-000025_046.npy
2,worm-000025_047.npy
2,worm-000025_048.npy
2,worm-000025_049.npy
0,worm-000025_050.npy
2,worm-000025_051.npy
2,worm-000025_052.npy
2,worm-000025_053.npy
5,worm-000025_054.npy
1,worm-000025_055.npy
4,worm-000025_056.npy
1,worm-000025_057.npy
2,worm-000025_058.npy
2,worm-000025_059.npy
2,worm-000025_060.npy
5,worm-000025_061.npy
2,worm-000025_062.npy
2,worm-000025_063.npy
0,worm-000025_064.npy
4,worm-000025_065.npy
2,worm-000025_066.npy
2,worm-000025_067.npy
2,worm-000025_069.npy
4,worm-000025_070.npy
4,worm-000025_071.npy
4,worm-000025_072.npy
2,worm-000025_074.npy
5,worm-000025_075.npy
5,worm-000025_076.npy
1,worm-000025_077.npy
4,worm-000025_078.npy
6,worm-000025_079.npy
4,worm-000025_080.npy
4,worm-000025_081.npy
4,worm-000025_082.npy
4,worm-000025_083.npy
4,worm-000025_084.npy
4,worm-000025_085.npy
2,worm-000025_086.npy
5,worm-000025_087.npy
3,worm-000025_088.npy
4,worm-000025_089.npy
4,worm-000025_090.npy
4,worm-000025_091.npy
2,worm-000025_092.npy
4,worm-000025_093.npy
1,worm-000025_094.npy
4,worm-000025_095.npy
4,worm-000025_096.npy
4,worm-000025_098.npy
4,worm-000025_099.npy
4,worm-000025_100.npy
4,worm-000025_101.npy
4,worm-000025_102.npy
4,worm-000025_103.npy
4,worm-000025_104.npy
4,worm-000025_105.npy
4,worm-000025_106.npy
4,worm-000025_107.npy
4,worm-000025_108.npy
4,worm-000025_111.npy
4,worm-000025_112.npy
2,worm-000025_114.npy
5,worm-000025_115.npy
4,worm-000025_117.npy
4,worm-000025_118.npy
4,worm-000025_123.npy
4,worm-000025_124.npy
2,worm-000025_126.npy
2,worm-000025_127.npy
2,worm-000025_128.npy
2,worm-000025_129.npy
2,worm-000025_130.npy
2,worm-000025_131.npy
2,worm-000025_132.npy
2,worm-000025_133.npy
1,worm-000025_134.npy
2,worm-000025_135.npy
2,worm-000025_136.npy
2,worm-000025_137.npy
2,worm-000025_138.npy
4,worm-000025_139.npy
2,worm-000025_140.npy
1,worm-000025_141.npy
2,worm-000025_142.npy
2,worm-000025_143.npy
2,worm-000025_144.npy
2,worm-000025_145.npy
2,worm-000025_146.npy
2,worm-000025_147.npy
2,worm-000025_148.npy
2,worm-000025_149.npy
1,worm-000025_150.npy
4,worm-000025_151.npy
2,worm-000025_152.npy
4,worm-000025_153.npy
2,worm-000025_154.npy
4,worm-000025_155.npy
2,worm-000025_156.npy
1,worm-000025_157.npy
3,worm-000025_158.npy
1,worm-000025_159.npy
2,worm-000025_160.npy
1,worm-000025_161.npy
2,worm-000025_162.npy
1,worm-000025_163.npy
4,worm-000025_164.npy
1,worm-000025_165.npy
2,worm-000025_166.npy
4,worm-000025_168.npy
3,worm-000025_169.npy
4,worm-000025_170.npy
4,worm-000025_171.npy
1,worm-000025_172.npy
4,worm-000025_173.npy
4,worm-000025_174.npy
4,worm-000025_176.npy
4,worm-000025_177.npy
4,worm-000025_178.npy
4,worm-000025_179.npy
4,worm-000025_180.npy
4,worm-000025_182.npy
4,worm-000025_183.npy
4,worm-000025_185.npy
4,worm-000025_186.npy
4,worm-000025_187.npy
4,worm-000025_188.npy
4,worm-000025_189.npy
4,worm-000025_191.npy
4,worm-000025_194.npy
4,worm-000025_195.npy
4,worm-000025_197.npy
4,worm-000025_198.npy
4,worm-000025_200.npy
4,worm-000025_201.npy
4,worm-000025_202.npy
0,worm-000025_203.npy
4,worm-000025_204.npy
4,worm-000025_205.npy
4,worm-000025_206.npy
2,worm-000025_209.npy
1,worm-000025_210.npy
1,worm-000025_211.npy
1,worm-000025_212.npy
2,worm-000025_213.npy
2,worm-000025_214.npy
2,worm-000025_215.npy
2,worm-000025_216.npy
2,worm-000025_217.npy
2,worm-000025_218.npy
1,worm-000025_219.npy
2,worm-000025_220.npy
1,worm-000025_221.npy
1,worm-000025_222.npy
1,worm-000025_223.npy
2,worm-000025_224.npy
2,worm-000025_225.npy
6,worm-000025_226.npy
2,worm-000025_227.npy
2,worm-000025_228.npy
1,worm-000025_229.npy
2,worm-000025_230.npy
1,worm-000025_231.npy
2,worm-000025_232.npy
1,worm-000025_233.npy
1,worm-000025_234.npy
1,worm-000025_235.npy
1,worm-000025_236.npy
2,worm-000025_237.npy
2,worm-000025_238.npy
2,worm-000025_239.npy
2,worm-000025_240.npy
2,worm-000025_241.npy
2,worm-000025_242.npy
4,worm-000025_243.npy
1,worm-000025_244.npy
2,worm-000025_245.npy
3,worm-000025_246.npy
5,worm-000025_247.npy
1,worm-000025_248.npy
3,worm-000025_249.npy
5,worm-000025_250.npy
6,worm-000025_251.npy
6,worm-000025_252.npy
4,worm-000025_253.npy
4,worm-000025_254.npy
6,worm-000025_255.npy
0,worm-000025_256.npy
4,worm-000025_257.npy
6,worm-000025_258.npy
4,worm-000025_260.npy
3,worm-000025_261.npy
2,worm-000025_262.npy
0,worm-000025_263.npy
4,worm-000025_264.npy
5,worm-000025_265.npy
4,worm-000025_267.npy
2,worm-000025_268.npy
4,worm-000025_270.npy
4,worm-000025_271.npy
4,worm-000025_272.npy
4,worm-000025_273.npy
4,worm-000025_274.npy
5,worm-000025_275.npy
4,worm-000025_277.npy
4,worm-000025_278.npy
3,worm-000025_280.npy
2,worm-000025_281.npy
4,worm-000025_282.npy
4,worm-000025_283.npy
5,worm-000025_285.npy
2,worm-000025_286.npy
2,worm-000025_287.npy
2,worm-000025_288.npy
2,worm-000025_289.npy
2,worm-000025_290.npy
2,worm-000025_291.npy
2,worm-000025_292.npy
2,worm-000025_293.npy
1,worm-000025_294.npy
2,worm-000025_295.npy
2,worm-000025_296.npy
6,worm-000025_297.npy
2,worm-000025_298.npy
2,worm-000025_299.npy
2,worm-000025_300.npy
6,worm-000025_302.npy
2,worm-000025_303.npy
2,worm-000025_304.npy
2,worm-000025_305.npy
6,worm-000025_306.npy
1,worm-000025_307.npy
1,worm-000025_308.npy
1,worm-000025_309.npy
0,worm-000025_310.npy
1,worm-000025_311.npy
1,worm-000025_312.npy
2,worm-000025_313.npy
2,worm-000025_314.npy
5,worm-000025_315.npy
5,worm-000025_316.npy
5,worm-000025_317.npy
1,worm-000025_318.npy
1,worm-000025_319.npy
4,worm-000025_320.npy
4,worm-000025_321.npy
4,worm-000025_322.npy
4,worm-000025_324.npy
4,worm-000025_325.npy
4,worm-000025_326.npy
4,worm-000025_327.npy
4,worm-000025_328.npy
4,worm-000025_329.npy
4,worm-000025_330.npy
4,worm-000025_331.npy
1,worm-000025_332.npy
4,worm-000025_333.npy
4,worm-000025_336.npy
4,worm-000025_338.npy
4,worm-000025_339.npy
4,worm-000025_340.npy
2,worm-000025_341.npy
4,worm-000025_342.npy
5,worm-000025_346.npy
4,worm-000025_349.npy
4,worm-000025_350.npy
5,worm-000025_353.npy
4,worm-000025_356.npy
4,worm-000025_357.npy
5,worm-000025_359.npy
0,worm-000025_360.npy
2,worm-000025_363.npy
5,worm-000025_364.npy
4,worm-000025_366.npy
4,worm-000025_367.npy
5,worm-000025_369.npy
4,worm-000025_370.npy
4,worm-000025_376.npy
4,worm-000025_377.npy
4,worm-000025_380.npy
4,worm-000025_381.npy
4,worm-000025_382.npy
4,worm-000025_384.npy
4,worm-000025_388.npy
4,worm-000025_392.npy
5,worm-000025_393.npy
4,worm-000025_394.npy
4,worm-000025_396.npy
4,worm-000025_398.npy
4,worm-000025_401.npy
4,worm-000025_402.npy
4,worm-000025_403.npy
4,worm-000025_404.npy
4,worm-000025_405.npy
5,worm-000025_408.npy
4,worm-000025_411.npy
4,worm-000025_412.npy
4,worm-000025_414.npy
4,worm-000025_416.npy
4,worm-000025_417.npy
4,worm-000025_418.npy
4,worm-000025_419.npy
5,worm-000025_420.npy
4,worm-000025_421.npy
4,worm-000025_422.npy
1,worm-000025_423.npy
2,worm-000025_424.npy
4,worm-000025_425.npy
4,worm-000025_426.npy
1,worm-000026_000.npy
1,worm-000026_001.npy
1,worm-000026_002.npy
1,worm-000026_003.npy
1,worm-000026_004.npy
1,worm-000026_005.npy
1,worm-000026_006.npy
1,worm-000026_007.npy
1,worm-000026_008.npy
1,worm-000026_009.npy
1,worm-000026_010.npy
5,worm-000026_011.npy
1,worm-000026_012.npy
1,worm-000026_013.npy
1,worm-000026_014.npy
5,worm-000026_015.npy
6,worm-000026_016.npy
1,worm-000026_017.npy
1,worm-000026_018.npy
1,worm-000026_019.npy
1,worm-000026_020.npy
1,worm-000026_021.npy
1,worm-000026_022.npy
1,worm-000026_023.npy
1,worm-000026_024.npy
1,worm-000026_025.npy
1,worm-000026_026.npy
1,worm-000026_027.npy
1,worm-000026_028.npy
1,worm-000026_029.npy
1,worm-000026_030.npy
1,worm-000026_031.npy
1,worm-000026_032.npy
1,worm-000026_033.npy
1,worm-000026_034.npy
1,worm-000026_035.npy
1,worm-000026_036.npy
1,worm-000026_037.npy
1,worm-000026_038.npy
1,worm-000026_039.npy
1,worm-000026_040.npy
5,worm-000026_041.npy
0,worm-000026_042.npy
6,worm-000026_043.npy
1,worm-000026_044.npy
6,worm-000026_045.npy
0,worm-000026_046.npy
1,worm-000026_047.npy
1,worm-000026_048.npy
0,worm-000026_049.npy
1,worm-000026_050.npy
1,worm-000026_051.npy
0,worm-000026_052.npy
0,worm-000026_053.npy
1,worm-000026_055.npy
1,worm-000026_056.npy
1,worm-000026_057.npy
1,worm-000026_058.npy
0,worm-000026_059.npy
0,worm-000026_060.npy
1,worm-000026_061.npy
0,worm-000026_062.npy
2,worm-000026_063.npy
0,worm-000026_064.npy
0,worm-000026_065.npy
0,worm-000026_066.npy
1,worm-000026_067.npy
1,worm-000026_068.npy
0,worm-000026_069.npy
0,worm-000026_070.npy
1,worm-000026_071.npy
1,worm-000026_072.npy
1,worm-000026_073.npy
2,worm-000026_074.npy
4,worm-000026_075.npy
1,worm-000026_076.npy
0,worm-000026_077.npy
0,worm-000026_078.npy
1,worm-000026_079.npy
0,worm-000026_080.npy
1,worm-000026_081.npy
3,worm-000026_082.npy
0,worm-000026_083.npy
1,worm-000026_084.npy
1,worm-000026_085.npy
1,worm-000026_086.npy
0,worm-000026_088.npy
0,worm-000026_089.npy
4,worm-000026_090.npy
1,worm-000026_091.npy
0,worm-000026_092.npy
1,worm-000026_093.npy
0,worm-000026_094.npy
0,worm-000026_095.npy
4,worm-000026_096.npy
3,worm-000026_097.npy
2,worm-000026_098.npy
1,worm-000026_099.npy
5,worm-000026_100.npy
1,worm-000026_101.npy
4,worm-000026_103.npy
1,worm-000026_104.npy
3,worm-000026_105.npy
4,worm-000026_106.npy
4,worm-000026_107.npy
4,worm-000026_108.npy
1,worm-000026_110.npy
5,worm-000026_111.npy
0,worm-000026_112.npy
4,worm-000026_114.npy
4,worm-000026_116.npy
3,worm-000026_118.npy
5,worm-000026_121.npy
4,worm-000026_122.npy
4,worm-000026_123.npy
4,worm-000026_124.npy
1,worm-000026_125.npy
4,worm-000026_126.npy
4,worm-000026_128.npy
1,worm-000026_129.npy
4,worm-000026_130.npy
4,worm-000026_131.npy
3,worm-000026_132.npy
5,worm-000026_133.npy
0,worm-000026_134.npy
1,worm-000026_135.npy
1,worm-000026_136.npy
1,worm-000026_137.npy
1,worm-000026_138.npy
1,worm-000026_139.npy
1,worm-000026_140.npy
1,worm-000026_141.npy
1,worm-000026_142.npy
1,worm-000026_143.npy
1,worm-000026_144.npy
1,worm-000026_145.npy
4,worm-000026_146.npy
0,worm-000026_147.npy
4,worm-000026_148.npy
0,worm-000026_149.npy
1,worm-000026_150.npy
1,worm-000026_152.npy
1,worm-000026_153.npy
4,worm-000026_154.npy
4,worm-000026_155.npy
4,worm-000026_156.npy
5,worm-000026_157.npy
4,worm-000026_158.npy
4,worm-000026_159.npy
1,worm-000026_160.npy
4,worm-000026_161.npy
4,worm-000026_162.npy
4,worm-000026_163.npy
4,worm-000026_164.npy
4,worm-000026_165.npy
1,worm-000026_166.npy
4,worm-000026_167.npy
1,worm-000026_170.npy
4,worm-000026_171.npy
4,worm-000026_172.npy
4,worm-000026_173.npy
4,worm-000026_174.npy
4,worm-000026_175.npy
3,worm-000026_176.npy
4,worm-000026_177.npy
4,worm-000026_178.npy
4,worm-000026_179.npy
4,worm-000026_180.npy
0,worm-000026_182.npy
4,worm-000026_183.npy
4,worm-000026_184.npy
4,worm-000026_185.npy
4,worm-000026_189.npy
4,worm-000026_190.npy
4,worm-000026_191.npy
1,worm-000026_192.npy
4,worm-000026_193.npy
5,worm-000026_194.npy
4,worm-000026_196.npy
1,worm-000026_197.npy
1,worm-000026_198.npy
1,worm-000026_199.npy
1,worm-000026_200.npy
1,worm-000026_201.npy
1,worm-000026_202.npy
1,worm-000026_203.npy
1,worm-000026_204.npy
1,worm-000026_205.npy
1,worm-000026_206.npy
1,worm-000026_207.npy
1,worm-000026_208.npy
1,worm-000026_209.npy
1,worm-000026_210.npy
1,worm-000026_211.npy
1,worm-000026_212.npy
1,worm-000026_213.npy
1,worm-000026_214.npy
2,worm-000026_215.npy
1,worm-000026_216.npy
1,worm-000026_217.npy
1,worm-000026_218.npy
1,worm-000026_219.npy
1,worm-000026_220.npy
1,worm-000026_221.npy
1,worm-000026_222.npy
6,worm-000026_223.npy
1,worm-000026_225.npy
0,worm-000026_226.npy
1,worm-000026_227.npy
1,worm-000026_228.npy
0,worm-000026_229.npy
0,worm-000026_230.npy
1,worm-000026_231.npy
0,worm-000026_232.npy
4,worm-000026_233.npy
0,worm-000026_234.npy
0,worm-000026_235.npy
1,worm-000026_236.npy
1,worm-000026_237.npy
0,worm-000026_238.npy
5,worm-000026_239.npy
1,worm-000026_240.npy
0,worm-000026_241.npy
0,worm-000026_242.npy
0,worm-000026_243.npy
5,worm-000026_244.npy
1,worm-000026_246.npy
4,worm-000026_247.npy
4,worm-000026_248.npy
4,worm-000026_250.npy
4,worm-000026_251.npy
4,worm-000026_252.npy
4,worm-000026_254.npy
0,worm-000026_255.npy
4,worm-000026_256.npy
5,worm-000026_258.npy
0,worm-000026_260.npy
4,worm-000026_261.npy
4,worm-000026_264.npy
1,worm-000026_265.npy
1,worm-000026_266.npy
1,worm-000026_267.npy
1,worm-000026_268.npy
1,worm-000026_269.npy
1,worm-000026_270.npy
0,worm-000026_271.npy
1,worm-000026_272.npy
4,worm-000026_273.npy
4,worm-000026_274.npy
4,worm-000026_275.npy
4,worm-000026_276.npy
4,worm-000026_277.npy
4,worm-000026_278.npy
4,worm-000026_279.npy
4,worm-000026_280.npy
4,worm-000026_281.npy
4,worm-000026_282.npy
4,worm-000026_283.npy
4,worm-000026_285.npy
4,worm-000026_286.npy
4,worm-000026_287.npy
4,worm-000026_288.npy
4,worm-000026_289.npy
4,worm-000026_290.npy
4,worm-000026_291.npy
4,worm-000026_292.npy
1,worm-000026_297.npy
1,worm-000026_298.npy
5,worm-000026_299.npy
4,worm-000026_301.npy
5,worm-000026_304.npy
4,worm-000026_305.npy
4,worm-000026_309.npy
4,worm-000026_310.npy
4,worm-000026_311.npy
4,worm-000026_313.npy
5,worm-000026_314.npy
4,worm-000026_315.npy
4,worm-000026_317.npy
4,worm-000026_318.npy
4,worm-000026_320.npy
4,worm-000026_321.npy
4,worm-000026_322.npy
4,worm-000026_327.npy
4,worm-000026_328.npy
4,worm-000026_329.npy
4,worm-000026_332.npy
4,worm-000026_333.npy
4,worm-000026_335.npy
4,worm-000026_336.npy
4,worm-000026_337.npy
4,worm-000026_338.npy
4,worm-000026_339.npy
1,worm-000027_000.npy
1,worm-000027_001.npy
1,worm-000027_002.npy
1,worm-000027_003.npy
1,worm-000027_004.npy
1,worm-000027_005.npy
1,worm-000027_006.npy
1,worm-000027_007.npy
1,worm-000027_008.npy
2,worm-000027_009.npy
1,worm-000027_010.npy
1,worm-000027_011.npy
4,worm-000027_012.npy
1,worm-000027_013.npy
1,worm-000027_014.npy
1,worm-000027_015.npy
1,worm-000027_016.npy
2,worm-000027_017.npy
1,worm-000027_018.npy
1,worm-000027_019.npy
6,worm-000027_020.npy
1,worm-000027_021.npy
2,worm-000027_022.npy
1,worm-000027_023.npy
1,worm-000027_024.npy
1,worm-000027_025.npy
4,worm-000027_026.npy
1,worm-000027_027.npy
1,worm-000027_028.npy
1,worm-000027_029.npy
1,worm-000027_030.npy
2,worm-000027_031.npy
1,worm-000027_032.npy
4,worm-000027_033.npy
4,worm-000027_034.npy
1,worm-000027_035.npy
1,worm-000027_036.npy
1,worm-000027_037.npy
2,worm-000027_038.npy
1,worm-000027_039.npy
1,worm-000027_040.npy
0,worm-000027_041.npy
1,worm-000027_042.npy
1,worm-000027_043.npy
1,worm-000027_044.npy
4,worm-000027_045.npy
4,worm-000027_046.npy
1,worm-000027_047.npy
1,worm-000027_048.npy
4,worm-000027_049.npy
4,worm-000027_050.npy
2,worm-000027_051.npy
1,worm-000027_052.npy
1,worm-000027_053.npy
4,worm-000027_054.npy
0,worm-000027_055.npy
4,worm-000027_056.npy
1,worm-000027_057.npy
2,worm-000027_058.npy
0,worm-000027_059.npy
4,worm-000027_060.npy
1,worm-000027_061.npy
4,worm-000027_062.npy
4,worm-000027_065.npy
4,worm-000027_066.npy
4,worm-000027_069.npy
5,worm-000027_070.npy
4,worm-000027_071.npy
4,worm-000027_072.npy
4,worm-000027_073.npy
4,worm-000027_074.npy
4,worm-000027_075.npy
4,worm-000027_076.npy
4,worm-000027_077.npy
4,worm-000027_078.npy
4,worm-000027_079.npy
4,worm-000027_081.npy
4,worm-000027_082.npy
4,worm-000027_083.npy
4,worm-000027_084.npy
4,worm-000027_085.npy
4,worm-000027_087.npy
4,worm-000027_088.npy
4,worm-000027_089.npy
4,worm-000027_090.npy
4,worm-000027_091.npy
4,worm-000027_092.npy
4,worm-000027_093.npy
4,worm-000027_095.npy
4,worm-000027_096.npy
1,worm-000027_099.npy
2,worm-000027_100.npy
2,worm-000027_101.npy
1,worm-000027_102.npy
1,worm-000027_103.npy
2,worm-000027_104.npy
1,worm-000027_105.npy
1,worm-000027_106.npy
2,worm-000027_107.npy
1,worm-000027_108.npy
1,worm-000027_109.npy
1,worm-000027_110.npy
1,worm-000027_111.npy
2,worm-000027_112.npy
1,worm-000027_113.npy
1,worm-000027_114.npy
1,worm-000027_115.npy
1,worm-000027_116.npy
1,worm-000027_117.npy
1,worm-000027_118.npy
2,worm-000027_119.npy
1,worm-000027_120.npy
1,worm-000027_121.npy
1,worm-000027_122.npy
1,worm-000027_123.npy
2,worm-000027_124.npy
6,worm-000027_125.npy
1,worm-000027_126.npy
1,worm-000027_127.npy
1,worm-000027_128.npy
0,worm-000027_129.npy
1,worm-000027_130.npy
1,worm-000027_131.npy
1,worm-000027_132.npy
1,worm-000027_133.npy
1,worm-000027_134.npy
4,worm-000027_135.npy
1,worm-000027_136.npy
1,worm-000027_137.npy
2,worm-000027_138.npy
4,worm-000027_139.npy
4,worm-000027_141.npy
4,worm-000027_142.npy
2,worm-000027_143.npy
5,worm-000027_144.npy
0,worm-000027_145.npy
4,worm-000027_146.npy
4,worm-000027_147.npy
4,worm-000027_148.npy
3,worm-000027_149.npy
5,worm-000027_150.npy
4,worm-000027_151.npy
3,worm-000027_152.npy
4,worm-000027_153.npy
4,worm-000027_154.npy
4,worm-000027_155.npy
4,worm-000027_156.npy
4,worm-000027_157.npy
0,worm-000027_158.npy
1,worm-000027_159.npy
4,worm-000027_160.npy
4,worm-000027_161.npy
4,worm-000027_162.npy
4,worm-000027_163.npy
3,worm-000027_164.npy
4,worm-000027_165.npy
4,worm-000027_166.npy
4,worm-000027_167.npy
4,worm-000027_168.npy
4,worm-000027_169.npy
4,worm-000027_172.npy
4,worm-000027_173.npy
4,worm-000027_174.npy
4,worm-000027_175.npy
4,worm-000027_176.npy
4,worm-000027_178.npy
4,worm-000027_179.npy
4,worm-000027_180.npy
4,worm-000027_182.npy
4,worm-000027_183.npy
4,worm-000027_186.npy
4,worm-000027_187.npy
4,worm-000027_188.npy
4,worm-000027_189.npy
1,worm-000027_190.npy
1,worm-000027_191.npy
1,worm-000027_192.npy
1,worm-000027_193.npy
1,worm-000027_194.npy
2,worm-000027_195.npy
1,worm-000027_196.npy
2,worm-000027_197.npy
2,worm-000027_198.npy
1,worm-000027_199.npy
1,worm-000027_200.npy
1,worm-000027_201.npy
1,worm-000027_202.npy
1,worm-000027_203.npy
2,worm-000027_204.npy
2,worm-000027_205.npy
2,worm-000027_206.npy
1,worm-000027_207.npy
1,worm-000027_208.npy
2,worm-000027_209.npy
2,worm-000027_210.npy
2,worm-000027_211.npy
1,worm-000027_212.npy
2,worm-000027_213.npy
1,worm-000027_214.npy
1,worm-000027_215.npy
2,worm-000027_216.npy
1,worm-000027_217.npy
1,worm-000027_218.npy
1,worm-000027_219.npy
1,worm-000027_220.npy
2,worm-000027_221.npy
1,worm-000027_222.npy
1,worm-000027_223.npy
1,worm-000027_224.npy
2,worm-000027_225.npy
1,worm-000027_226.npy
2,worm-000027_227.npy
1,worm-000027_228.npy
1,worm-000027_229.npy
2,worm-000027_230.npy
1,worm-000027_231.npy
2,worm-000027_232.npy
1,worm-000027_233.npy
1,worm-000027_234.npy
1,worm-000027_235.npy
2,worm-000027_236.npy
1,worm-000027_237.npy
1,worm-000027_238.npy
1,worm-000027_239.npy
1,worm-000027_240.npy
1,worm-000027_241.npy
1,worm-000027_242.npy
4,worm-000027_243.npy
4,worm-000027_244.npy
1,worm-000027_245.npy
0,worm-000027_246.npy
0,worm-000027_247.npy
4,worm-000027_248.npy
1,worm-000027_249.npy
4,worm-000027_250.npy
4,worm-000027_251.npy
3,worm-000027_252.npy
4,worm-000027_255.npy
4,worm-000027_256.npy
4,worm-000027_257.npy
2,worm-000027_258.npy
0,worm-000027_259.npy
4,worm-000027_260.npy
4,worm-000027_261.npy
4,worm-000027_262.npy
1,worm-000027_264.npy
4,worm-000027_265.npy
4,worm-000027_267.npy
4,worm-000027_268.npy
4,worm-000027_269.npy
5,worm-000027_270.npy
0,worm-000027_271.npy
4,worm-000027_272.npy
4,worm-000027_273.npy
4,worm-000027_274.npy
4,worm-000027_275.npy
4,worm-000027_276.npy
4,worm-000027_277.npy
5,worm-000027_278.npy
4,worm-000027_279.npy
5,worm-000027_280.npy
4,worm-000027_283.npy
4,worm-000027_284.npy
5,worm-000027_286.npy
4,worm-000027_287.npy
4,worm-000027_288.npy
4,worm-000027_289.npy
4,worm-000027_290.npy
4,worm-000027_291.npy
4,worm-000027_292.npy
4,worm-000027_294.npy
4,worm-000027_295.npy
4,worm-000027_296.npy
4,worm-000027_297.npy
2,worm-000027_298.npy
1,worm-000027_299.npy
2,worm-000027_300.npy
1,worm-000027_301.npy
1,worm-000027_302.npy
1,worm-000027_303.npy
2,worm-000027_304.npy
2,worm-000027_305.npy
1,worm-000027_306.npy
1,worm-000027_307.npy
1,worm-000027_308.npy
1,worm-000027_309.npy
1,worm-000027_310.npy
4,worm-000027_311.npy
1,worm-000027_312.npy
1,worm-000027_313.npy
1,worm-000027_314.npy
2,worm-000027_315.npy
0,worm-000027_316.npy
1,worm-000027_317.npy
1,worm-000027_318.npy
1,worm-000027_319.npy
0,worm-000027_320.npy
2,worm-000027_321.npy
1,worm-000027_322.npy
6,worm-000027_323.npy
4,worm-000027_324.npy
3,worm-000027_325.npy
4,worm-000027_326.npy
1,worm-000027_327.npy
4,worm-000027_328.npy
4,worm-000027_329.npy
4,worm-000027_330.npy
4,worm-000027_332.npy
4,worm-000027_334.npy
2,worm-000027_335.npy
4,worm-000027_336.npy
4,worm-000027_337.npy
4,worm-000027_338.npy
5,worm-000027_339.npy
4,worm-000027_341.npy
5,worm-000027_343.npy
4,worm-000027_344.npy
4,worm-000027_345.npy
4,worm-000027_346.npy
4,worm-000027_348.npy
4,worm-000027_349.npy
0,worm-000027_350.npy
4,worm-000027_352.npy
0,worm-000027_353.npy
1,worm-000027_354.npy
3,worm-000027_356.npy
4,worm-000027_360.npy
4,worm-000027_362.npy
5,worm-000027_365.npy
4,worm-000027_366.npy
4,worm-000027_367.npy
1,worm-000027_368.npy
4,worm-000027_370.npy
4,worm-000027_372.npy
4,worm-000027_377.npy
4,worm-000027_379.npy
4,worm-000027_380.npy
4,worm-000027_381.npy
4,worm-000027_382.npy
4,worm-000027_383.npy
4,worm-000027_385.npy
3,worm-000027_388.npy
4,worm-000027_391.npy
4,worm-000027_394.npy
4,worm-000027_396.npy
4,worm-000027_397.npy
4,worm-000027_398.npy
4,worm-000027_400.npy
1,worm-000027_402.npy
4,worm-000027_403.npy
4,worm-000027_404.npy
4,worm-000027_405.npy
4,worm-000027_406.npy
4,worm-000027_407.npy
4,worm-000027_408.npy
4,worm-000027_409.npy
4,worm-000027_410.npy
4,worm-000027_411.npy
2,worm-000028_000.npy
2,worm-000028_001.npy
1,worm-000028_002.npy
5,worm-000028_003.npy
1,worm-000028_004.npy
1,worm-000028_005.npy
1,worm-000028_006.npy
1,worm-000028_007.npy
1,worm-000028_008.npy
1,worm-000028_009.npy
1,worm-000028_010.npy
1,worm-000028_011.npy
1,worm-000028_012.npy
1,worm-000028_013.npy
1,worm-000028_014.npy
1,worm-000028_015.npy
1,worm-000028_016.npy
1,worm-000028_017.npy
1,worm-000028_018.npy
1,worm-000028_020.npy
0,worm-000028_021.npy
1,worm-000028_022.npy
1,worm-000028_023.npy
1,worm-000028_024.npy
1,worm-000028_025.npy
1,worm-000028_026.npy
0,worm-000028_027.npy
1,worm-000028_028.npy
1,worm-000028_029.npy
0,worm-000028_030.npy
1,worm-000028_031.npy
1,worm-000028_032.npy
1,worm-000028_033.npy
1,worm-000028_034.npy
1,worm-000028_035.npy
0,worm-000028_036.npy
0,worm-000028_037.npy
0,worm-000028_038.npy
1,worm-000028_039.npy
0,worm-000028_040.npy
1,worm-000028_041.npy
3,worm-000028_042.npy
1,worm-000028_043.npy
1,worm-000028_044.npy
1,worm-000028_045.npy
0,worm-000028_046.npy
1,worm-000028_047.npy
2,worm-000028_048.npy
1,worm-000028_050.npy
0,worm-000028_051.npy
1,worm-000028_052.npy
1,worm-000028_053.npy
0,worm-000028_054.npy
0,worm-000028_055.npy
4,worm-000028_056.npy
0,worm-000028_057.npy
4,worm-000028_058.npy
4,worm-000028_059.npy
0,worm-000028_060.npy
1,worm-000028_061.npy
4,worm-000028_062.npy
0,worm-000028_063.npy
1,worm-000028_064.npy
1,worm-000028_065.npy
1,worm-000028_066.npy
3,worm-000028_068.npy
4,worm-000028_069.npy
5,worm-000028_070.npy
0,worm-000028_071.npy
1,worm-000028_072.npy
4,worm-000028_073.npy
1,worm-000028_074.npy
4,worm-000028_075.npy
1,worm-000028_076.npy
1,worm-000028_077.npy
1,worm-000028_078.npy
0,worm-000028_079.npy
0,worm-000028_080.npy
1,worm-000028_081.npy
5,worm-000028_082.npy
4,worm-000028_083.npy
0,worm-000028_084.npy
1,worm-000028_085.npy
0,worm-000028_086.npy
1,worm-000028_087.npy
1,worm-000028_088.npy
1,worm-000028_089.npy
1,worm-000028_090.npy
6,worm-000028_091.npy
0,worm-000028_092.npy
1,worm-000028_093.npy
4,worm-000028_095.npy
4,worm-000028_096.npy
4,worm-000028_097.npy
4,worm-000028_098.npy
1,worm-000028_099.npy
4,worm-000028_101.npy
3,worm-000028_102.npy
4,worm-000028_105.npy
1,worm-000028_106.npy
4,worm-000028_107.npy
4,worm-000028_108.npy
4,worm-000028_110.npy
4,worm-000028_111.npy
4,worm-000028_112.npy
4,worm-000028_113.npy
4,worm-000028_114.npy
1,worm-000028_117.npy
1,worm-000028_118.npy
1,worm-000028_119.npy
1,worm-000028_120.npy
2,worm-000028_121.npy
2,worm-000028_122.npy
1,worm-000028_123.npy
1,worm-000028_124.npy
1,worm-000028_125.npy
1,worm-000028_126.npy
1,worm-000028_127.npy
1,worm-000028_128.npy
1,worm-000028_129.npy
1,worm-000028_130.npy
1,worm-000028_131.npy
1,worm-000028_132.npy
0,worm-000028_133.npy
1,worm-000028_134.npy
1,worm-000028_135.npy
1,worm-000028_136.npy
0,worm-000028_137.npy
0,worm-000028_138.npy
1,worm-000028_139.npy
0,worm-000028_140.npy
1,worm-000028_141.npy
4,worm-000028_142.npy
0,worm-000028_143.npy
0,worm-000028_144.npy
4,worm-000028_145.npy
1,worm-000028_146.npy
1,worm-000028_147.npy
1,worm-000028_148.npy
0,worm-000028_149.npy
4,worm-000028_150.npy
4,worm-000028_151.npy
0,worm-000028_152.npy
0,worm-000028_153.npy
0,worm-000028_154.npy
1,worm-000028_155.npy
1,worm-000028_156.npy
0,worm-000028_157.npy
4,worm-000028_158.npy
5,worm-000028_159.npy
0,worm-000028_160.npy
0,worm-000028_161.npy
5,worm-000028_163.npy
0,worm-000028_164.npy
0,worm-000028_165.npy
1,worm-000028_166.npy
0,worm-000028_167.npy
4,worm-000028_168.npy
1,worm-000028_169.npy
1,worm-000028_170.npy
4,worm-000028_171.npy
1,worm-000028_172.npy
1,worm-000028_173.npy
4,worm-000028_174.npy
1,worm-000028_176.npy
5,worm-000028_177.npy
1,worm-000028_179.npy
4,worm-000028_180.npy
4,worm-000028_181.npy
1,worm-000028_182.npy
0,worm-000028_184.npy
1,worm-000028_185.npy
1,worm-000028_186.npy
4,worm-000028_188.npy
4,worm-000028_189.npy
4,worm-000028_191.npy
4,worm-000028_192.npy
4,worm-000028_194.npy
4,worm-000028_195.npy
4,worm-000028_197.npy
4,worm-000028_198.npy
4,worm-000028_200.npy
4,worm-000028_201.npy
1,worm-000028_203.npy
1,worm-000028_204.npy
1,worm-000028_205.npy
1,worm-000028_206.npy
1,worm-000028_207.npy
1,worm-000028_208.npy
1,worm-000028_209.npy
2,worm-000028_210.npy
0,worm-000028_211.npy
1,worm-000028_212.npy
1,worm-000028_213.npy
1,worm-000028_214.npy
1,worm-000028_215.npy
1,worm-000028_216.npy
1,worm-000028_217.npy
1,worm-000028_218.npy
3,worm-000028_220.npy
4,worm-000028_222.npy
4,worm-000028_224.npy
4,worm-000028_228.npy
4,worm-000028_229.npy
4,worm-000028_230.npy
1,worm-000028_232.npy
1,worm-000028_234.npy
0,worm-000028_235.npy
1,worm-000028_236.npy
1,worm-000028_237.npy
1,worm-000028_238.npy
0,worm-000028_239.npy
4,worm-000028_240.npy
1,worm-000028_242.npy
4,worm-000028_243.npy
1,worm-000028_244.npy
4,worm-000028_250.npy
4,worm-000028_253.npy
4,worm-000028_255.npy
5,worm-000028_256.npy
4,worm-000028_257.npy
4,worm-000028_259.npy
4,worm-000028_260.npy
4,worm-000028_262.npy
4,worm-000028_263.npy
4,worm-000028_268.npy
4,worm-000028_269.npy
4,worm-000028_270.npy
4,worm-000028_271.npy
4,worm-000028_273.npy
4,worm-000028_274.npy
4,worm-000028_276.npy
4,worm-000028_277.npy
4,worm-000028_280.npy
1,worm-000028_281.npy
1,worm-000028_282.npy
3,worm-000028_283.npy
1,worm-000028_284.npy
0,worm-000028_285.npy
4,worm-000028_286.npy
4,worm-000028_288.npy
5,worm-000028_289.npy
2,worm-000029_000.npy
1,worm-000029_001.npy
2,worm-000029_002.npy
2,worm-000029_003.npy
1,worm-000029_004.npy
2,worm-000029_005.npy
2,worm-000029_006.npy
2,worm-000029_007.npy
2,worm-000029_008.npy
2,worm-000029_009.npy
6,worm-000029_010.npy
2,worm-000029_011.npy
2,worm-000029_012.npy
2,worm-000029_013.npy
2,worm-000029_014.npy
2,worm-000029_015.npy
2,worm-000029_016.npy
2,worm-000029_017.npy
2,worm-000029_018.npy
6,worm-000029_019.npy
2,worm-000029_020.npy
1,worm-000029_021.npy
2,worm-000029_022.npy
2,worm-000029_023.npy
2,worm-000029_024.npy
1,worm-000029_025.npy
1,worm-000029_026.npy
2,worm-000029_027.npy
2,worm-000029_028.npy
2,worm-000029_029.npy
1,worm-000029_030.npy
2,worm-000029_031.npy
2,worm-000029_032.npy
2,worm-000029_033.npy
2,worm-000029_034.npy
1,worm-000029_035.npy
2,worm-000029_036.npy
2,worm-000029_037.npy
2,worm-000029_038.npy
1,worm-000029_039.npy
2,worm-000029_040.npy
0,worm-000029_041.npy
4,worm-000029_042.npy
1,worm-000029_043.npy
2,worm-000029_044.npy
2,worm-000029_045.npy
4,worm-000029_046.npy
1,worm-000029_047.npy
2,worm-000029_049.npy
2,worm-000029_050.npy
2,worm-000029_051.npy
2,worm-000029_052.npy
2,worm-000029_053.npy
2,worm-000029_054.npy
1,worm-000029_055.npy
2,worm-000029_056.npy
4,worm-000029_057.npy
1,worm-000029_058.npy
2,worm-000029_059.npy
2,worm-000029_060.npy
3,worm-000029_061.npy
2,worm-000029_062.npy
2,worm-000029_063.npy
1,worm-000029_064.npy
2,worm-000029_066.npy
4,worm-000029_067.npy
4,worm-000029_069.npy
2,worm-000029_070.npy
1,worm-000029_071.npy
4,worm-000029_072.npy
2,worm-000029_073.npy
4,worm-000029_074.npy
1,worm-000029_075.npy
2,worm-000029_076.npy
2,worm-000029_077.npy
2,worm-000029_078.npy
2,worm-000029_079.npy
2,worm-000029_080.npy
1,worm-000029_081.npy
2,worm-000029_082.npy
2,worm-000029_083.npy
4,worm-000029_085.npy
2,worm-000029_087.npy
5,worm-000029_088.npy
1,worm-000029_089.npy
4,worm-000029_090.npy
4,worm-000029_091.npy
4,worm-000029_092.npy
2,worm-000029_093.npy
4,worm-000029_094.npy
4,worm-000029_095.npy
3,worm-000029_096.npy
4,worm-000029_097.npy
2,worm-000029_098.npy
5,worm-000029_100.npy
4,worm-000029_102.npy
4,worm-000029_104.npy
5,worm-000029_105.npy
4,worm-000029_106.npy
4,worm-000029_107.npy
4,worm-000029_108.npy
4,worm-000029_109.npy
0,worm-000029_113.npy
4,worm-000029_115.npy
4,worm-000029_117.npy
4,worm-000029_119.npy
2,worm-000029_121.npy
4,worm-000029_122.npy
4,worm-000029_123.npy
2,worm-000029_124.npy
1,worm-000029_125.npy
2,worm-000029_126.npy
2,worm-000029_127.npy
2,worm-000029_128.npy
2,worm-000029_129.npy
2,worm-000029_130.npy
2,worm-000029_131.npy
2,worm-000029_132.npy
2,worm-000029_133.npy
1,worm-000029_134.npy
2,worm-000029_135.npy
1,worm-000029_136.npy
2,worm-000029_137.npy
2,worm-000029_138.npy
2,worm-000029_139.npy
2,worm-000029_140.npy
1,worm-000029_141.npy
2,worm-000029_142.npy
1,worm-000029_143.npy
2,worm-000029_144.npy
2,worm-000029_145.npy
2,worm-000029_146.npy
2,worm-000029_147.npy
6,worm-000029_148.npy
2,worm-000029_149.npy
2,worm-000029_150.npy
2,worm-000029_151.npy
1,worm-000029_152.npy
2,worm-000029_153.npy
2,worm-000029_154.npy
1,worm-000029_155.npy
6,worm-000029_156.npy
1,worm-000029_157.npy
6,worm-000029_158.npy
6,worm-000029_159.npy
2,worm-000029_160.npy
6,worm-000029_161.npy
2,worm-000029_162.npy
1,worm-000029_163.npy
1,worm-000029_164.npy
2,worm-000029_165.npy
1,worm-000029_166.npy
1,worm-000029_167.npy
1,worm-000029_168.npy
2,worm-000029_169.npy
2,worm-000029_170.npy
2,worm-000029_171.npy
2,worm-000029_172.npy
4,worm-000029_173.npy
1,worm-000029_174.npy
5,worm-000029_175.npy
1,worm-000029_176.npy
2,worm-000029_177.npy
6,worm-000029_178.npy
2,worm-000029_179.npy
4,worm-000029_180.npy
2,worm-000029_182.npy
4,worm-000029_183.npy
4,worm-000029_184.npy
0,worm-000029_186.npy
6,worm-000029_187.npy
5,worm-000029_188.npy
4,worm-000029_189.npy
4,worm-000029_190.npy
6,worm-000029_191.npy
2,worm-000029_192.npy
4,worm-000029_193.npy
4,worm-000029_194.npy
5,worm-000029_195.npy
2,worm-000029_196.npy
2,worm-000029_197.npy
4,worm-000029_198.npy
1,worm-000029_199.npy
4,worm-000029_200.npy
4,worm-000029_201.npy
2,worm-000029_202.npy
2,worm-000029_203.npy
3,worm-000029_204.npy
4,worm-000029_206.npy
1,worm-000029_207.npy
4,worm-000029_208.npy
2,worm-000029_209.npy
4,worm-000029_211.npy
4,worm-000029_212.npy
6,worm-000029_213.npy
2,worm-000029_214.npy
5,worm-000029_215.npy
4,worm-000029_216.npy
4,worm-000029_218.npy
4,worm-000029_219.npy
2,worm-000029_220.npy
4,worm-000029_221.npy
4,worm-000029_222.npy
5,worm-000029_223.npy
4,worm-000029_224.npy
4,worm-000029_225.npy
4,worm-000029_227.npy
4,worm-000029_230.npy
4,worm-000029_231.npy
4,worm-000029_232.npy
4,worm-000029_233.npy
4,worm-000029_234.npy
4,worm-000029_235.npy
4,worm-000029_236.npy
2,worm-000029_237.npy
2,worm-000029_238.npy
2,worm-000029_239.npy
2,worm-000029_240.npy
2,worm-000029_241.npy
2,worm-000029_242.npy
1,worm-000029_243.npy
1,worm-000029_244.npy
2,worm-000029_245.npy
2,worm-000029_246.npy
2,worm-000029_247.npy
6,worm-000029_248.npy
1,worm-000029_249.npy
2,worm-000029_250.npy
2,worm-000029_251.npy
2,worm-000029_252.npy
2,worm-000029_253.npy
1,worm-000029_254.npy
2,worm-000029_255.npy
2,worm-000029_256.npy
2,worm-000029_257.npy
2,worm-000029_259.npy
2,worm-000029_260.npy
2,worm-000029_261.npy
5,worm-000029_262.npy
5,worm-000029_263.npy
2,worm-000029_264.npy
4,worm-000029_265.npy
5,worm-000029_266.npy
2,worm-000029_267.npy
4,worm-000029_268.npy
4,worm-000029_269.npy
2,worm-000029_270.npy
4,worm-000029_271.npy
4,worm-000029_272.npy
4,worm-000029_273.npy
3,worm-000029_274.npy
4,worm-000029_275.npy
4,worm-000029_276.npy
4,worm-000029_277.npy
4,worm-000029_278.npy
4,worm-000029_279.npy
5,worm-000029_280.npy
4,worm-000029_283.npy
4,worm-000029_285.npy
5,worm-000029_286.npy
4,worm-000029_287.npy
5,worm-000029_289.npy
4,worm-000029_290.npy
4,worm-000029_293.npy
2,worm-000029_294.npy
2,worm-000029_295.npy
1,worm-000029_296.npy
2,worm-000029_297.npy
1,worm-000029_298.npy
1,worm-000029_299.npy
2,worm-000029_300.npy
2,worm-000029_301.npy
1,worm-000029_302.npy
1,worm-000029_303.npy
6,worm-000029_304.npy
2,worm-000029_305.npy
1,worm-000029_306.npy
3,worm-000029_307.npy
6,worm-000029_308.npy
2,worm-000029_309.npy
6,worm-000029_310.npy
6,worm-000029_311.npy
6,worm-000029_312.npy
3,worm-000029_313.npy
1,worm-000029_314.npy
0,worm-000029_315.npy
6,worm-000029_316.npy
6,worm-000029_317.npy
4,worm-000029_318.npy
1,worm-000029_319.npy
6,worm-000029_320.npy
4,worm-000029_321.npy
4,worm-000029_322.npy
4,worm-000029_323.npy
4,worm-000029_324.npy
6,worm-000029_325.npy
6,worm-000029_326.npy
4,worm-000029_329.npy
4,worm-000029_330.npy
4,worm-000029_331.npy
4,worm-000029_333.npy
6,worm-000029_334.npy
4,worm-000029_336.npy
4,worm-000029_337.npy
2,worm-000029_338.npy
4,worm-000029_340.npy
4,worm-000029_341.npy
4,worm-000029_342.npy
4,worm-000029_343.npy
4,worm-000029_344.npy
2,worm-000029_345.npy
4,worm-000029_347.npy
6,worm-000029_348.npy
4,worm-000029_349.npy
4,worm-000029_353.npy
1,worm-000029_354.npy
5,worm-000029_355.npy
2,worm-000029_356.npy
5,worm-000029_357.npy
5,worm-000029_358.npy
5,worm-000029_360.npy
2,worm-000029_362.npy
4,worm-000029_364.npy
4,worm-000029_366.npy
4,worm-000029_367.npy
4,worm-000029_368.npy
4,worm-000029_370.npy
4,worm-000029_372.npy
4,worm-000029_373.npy
4,worm-000029_374.npy
4,worm-000029_376.npy
4,worm-000029_378.npy
4,worm-000029_379.npy
4,worm-000029_380.npy
4,worm-000029_381.npy
4,worm-000029_382.npy
4,worm-000029_385.npy
4,worm-000029_386.npy
4,worm-000029_387.npy
4,worm-000029_389.npy
4,worm-000029_390.npy
4,worm-000029_391.npy
4,worm-000029_392.npy
4,worm-000029_394.npy
4,worm-000029_395.npy
4,worm-000029_396.npy
4,worm-000029_398.npy
4,worm-000029_399.npy
4,worm-000029_400.npy
4,worm-000029_403.npy
4,worm-000029_404.npy
4,worm-000029_406.npy
4,worm-000029_408.npy
5,worm-000029_409.npy
1,worm-000029_410.npy
2,worm-000029_411.npy
2,worm-000029_412.npy
4,worm-000029_413.npy
4,worm-000029_414.npy
1,worm-000030_000.npy
1,worm-000030_001.npy
1,worm-000030_002.npy
1,worm-000030_003.npy
1,worm-000030_004.npy
1,worm-000030_005.npy
1,worm-000030_006.npy
1,worm-000030_007.npy
1,worm-000030_008.npy
1,worm-000030_009.npy
1,worm-000030_010.npy
1,worm-000030_011.npy
1,worm-000030_012.npy
1,worm-000030_013.npy
0,worm-000030_014.npy
1,worm-000030_015.npy
1,worm-000030_016.npy
2,worm-000030_017.npy
1,worm-000030_018.npy
1,worm-000030_019.npy
1,worm-000030_020.npy
1,worm-000030_021.npy
1,worm-000030_022.npy
1,worm-000030_023.npy
0,worm-000030_024.npy
1,worm-000030_025.npy
1,worm-000030_026.npy
6,worm-000030_027.npy
1,worm-000030_028.npy
0,worm-000030_029.npy
1,worm-000030_030.npy
1,worm-000030_031.npy
1,worm-000030_032.npy
0,worm-000030_033.npy
1,worm-000030_034.npy
1,worm-000030_035.npy
1,worm-000030_036.npy
1,worm-000030_037.npy
1,worm-000030_038.npy
1,worm-000030_039.npy
1,worm-000030_040.npy
1,worm-000030_041.npy
1,worm-000030_042.npy
1,worm-000030_043.npy
0,worm-000030_044.npy
0,worm-000030_045.npy
4,worm-000030_047.npy
1,worm-000030_048.npy
4,worm-000030_049.npy
1,worm-000030_050.npy
1,worm-000030_051.npy
0,worm-000030_052.npy
0,worm-000030_053.npy
0,worm-000030_054.npy
0,worm-000030_055.npy
4,worm-000030_056.npy
0,worm-000030_057.npy
0,worm-000030_058.npy
1,worm-000030_060.npy
6,worm-000030_062.npy
1,worm-000030_063.npy
4,worm-000030_064.npy
0,worm-000030_065.npy
0,worm-000030_066.npy
1,worm-000030_067.npy
0,worm-000030_068.npy
3,worm-000030_070.npy
1,worm-000030_072.npy
6,worm-000030_073.npy
0,worm-000030_074.npy
4,worm-000030_075.npy
1,worm-000030_077.npy
4,worm-000030_078.npy
4,worm-000030_081.npy
0,worm-000030_082.npy
4,worm-000030_083.npy
4,worm-000030_084.npy
0,worm-000030_085.npy
4,worm-000030_086.npy
4,worm-000030_087.npy
1,worm-000030_088.npy
4,worm-000030_090.npy
3,worm-000030_091.npy
5,worm-000030_092.npy
4,worm-000030_093.npy
4,worm-000030_094.npy
5,worm-000030_095.npy
4,worm-000030_096.npy
4,worm-000030_097.npy
5,worm-000030_098.npy
0,worm-000030_099.npy
4,worm-000030_100.npy
4,worm-000030_101.npy
1,worm-000030_102.npy
4,worm-000030_103.npy
1,worm-000030_104.npy
1,worm-000030_106.npy
4,worm-000030_107.npy
4,worm-000030_108.npy
4,worm-000030_109.npy
4,worm-000030_110.npy
4,worm-000030_111.npy
3,worm-000030_112.npy
4,worm-000030_113.npy
0,worm-000030_114.npy
4,worm-000030_115.npy
4,worm-000030_116.npy
1,worm-000030_117.npy
1,worm-000030_118.npy
4,worm-000030_119.npy
1,worm-000030_120.npy
1,worm-000030_121.npy
1,worm-000030_122.npy
1,worm-000030_123.npy
1,worm-000030_124.npy
1,worm-000030_125.npy
1,worm-000030_126.npy
1,worm-000030_127.npy
1,worm-000030_128.npy
2,worm-000030_129.npy
1,worm-000030_130.npy
1,worm-000030_131.npy
1,worm-000030_132.npy
1,worm-000030_133.npy
1,worm-000030_134.npy
1,worm-000030_135.npy
1,worm-000030_136.npy
1,worm-000030_137.npy
2,worm-000030_138.npy
0,worm-000030_139.npy
4,worm-000030_140.npy
1,worm-000030_141.npy
1,worm-000030_142.npy
0,worm-000030_144.npy
0,worm-000030_145.npy
4,worm-000030_146.npy
4,worm-000030_147.npy
4,worm-000030_148.npy
4,worm-000030_149.npy
4,worm-000030_150.npy
4,worm-000030_151.npy
4,worm-000030_153.npy
4,worm-000030_154.npy
4,worm-000030_155.npy
4,worm-000030_156.npy
4,worm-000030_157.npy
3,worm-000030_158.npy
4,worm-000030_159.npy
4,worm-000030_160.npy
4,worm-000030_161.npy
4,worm-000030_162.npy
4,worm-000030_163.npy
4,worm-000030_166.npy
4,worm-000030_167.npy
4,worm-000030_169.npy
4,worm-000030_170.npy
3,worm-000030_171.npy
4,worm-000030_172.npy
4,worm-000030_173.npy
1,worm-000030_175.npy
1,worm-000030_176.npy
1,worm-000030_177.npy
1,worm-000030_178.npy
1,worm-000030_179.npy
1,worm-000030_180.npy
1,worm-000030_181.npy
1,worm-000030_182.npy
5,worm-000030_183.npy
6,worm-000030_184.npy
1,worm-000030_185.npy
1,worm-000030_186.npy
1,worm-000030_187.npy
1,worm-000030_188.npy
1,worm-000030_189.npy
1,worm-000030_190.npy
1,worm-000030_191.npy
1,worm-000030_192.npy
1,worm-000030_193.npy
1,worm-000030_194.npy
5,worm-000030_195.npy
1,worm-000030_196.npy
1,worm-000030_197.npy
1,worm-000030_198.npy
1,worm-000030_199.npy
1,worm-000030_200.npy
1,worm-000030_201.npy
4,worm-000030_202.npy
1,worm-000030_203.npy
1,worm-000030_204.npy
1,worm-000030_205.npy
1,worm-000030_206.npy
1,worm-000030_207.npy
1,worm-000030_208.npy
0,worm-000030_209.npy
1,worm-000030_210.npy
1,worm-000030_211.npy
1,worm-000030_212.npy
1,worm-000030_213.npy
1,worm-000030_214.npy
1,worm-000030_215.npy
1,worm-000030_216.npy
0,worm-000030_217.npy
0,worm-000030_218.npy
1,worm-000030_219.npy
1,worm-000030_221.npy
3,worm-000030_222.npy
4,worm-000030_223.npy
4,worm-000030_224.npy
4,worm-000030_225.npy
5,worm-000030_227.npy
0,worm-000030_228.npy
1,worm-000030_229.npy
4,worm-000030_230.npy
4,worm-000030_232.npy
4,worm-000030_233.npy
5,worm-000030_234.npy
1,worm-000030_237.npy
4,worm-000030_239.npy
4,worm-000030_240.npy
4,worm-000030_242.npy
2,worm-000030_243.npy
5,worm-000030_244.npy
4,worm-000030_245.npy
4,worm-000030_246.npy
4,worm-000030_247.npy
1,worm-000030_248.npy
1,worm-000030_249.npy
1,worm-000030_250.npy
1,worm-000030_252.npy
1,worm-000030_253.npy
1,worm-000030_254.npy
1,worm-000030_255.npy
1,worm-000030_256.npy
1,worm-000030_257.npy
1,worm-000030_258.npy
1,worm-000030_259.npy
1,worm-000030_260.npy
1,worm-000030_261.npy
1,worm-000030_262.npy
1,worm-000030_263.npy
1,worm-000030_264.npy
1,worm-000030_265.npy
1,worm-000030_266.npy
1,worm-000030_267.npy
1,worm-000030_268.npy
1,worm-000030_269.npy
1,worm-000030_270.npy
0,worm-000030_271.npy
0,worm-000030_273.npy
1,worm-000030_274.npy
0,worm-000030_275.npy
1,worm-000030_276.npy
1,worm-000030_278.npy
1,worm-000030_279.npy
0,worm-000030_280.npy
0,worm-000030_281.npy
5,worm-000030_282.npy
4,worm-000030_283.npy
4,worm-000030_284.npy
1,worm-000030_285.npy
1,worm-000030_286.npy
4,worm-000030_287.npy
4,worm-000030_288.npy
4,worm-000030_289.npy
4,worm-000030_290.npy
5,worm-000030_291.npy
4,worm-000030_292.npy
4,worm-000030_293.npy
1,worm-000030_294.npy
4,worm-000030_295.npy
4,worm-000030_296.npy
5,worm-000030_297.npy
1,worm-000030_298.npy
4,worm-000030_299.npy
4,worm-000030_303.npy
5,worm-000030_304.npy
5,worm-000030_305.npy
4,worm-000030_306.npy
4,worm-000030_309.npy
5,worm-000030_312.npy
4,worm-000030_313.npy
4,worm-000030_317.npy
5,worm-000030_318.npy
4,worm-000030_321.npy
4,worm-000030_322.npy
4,worm-000030_323.npy
4,worm-000030_325.npy
4,worm-000030_327.npy
4,worm-000030_328.npy
5,worm-000030_329.npy
4,worm-000030_330.npy
5,worm-000030_331.npy
4,worm-000030_335.npy
4,worm-000030_337.npy
1,worm-000030_338.npy
1,worm-000030_339.npy
4,worm-000030_340.npy
1,worm-000030_341.npy
6,worm-000030_342.npy
1,worm-000031_000.npy
1,worm-000031_001.npy
1,worm-000031_002.npy
1,worm-000031_003.npy
1,worm-000031_004.npy
1,worm-000031_005.npy
2,worm-000031_006.npy
2,worm-000031_007.npy
1,worm-000031_008.npy
1,worm-000031_009.npy
1,worm-000031_010.npy
1,worm-000031_012.npy
1,worm-000031_013.npy
2,worm-000031_014.npy
6,worm-000031_015.npy
6,worm-000031_016.npy
2,worm-000031_017.npy
2,worm-000031_018.npy
1,worm-000031_019.npy
1,worm-000031_020.npy
2,worm-000031_021.npy
3,worm-000031_022.npy
2,worm-000031_023.npy
1,worm-000031_024.npy
1,worm-000031_025.npy
2,worm-000031_026.npy
1,worm-000031_027.npy
1,worm-000031_028.npy
2,worm-000031_029.npy
2,worm-000031_030.npy
1,worm-000031_031.npy
1,worm-000031_032.npy
2,worm-000031_033.npy
1,worm-000031_034.npy
2,worm-000031_035.npy
1,worm-000031_036.npy
2,worm-000031_037.npy
1,worm-000031_038.npy
1,worm-000031_039.npy
0,worm-000031_040.npy
1,worm-000031_041.npy
1,worm-000031_043.npy
1,worm-000031_044.npy
1,worm-000031_045.npy
1,worm-000031_046.npy
2,worm-000031_047.npy
1,worm-000031_048.npy
1,worm-000031_049.npy
1,worm-000031_050.npy
1,worm-000031_051.npy
1,worm-000031_052.npy
1,worm-000031_053.npy
1,worm-000031_054.npy
2,worm-000031_055.npy
1,worm-000031_056.npy
1,worm-000031_057.npy
1,worm-000031_058.npy
0,worm-000031_059.npy
2,worm-000031_060.npy
1,worm-000031_061.npy
1,worm-000031_062.npy
4,worm-000031_063.npy
2,worm-000031_064.npy
1,worm-000031_065.npy
1,worm-000031_066.npy
1,worm-000031_067.npy
1,worm-000031_068.npy
1,worm-000031_069.npy
1,worm-000031_070.npy
1,worm-000031_071.npy
1,worm-000031_072.npy
4,worm-000031_073.npy
2,worm-000031_074.npy
1,worm-000031_075.npy
2,worm-000031_076.npy
1,worm-000031_077.npy
1,worm-000031_078.npy
4,worm-000031_079.npy
1,worm-000031_080.npy
0,worm-000031_082.npy
1,worm-000031_083.npy
1,worm-000031_084.npy
0,worm-000031_085.npy
4,worm-000031_086.npy
1,worm-000031_088.npy
0,worm-000031_089.npy
2,worm-000031_090.npy
2,worm-000031_091.npy
4,worm-000031_092.npy
1,worm-000031_093.npy
1,worm-000031_094.npy
4,worm-000031_095.npy
3,worm-000031_096.npy
5,worm-000031_097.npy
4,worm-000031_098.npy
4,worm-000031_099.npy
4,worm-000031_100.npy
4,worm-000031_101.npy
1,worm-000031_103.npy
4,worm-000031_104.npy
4,worm-000031_105.npy
4,worm-000031_106.npy
1,worm-000031_107.npy
5,worm-000031_108.npy
4,worm-000031_109.npy
1,worm-000031_111.npy
1,worm-000031_112.npy
4,worm-000031_113.npy
4,worm-000031_114.npy
6,worm-000031_115.npy
4,worm-000031_116.npy
4,worm-000031_117.npy
4,worm-000031_118.npy
4,worm-000031_119.npy
4,worm-000031_120.npy
5,worm-000031_121.npy
3,worm-000031_122.npy
4,worm-000031_123.npy
4,worm-000031_125.npy
4,worm-000031_126.npy
4,worm-000031_127.npy
4,worm-000031_128.npy
4,worm-000031_129.npy
4,worm-000031_130.npy
4,worm-000031_131.npy
4,worm-000031_132.npy
4,worm-000031_133.npy
4,worm-000031_135.npy
4,worm-000031_137.npy
4,worm-000031_138.npy
4,worm-000031_139.npy
4,worm-000031_140.npy
6,worm-000031_141.npy
4,worm-000031_142.npy
4,worm-000031_143.npy
4,worm-000031_144.npy
4,worm-000031_145.npy
5,worm-000031_146.npy
5,worm-000031_147.npy
4,worm-000031_149.npy
2,worm-000031_151.npy
1,worm-000031_152.npy
1,worm-000031_153.npy
1,worm-000031_154.npy
1,worm-000031_155.npy
1,worm-000031_156.npy
1,worm-000031_157.npy
1,worm-000031_158.npy
1,worm-000031_159.npy
1,worm-000031_160.npy
1,worm-000031_161.npy
1,worm-000031_162.npy
1,worm-000031_163.npy
1,worm-000031_164.npy
1,worm-000031_165.npy
4,worm-000031_166.npy
1,worm-000031_167.npy
4,worm-000031_168.npy
4,worm-000031_169.npy
1,worm-000031_170.npy
4,worm-000031_171.npy
1,worm-000031_172.npy
4,worm-000031_173.npy
6,worm-000031_174.npy
6,worm-000031_175.npy
4,worm-000031_176.npy
3,worm-000031_177.npy
1,worm-000031_178.npy
1,worm-000031_179.npy
4,worm-000031_180.npy
4,worm-000031_181.npy
4,worm-000031_182.npy
4,worm-000031_183.npy
6,worm-000031_184.npy
4,worm-000031_185.npy
4,worm-000031_187.npy
4,worm-000031_188.npy
4,worm-000031_189.npy
4,worm-000031_190.npy
4,worm-000031_191.npy
4,worm-000031_192.npy
4,worm-000031_193.npy
5,worm-000031_194.npy
4,worm-000031_195.npy
4,worm-000031_196.npy
4,worm-000031_197.npy
4,worm-000031_198.npy
4,worm-000031_199.npy
4,worm-000031_200.npy
4,worm-000031_202.npy
4,worm-000031_203.npy
4,worm-000031_204.npy
5,worm-000031_206.npy
4,worm-000031_207.npy
4,worm-000031_209.npy
4,worm-000031_210.npy
1,worm-000031_211.npy
1,worm-000031_212.npy
2,worm-000031_213.npy
2,worm-000031_214.npy
1,worm-000031_216.npy
1,worm-000031_217.npy
2,worm-000031_218.npy
1,worm-000031_219.npy
2,worm-000031_220.npy
2,worm-000031_221.npy
1,worm-000031_222.npy
1,worm-000031_223.npy
2,worm-000031_224.npy
1,worm-000031_225.npy
2,worm-000031_226.npy
1,worm-000031_227.npy
2,worm-000031_228.npy
1,worm-000031_229.npy
6,worm-000031_230.npy
1,worm-000031_231.npy
3,worm-000031_232.npy
2,worm-000031_233.npy
2,worm-000031_234.npy
2,worm-000031_235.npy
1,worm-000031_236.npy
1,worm-000031_237.npy
2,worm-000031_238.npy
5,worm-000031_239.npy
1,worm-000031_240.npy
3,worm-000031_241.npy
6,worm-000031_242.npy
2,worm-000031_243.npy
6,worm-000031_244.npy
4,worm-000031_245.npy
6,worm-000031_246.npy
2,worm-000031_247.npy
0,worm-000031_248.npy
0,worm-000031_249.npy
1,worm-000031_250.npy
2,worm-000031_251.npy
1,worm-000031_252.npy
1,worm-000031_253.npy
4,worm-000031_254.npy
0,worm-000031_255.npy
3,worm-000031_257.npy
4,worm-000031_258.npy
4,worm-000031_259.npy
4,worm-000031_261.npy
3,worm-000031_262.npy
5,worm-000031_263.npy
3,worm-000031_264.npy
4,worm-000031_266.npy
4,worm-000031_267.npy
3,worm-000031_269.npy
4,worm-000031_270.npy
4,worm-000031_271.npy
4,worm-000031_272.npy
4,worm-000031_273.npy
4,worm-000031_274.npy
4,worm-000031_276.npy
4,worm-000031_277.npy
4,worm-000031_278.npy
4,worm-000031_280.npy
4,worm-000031_281.npy
5,worm-000031_282.npy
4,worm-000031_283.npy
4,worm-000031_285.npy
4,worm-000031_286.npy
4,worm-000031_288.npy
1,worm-000031_289.npy
1,worm-000031_290.npy
1,worm-000031_291.npy
1,worm-000031_292.npy
1,worm-000031_293.npy
1,worm-000031_294.npy
1,worm-000031_295.npy
1,worm-000031_296.npy
1,worm-000031_297.npy
1,worm-000031_298.npy
1,worm-000031_299.npy
1,worm-000031_301.npy
5,worm-000031_303.npy
1,worm-000031_304.npy
1,worm-000031_305.npy
1,worm-000031_306.npy
4,worm-000031_307.npy
4,worm-000031_308.npy
4,worm-000031_309.npy
1,worm-000031_310.npy
2,worm-000031_311.npy
0,worm-000031_312.npy
4,worm-000031_313.npy
2,worm-000031_314.npy
4,worm-000031_315.npy
5,worm-000031_316.npy
4,worm-000031_317.npy
4,worm-000031_318.npy
6,worm-000031_319.npy
4,worm-000031_320.npy
4,worm-000031_322.npy
4,worm-000031_323.npy
4,worm-000031_324.npy
5,worm-000031_325.npy
4,worm-000031_326.npy
4,worm-000031_327.npy
4,worm-000031_329.npy
4,worm-000031_330.npy
4,worm-000031_331.npy
4,worm-000031_332.npy
4,worm-000031_334.npy
4,worm-000031_336.npy
4,worm-000031_338.npy
4,worm-000031_339.npy
4,worm-000031_341.npy
4,worm-000031_342.npy
4,worm-000031_343.npy
4,worm-000031_344.npy
4,worm-000031_345.npy
4,worm-000031_346.npy
4,worm-000031_348.npy
1,worm-000031_349.npy
5,worm-000031_350.npy
1,worm-000031_352.npy
5,worm-000031_353.npy
4,worm-000031_354.npy
1,worm-000031_356.npy
4,worm-000031_357.npy
4,worm-000031_358.npy
4,worm-000031_359.npy
4,worm-000031_361.npy
4,worm-000031_364.npy
4,worm-000031_365.npy
4,worm-000031_366.npy
4,worm-000031_367.npy
4,worm-000031_370.npy
4,worm-000031_373.npy
1,worm-000031_374.npy
4,worm-000031_376.npy
4,worm-000031_377.npy
4,worm-000031_379.npy
4,worm-000031_381.npy
5,worm-000031_383.npy
4,worm-000031_386.npy
4,worm-000031_387.npy
4,worm-000031_388.npy
4,worm-000031_392.npy
4,worm-000031_395.npy
4,worm-000031_396.npy
4,worm-000031_398.npy
4,worm-000031_400.npy
4,worm-000031_401.npy
1,worm-000031_403.npy
1,worm-000031_404.npy
1,worm-000031_405.npy
4,worm-000031_406.npy
4,worm-000031_407.npy
4,worm-000031_408.npy
4,worm-000031_409.npy
1,worm-000031_410.npy
4,worm-000031_411.npy
4,worm-000031_412.npy
4,worm-000031_413.npy
4,worm-000031_414.npy
4,worm-000031_415.npy
4,worm-000031_416.npy
4,worm-000031_417.npy
4,worm-000031_418.npy
4,worm-000031_419.npy
4,worm-000031_420.npy
1,worm-000032_000.npy
1,worm-000032_001.npy
1,worm-000032_002.npy
1,worm-000032_003.npy
1,worm-000032_004.npy
1,worm-000032_005.npy
1,worm-000032_006.npy
1,worm-000032_007.npy
1,worm-000032_008.npy
1,worm-000032_009.npy
1,worm-000032_010.npy
1,worm-000032_011.npy
1,worm-000032_012.npy
1,worm-000032_013.npy
1,worm-000032_014.npy
1,worm-000032_015.npy
1,worm-000032_016.npy
1,worm-000032_017.npy
1,worm-000032_018.npy
0,worm-000032_019.npy
1,worm-000032_020.npy
1,worm-000032_021.npy
1,worm-000032_022.npy
1,worm-000032_023.npy
1,worm-000032_024.npy
1,worm-000032_025.npy
1,worm-000032_026.npy
5,worm-000032_027.npy
0,worm-000032_028.npy
1,worm-000032_029.npy
1,worm-000032_030.npy
1,worm-000032_031.npy
1,worm-000032_032.npy
0,worm-000032_033.npy
1,worm-000032_034.npy
1,worm-000032_035.npy
1,worm-000032_036.npy
1,worm-000032_037.npy
1,worm-000032_038.npy
0,worm-000032_039.npy
1,worm-000032_040.npy
0,worm-000032_041.npy
1,worm-000032_042.npy
1,worm-000032_043.npy
1,worm-000032_044.npy
0,worm-000032_046.npy
1,worm-000032_047.npy
1,worm-000032_048.npy
1,worm-000032_049.npy
0,worm-000032_050.npy
4,worm-000032_051.npy
1,worm-000032_052.npy
1,worm-000032_053.npy
3,worm-000032_054.npy
4,worm-000032_055.npy
1,worm-000032_056.npy
0,worm-000032_057.npy
0,worm-000032_058.npy
1,worm-000032_059.npy
1,worm-000032_060.npy
1,worm-000032_061.npy
1,worm-000032_062.npy
4,worm-000032_063.npy
4,worm-000032_064.npy
1,worm-000032_065.npy
0,worm-000032_066.npy
1,worm-000032_068.npy
1,worm-000032_070.npy
5,worm-000032_071.npy
1,worm-000032_073.npy
1,worm-000032_074.npy
1,worm-000032_075.npy
3,worm-000032_076.npy
1,worm-000032_077.npy
1,worm-000032_080.npy
0,worm-000032_081.npy
1,worm-000032_083.npy
1,worm-000032_084.npy
5,worm-000032_085.npy
0,worm-000032_086.npy
1,worm-000032_087.npy
4,worm-000032_088.npy
4,worm-000032_090.npy
1,worm-000032_091.npy
1,worm-000032_093.npy
5,worm-000032_094.npy
4,worm-000032_096.npy
0,worm-000032_097.npy
4,worm-000032_098.npy
4,worm-000032_099.npy
3,worm-000032_100.npy
1,worm-000032_101.npy
1,worm-000032_103.npy
4,worm-000032_104.npy
1,worm-000032_105.npy
1,worm-000032_106.npy
1,worm-000032_107.npy
1,worm-000032_108.npy
0,worm-000032_109.npy
1,worm-000032_110.npy
1,worm-000032_111.npy
1,worm-000032_112.npy
5,worm-000032_113.npy
2,worm-000032_114.npy
2,worm-000032_115.npy
2,worm-000032_116.npy
2,worm-000032_117.npy
0,worm-000032_118.npy
0,worm-000032_119.npy
2,worm-000032_120.npy
1,worm-000032_121.npy
1,worm-000032_122.npy
3,worm-000032_123.npy
4,worm-000032_124.npy
5,worm-000032_125.npy
1,worm-000032_126.npy
0,worm-000032_127.npy
4,worm-000032_128.npy
5,worm-000032_129.npy
1,worm-000032_130.npy
2,worm-000032_131.npy
4,worm-000032_132.npy
3,worm-000032_133.npy
4,worm-000032_134.npy
5,worm-000032_135.npy
1,worm-000032_136.npy
4,worm-000032_137.npy
1,worm-000032_138.npy
4,worm-000032_140.npy
4,worm-000032_141.npy
1,worm-000032_142.npy
4,worm-000032_143.npy
4,worm-000032_146.npy
4,worm-000032_147.npy
4,worm-000032_148.npy
4,worm-000032_150.npy
4,worm-000032_151.npy
4,worm-000032_152.npy
4,worm-000032_153.npy
4,worm-000032_154.npy
4,worm-000032_155.npy
4,worm-000032_156.npy
1,worm-000032_157.npy
1,worm-000032_158.npy
1,worm-000032_159.npy
1,worm-000032_160.npy
1,worm-000032_161.npy
1,worm-000032_162.npy
1,worm-000032_163.npy
1,worm-000032_164.npy
1,worm-000032_165.npy
1,worm-000032_166.npy
0,worm-000032_167.npy
1,worm-000032_168.npy
1,worm-000032_169.npy
1,worm-000032_170.npy
1,worm-000032_171.npy
1,worm-000032_172.npy
1,worm-000032_173.npy
0,worm-000032_174.npy
4,worm-000032_175.npy
4,worm-000032_177.npy
1,worm-000032_178.npy
0,worm-000032_179.npy
1,worm-000032_180.npy
5,worm-000032_181.npy
4,worm-000032_182.npy
5,worm-000032_183.npy
5,worm-000032_184.npy
4,worm-000032_185.npy
1,worm-000032_186.npy
4,worm-000032_189.npy
1,worm-000032_190.npy
4,worm-000032_191.npy
1,worm-000032_192.npy
1,worm-000032_193.npy
1,worm-000032_194.npy
4,worm-000032_197.npy
5,worm-000032_198.npy
4,worm-000032_200.npy
4,worm-000032_202.npy
3,worm-000032_203.npy
4,worm-000032_204.npy
1,worm-000032_205.npy
1,worm-000032_206.npy
2,worm-000032_207.npy
1,worm-000032_208.npy
1,worm-000032_209.npy
2,worm-000032_210.npy
4,worm-000032_211.npy
1,worm-000032_212.npy
1,worm-000032_213.npy
3,worm-000032_214.npy
0,worm-000032_215.npy
0,worm-000032_216.npy
0,worm-000032_217.npy
1,worm-000032_218.npy
1,worm-000032_219.npy
0,worm-000032_220.npy
0,worm-000032_221.npy
1,worm-000032_222.npy
1,worm-000032_223.npy
0,worm-000032_224.npy
3,worm-000032_225.npy
4,worm-000032_228.npy
4,worm-000032_229.npy
5,worm-000032_230.npy
4,worm-000032_233.npy
3,worm-000032_234.npy
4,worm-000032_235.npy
4,worm-000032_236.npy
4,worm-000032_237.npy
5,worm-000032_238.npy
4,worm-000032_239.npy
4,worm-000032_240.npy
4,worm-000032_241.npy
4,worm-000032_243.npy
4,worm-000032_244.npy
4,worm-000032_245.npy
1,worm-000032_246.npy
0,worm-000032_248.npy
1,worm-000032_249.npy
4,worm-000032_257.npy
4,worm-000032_258.npy
4,worm-000032_259.npy
4,worm-000032_264.npy
4,worm-000032_265.npy
1,worm-000032_266.npy
4,worm-000032_267.npy
4,worm-000032_268.npy
4,worm-000032_269.npy
5,worm-000032_272.npy
4,worm-000032_273.npy
4,worm-000032_275.npy
5,worm-000032_276.npy
1,worm-000032_278.npy
5,worm-000032_279.npy
1,worm-000032_280.npy
1,worm-000032_281.npy
6,worm-000033_000.npy
1,worm-000033_001.npy
1,worm-000033_002.npy
2,worm-000033_003.npy
2,worm-000033_004.npy
1,worm-000033_005.npy
5,worm-000033_006.npy
1,worm-000033_007.npy
2,worm-000033_008.npy
6,worm-000033_009.npy
6,worm-000033_010.npy
6,worm-000033_011.npy
2,worm-000033_012.npy
2,worm-000033_013.npy
2,worm-000033_014.npy
4,worm-000033_015.npy
6,worm-000033_016.npy
2,worm-000033_017.npy
1,worm-000033_018.npy
2,worm-000033_019.npy
1,worm-000033_020.npy
1,worm-000033_021.npy
2,worm-000033_022.npy
4,worm-000033_023.npy
4,worm-000033_024.npy
5,worm-000033_025.npy
2,worm-000033_026.npy
6,worm-000033_027.npy
4,worm-000033_028.npy
1,worm-000033_029.npy
6,worm-000033_030.npy
4,worm-000033_031.npy
4,worm-000033_032.npy
4,worm-000033_033.npy
4,worm-000033_034.npy
4,worm-000033_035.npy
2,worm-000033_036.npy
4,worm-000033_037.npy
1,worm-000033_038.npy
6,worm-000033_039.npy
6,worm-000033_040.npy
4,worm-000033_041.npy
4,worm-000033_042.npy
4,worm-000033_043.npy
1,worm-000033_044.npy
4,worm-000033_045.npy
4,worm-000033_046.npy
4,worm-000033_047.npy
5,worm-000033_048.npy
1,worm-000033_049.npy
4,worm-000033_050.npy
6,worm-000033_052.npy
1,worm-000033_053.npy
4,worm-000033_054.npy
2,worm-000033_056.npy
6,worm-000033_057.npy
4,worm-000033_058.npy
6,worm-000033_059.npy
4,worm-000033_061.npy
4,worm-000033_062.npy
4,worm-000033_063.npy
6,worm-000033_064.npy
4,worm-000033_066.npy
1,worm-000033_067.npy
6,worm-000033_068.npy
4,worm-000033_070.npy
4,worm-000033_071.npy
4,worm-000033_073.npy
4,worm-000033_074.npy
5,worm-000033_076.npy
4,worm-000033_077.npy
4,worm-000033_078.npy
4,worm-000033_079.npy
6,worm-000033_080.npy
4,worm-000033_081.npy
1,worm-000033_082.npy
4,worm-000033_083.npy
4,worm-000033_084.npy
4,worm-000033_085.npy
4,worm-000033_086.npy
4,worm-000033_087.npy
4,worm-000033_088.npy
4,worm-000033_089.npy
4,worm-000033_090.npy
4,worm-000033_091.npy
4,worm-000033_092.npy
4,worm-000033_093.npy
2,worm-000033_094.npy
4,worm-000033_095.npy
4,worm-000033_096.npy
6,worm-000033_097.npy
4,worm-000033_098.npy
4,worm-000033_099.npy
4,worm-000033_100.npy
4,worm-000033_101.npy
4,worm-000033_102.npy
4,worm-000033_103.npy
4,worm-000033_104.npy
4,worm-000033_105.npy
4,worm-000033_107.npy
4,worm-000033_108.npy
4,worm-000033_109.npy
4,worm-000033_112.npy
4,worm-000033_113.npy
4,worm-000033_114.npy
4,worm-000033_115.npy
4,worm-000033_116.npy
4,worm-000033_117.npy
4,worm-000033_118.npy
4,worm-000033_119.npy
4,worm-000033_121.npy
4,worm-000033_122.npy
4,worm-000033_124.npy
5,worm-000033_125.npy
4,worm-000033_126.npy
4,worm-000033_127.npy
4,worm-000033_128.npy
4,worm-000033_129.npy
4,worm-000033_130.npy
4,worm-000033_132.npy
4,worm-000033_133.npy
4,worm-000033_134.npy
5,worm-000033_135.npy
4,worm-000033_136.npy
4,worm-000033_137.npy
4,worm-000033_139.npy
4,worm-000033_140.npy
2,worm-000033_141.npy
6,worm-000033_142.npy
2,worm-000033_143.npy
2,worm-000033_144.npy
4,worm-000033_145.npy
6,worm-000033_146.npy
1,worm-000033_147.npy
2,worm-000033_148.npy
4,worm-000033_149.npy
6,worm-000033_150.npy
4,worm-000033_151.npy
4,worm-000033_152.npy
1,worm-000033_153.npy
4,worm-000033_154.npy
6,worm-000033_155.npy
2,worm-000033_156.npy
1,worm-000033_157.npy
4,worm-000033_158.npy
6,worm-000033_159.npy
4,worm-000033_160.npy
4,worm-000033_161.npy
2,worm-000033_162.npy
4,worm-000033_163.npy
4,worm-000033_164.npy
6,worm-000033_165.npy
4,worm-000033_166.npy
4,worm-000033_167.npy
6,worm-000033_168.npy
4,worm-000033_169.npy
4,worm-000033_170.npy
0,worm-000033_171.npy
4,worm-000033_173.npy
4,worm-000033_174.npy
4,worm-000033_175.npy
4,worm-000033_176.npy
4,worm-000033_177.npy
1,worm-000033_178.npy
5,worm-000033_179.npy
4,worm-000033_180.npy
2,worm-000033_181.npy
4,worm-000033_182.npy
4,worm-000033_183.npy
4,worm-000033_184.npy
4,worm-000033_185.npy
6,worm-000033_186.npy
4,worm-000033_187.npy
6,worm-000033_188.npy
4,worm-000033_189.npy
4,worm-000033_190.npy
6,worm-000033_192.npy
6,worm-000033_193.npy
4,worm-000033_194.npy
4,worm-000033_195.npy
4,worm-000033_196.npy
4,worm-000033_197.npy
4,worm-000033_199.npy
4,worm-000033_200.npy
4,worm-000033_201.npy
4,worm-000033_202.npy
4,worm-000033_203.npy
6,worm-000033_205.npy
4,worm-000033_207.npy
2,worm-000033_209.npy
4,worm-000033_210.npy
4,worm-000033_211.npy
4,worm-000033_212.npy
4,worm-000033_213.npy
4,worm-000033_215.npy
5,worm-000033_217.npy
4,worm-000033_218.npy
4,worm-000033_219.npy
4,worm-000033_220.npy
5,worm-000033_221.npy
4,worm-000033_223.npy
4,worm-000033_224.npy
4,worm-000033_225.npy
4,worm-000033_226.npy
6,worm-000033_227.npy
4,worm-000033_228.npy
4,worm-000033_229.npy
4,worm-000033_230.npy
4,worm-000033_231.npy
4,worm-000033_233.npy
4,worm-000033_235.npy
4,worm-000033_236.npy
4,worm-000033_239.npy
4,worm-000033_240.npy
4,worm-000033_242.npy
4,worm-000033_243.npy
5,worm-000033_245.npy
4,worm-000033_246.npy
4,worm-000033_247.npy
1,worm-000033_250.npy
2,worm-000033_251.npy
2,worm-000033_252.npy
6,worm-000033_253.npy
4,worm-000033_254.npy
6,worm-000033_255.npy
3,worm-000033_256.npy
4,worm-000033_257.npy
6,worm-000033_258.npy
4,worm-000033_259.npy
4,worm-000033_260.npy
4,worm-000033_261.npy
4,worm-000033_262.npy
4,worm-000033_263.npy
4,worm-000033_265.npy
4,worm-000033_266.npy
4,worm-000033_267.npy
4,worm-000033_268.npy
4,worm-000033_270.npy
4,worm-000033_271.npy
4,worm-000033_272.npy
4,worm-000033_273.npy
4,worm-000033_274.npy
4,worm-000033_275.npy
4,worm-000033_276.npy
4,worm-000033_279.npy
4,worm-000033_280.npy
4,worm-000033_281.npy
4,worm-000033_283.npy
4,worm-000033_284.npy
4,worm-000033_285.npy
4,worm-000033_286.npy
4,worm-000033_287.npy
4,worm-000033_288.npy
4,worm-000033_289.npy
4,worm-000033_290.npy
4,worm-000033_291.npy
4,worm-000033_292.npy
4,worm-000033_293.npy
4,worm-000033_296.npy
4,worm-000033_298.npy
4,worm-000033_299.npy
4,worm-000033_301.npy
2,worm-000033_303.npy
2,worm-000033_304.npy
1,worm-000033_305.npy
1,worm-000033_306.npy
1,worm-000033_307.npy
6,worm-000033_308.npy
6,worm-000033_309.npy
1,worm-000033_310.npy
4,worm-000033_311.npy
2,worm-000033_312.npy
2,worm-000033_313.npy
4,worm-000033_314.npy
2,worm-000033_315.npy
2,worm-000033_316.npy
1,worm-000033_317.npy
4,worm-000033_318.npy
1,worm-000033_319.npy
4,worm-000033_320.npy
6,worm-000033_321.npy
2,worm-000033_322.npy
4,worm-000033_323.npy
1,worm-000033_324.npy
1,worm-000033_325.npy
4,worm-000033_326.npy
4,worm-000033_327.npy
4,worm-000033_328.npy
4,worm-000033_329.npy
4,worm-000033_330.npy
4,worm-000033_331.npy
4,worm-000033_332.npy
4,worm-000033_334.npy
4,worm-000033_335.npy
4,worm-000033_336.npy
4,worm-000033_337.npy
5,worm-000033_338.npy
4,worm-000033_340.npy
4,worm-000033_343.npy
4,worm-000033_344.npy
4,worm-000033_345.npy
4,worm-000033_346.npy
4,worm-000033_347.npy
4,worm-000033_348.npy
4,worm-000033_350.npy
4,worm-000033_351.npy
4,worm-000033_355.npy
4,worm-000033_356.npy
4,worm-000033_357.npy
4,worm-000033_358.npy
4,worm-000033_359.npy
4,worm-000033_360.npy
4,worm-000033_362.npy
4,worm-000033_363.npy
4,worm-000033_364.npy
4,worm-000033_365.npy
4,worm-000033_366.npy
4,worm-000033_367.npy
4,worm-000033_368.npy
6,worm-000033_369.npy
4,worm-000033_370.npy
4,worm-000033_371.npy
4,worm-000033_372.npy
4,worm-000033_373.npy
4,worm-000033_374.npy
4,worm-000033_375.npy
4,worm-000033_376.npy
1,worm-000033_377.npy
4,worm-000033_378.npy
4,worm-000033_379.npy
4,worm-000033_382.npy
4,worm-000033_385.npy
4,worm-000033_386.npy
6,worm-000033_388.npy
4,worm-000033_390.npy
4,worm-000033_394.npy
4,worm-000033_395.npy
4,worm-000033_396.npy
4,worm-000033_397.npy
4,worm-000033_398.npy
4,worm-000033_400.npy
4,worm-000033_403.npy
4,worm-000033_404.npy
4,worm-000033_405.npy
4,worm-000033_410.npy
5,worm-000033_411.npy
4,worm-000033_414.npy
4,worm-000033_415.npy
4,worm-000033_416.npy
4,worm-000033_417.npy
4,worm-000033_419.npy
4,worm-000033_420.npy
4,worm-000033_422.npy
4,worm-000033_423.npy
4,worm-000033_424.npy
4,worm-000033_425.npy
4,worm-000033_427.npy
4,worm-000033_428.npy
4,worm-000033_437.npy
4,worm-000033_439.npy
4,worm-000033_440.npy
4,worm-000033_442.npy
4,worm-000033_444.npy
4,worm-000033_445.npy
4,worm-000033_446.npy
4,worm-000033_449.npy
5,worm-000033_451.npy
4,worm-000033_452.npy
4,worm-000033_453.npy
4,worm-000033_454.npy
4,worm-000033_455.npy
4,worm-000033_456.npy
4,worm-000033_457.npy
4,worm-000033_458.npy
4,worm-000033_459.npy
4,worm-000033_460.npy
2,worm-000034_000.npy
2,worm-000034_001.npy
2,worm-000034_002.npy
1,worm-000034_003.npy
1,worm-000034_004.npy
1,worm-000034_005.npy
1,worm-000034_006.npy
1,worm-000034_007.npy
1,worm-000034_008.npy
1,worm-000034_009.npy
1,worm-000034_010.npy
1,worm-000034_011.npy
1,worm-000034_012.npy
1,worm-000034_013.npy
1,worm-000034_014.npy
1,worm-000034_015.npy
1,worm-000034_016.npy
1,worm-000034_017.npy
1,worm-000034_018.npy
1,worm-000034_019.npy
1,worm-000034_020.npy
2,worm-000034_021.npy
1,worm-000034_022.npy
1,worm-000034_023.npy
1,worm-000034_025.npy
1,worm-000034_026.npy
4,worm-000034_027.npy
1,worm-000034_028.npy
1,worm-000034_029.npy
1,worm-000034_030.npy
1,worm-000034_031.npy
1,worm-000034_032.npy
1,worm-000034_033.npy
1,worm-000034_034.npy
5,worm-000034_035.npy
1,worm-000034_036.npy
6,worm-000034_037.npy
6,worm-000034_038.npy
0,worm-000034_039.npy
1,worm-000034_040.npy
3,worm-000034_041.npy
1,worm-000034_042.npy
2,worm-000034_043.npy
1,worm-000034_044.npy
1,worm-000034_045.npy
1,worm-000034_046.npy
0,worm-000034_047.npy
0,worm-000034_048.npy
1,worm-000034_050.npy
1,worm-000034_051.npy
0,worm-000034_052.npy
1,worm-000034_053.npy
0,worm-000034_054.npy
1,worm-000034_055.npy
1,worm-000034_056.npy
1,worm-000034_057.npy
4,worm-000034_058.npy
1,worm-000034_059.npy
0,worm-000034_060.npy
1,worm-000034_061.npy
0,worm-000034_062.npy
1,worm-000034_063.npy
1,worm-000034_064.npy
1,worm-000034_065.npy
1,worm-000034_066.npy
4,worm-000034_067.npy
1,worm-000034_068.npy
1,worm-000034_069.npy
0,worm-000034_070.npy
1,worm-000034_071.npy
1,worm-000034_072.npy
0,worm-000034_073.npy
1,worm-000034_074.npy
1,worm-000034_075.npy
4,worm-000034_076.npy
1,worm-000034_078.npy
1,worm-000034_079.npy
1,worm-000034_080.npy
0,worm-000034_081.npy
0,worm-000034_082.npy
0,worm-000034_083.npy
1,worm-000034_084.npy
1,worm-000034_085.npy
0,worm-000034_086.npy
4,worm-000034_087.npy
0,worm-000034_088.npy
1,worm-000034_089.npy
4,worm-000034_090.npy
1,worm-000034_091.npy
0,worm-000034_092.npy
1,worm-000034_093.npy
0,worm-000034_095.npy
1,worm-000034_096.npy
5,worm-000034_097.npy
1,worm-000034_098.npy
4,worm-000034_099.npy
1,worm-000034_100.npy
0,worm-000034_101.npy
1,worm-000034_102.npy
0,worm-000034_103.npy
1,worm-000034_104.npy
1,worm-000034_105.npy
4,worm-000034_106.npy
1,worm-000034_107.npy
4,worm-000034_108.npy
1,worm-000034_109.npy
4,worm-000034_110.npy
1,worm-000034_111.npy
5,worm-000034_112.npy
4,worm-000034_113.npy
5,worm-000034_114.npy
4,worm-000034_116.npy
4,worm-000034_117.npy
3,worm-000034_118.npy
5,worm-000034_119.npy
4,worm-000034_120.npy
4,worm-000034_121.npy
4,worm-000034_123.npy
4,worm-000034_124.npy
0,worm-000034_125.npy
1,worm-000034_126.npy
4,worm-000034_127.npy
1,worm-000034_128.npy
4,worm-000034_129.npy
3,worm-000034_132.npy
4,worm-000034_133.npy
4,worm-000034_136.npy
4,worm-000034_137.npy
4,worm-000034_139.npy
5,worm-000034_140.npy
5,worm-000034_141.npy
5,worm-000034_142.npy
4,worm-000034_143.npy
4,worm-000034_144.npy
4,worm-000034_145.npy
4,worm-000034_146.npy
5,worm-000034_147.npy
4,worm-000034_150.npy
5,worm-000034_151.npy
5,worm-000034_152.npy
4,worm-000034_153.npy
1,worm-000034_154.npy
1,worm-000034_155.npy
1,worm-000034_156.npy
1,worm-000034_157.npy
1,worm-000034_158.npy
2,worm-000034_159.npy
2,worm-000034_160.npy
1,worm-000034_161.npy
5,worm-000034_162.npy
1,worm-000034_163.npy
1,worm-000034_164.npy
1,worm-000034_165.npy
2,worm-000034_166.npy
1,worm-000034_167.npy
1,worm-000034_168.npy
1,worm-000034_169.npy
1,worm-000034_170.npy
4,worm-000034_171.npy
5,worm-000034_172.npy
0,worm-000034_173.npy
1,worm-000034_174.npy
1,worm-000034_175.npy
1,worm-000034_176.npy
1,worm-000034_177.npy
1,worm-000034_178.npy
5,worm-000034_179.npy
1,worm-000034_180.npy
1,worm-000034_181.npy
0,worm-000034_182.npy
0,worm-000034_183.npy
2,worm-000034_184.npy
1,worm-000034_185.npy
0,worm-000034_186.npy
4,worm-000034_187.npy
5,worm-000034_188.npy
1,worm-000034_189.npy
1,worm-000034_191.npy
1,worm-000034_192.npy
1,worm-000034_193.npy
5,worm-000034_194.npy
1,worm-000034_195.npy
1,worm-000034_196.npy
1,worm-000034_197.npy
4,worm-000034_198.npy
4,worm-000034_199.npy
5,worm-000034_200.npy
4,worm-000034_201.npy
4,worm-000034_203.npy
4,worm-000034_204.npy
4,worm-000034_205.npy
4,worm-000034_206.npy
4,worm-000034_207.npy
4,worm-000034_208.npy
4,worm-000034_209.npy
4,worm-000034_210.npy
4,worm-000034_213.npy
1,worm-000034_214.npy
4,worm-000034_215.npy
5,worm-000034_216.npy
5,worm-000034_218.npy
5,worm-000034_219.npy
4,worm-000034_220.npy
1,worm-000034_221.npy
1,worm-000034_222.npy
1,worm-000034_223.npy
1,worm-000034_224.npy
1,worm-000034_225.npy
1,worm-000034_226.npy
1,worm-000034_227.npy
1,worm-000034_228.npy
1,worm-000034_229.npy
1,worm-000034_230.npy
1,worm-000034_231.npy
1,worm-000034_232.npy
1,worm-000034_233.npy
1,worm-000034_234.npy
1,worm-000034_235.npy
1,worm-000034_236.npy
1,worm-000034_237.npy
1,worm-000034_238.npy
3,worm-000034_239.npy
1,worm-000034_240.npy
1,worm-000034_242.npy
1,worm-000034_243.npy
1,worm-000034_244.npy
1,worm-000034_245.npy
0,worm-000034_246.npy
1,worm-000034_247.npy
0,worm-000034_248.npy
1,worm-000034_249.npy
1,worm-000034_250.npy
1,worm-000034_251.npy
1,worm-000034_254.npy
0,worm-000034_255.npy
3,worm-000034_256.npy
1,worm-000034_257.npy
4,worm-000034_258.npy
0,worm-000034_259.npy
0,worm-000034_260.npy
4,worm-000034_261.npy
4,worm-000034_262.npy
4,worm-000034_264.npy
4,worm-000034_265.npy
4,worm-000034_267.npy
4,worm-000034_268.npy
3,worm-000034_269.npy
4,worm-000034_270.npy
4,worm-000034_271.npy
4,worm-000034_272.npy
4,worm-000034_273.npy
4,worm-000034_276.npy
1,worm-000034_277.npy
1,worm-000034_278.npy
1,worm-000034_279.npy
1,worm-000034_280.npy
1,worm-000034_281.npy
1,worm-000034_282.npy
1,worm-000034_283.npy
1,worm-000034_284.npy
1,worm-000034_285.npy
1,worm-000034_286.npy
1,worm-000034_287.npy
0,worm-000034_288.npy
1,worm-000034_289.npy
1,worm-000034_290.npy
1,worm-000034_291.npy
0,worm-000034_292.npy
4,worm-000034_293.npy
1,worm-000034_294.npy
4,worm-000034_296.npy
0,worm-000034_297.npy
4,worm-000034_298.npy
0,worm-000034_299.npy
3,worm-000034_300.npy
4,worm-000034_301.npy
4,worm-000034_302.npy
4,worm-000034_303.npy
4,worm-000034_305.npy
4,worm-000034_306.npy
4,worm-000034_308.npy
4,worm-000034_311.npy
5,worm-000034_313.npy
4,worm-000034_315.npy
4,worm-000034_316.npy
4,worm-000034_317.npy
1,worm-000034_321.npy
1,worm-000034_322.npy
2,worm-000034_323.npy
1,worm-000034_324.npy
5,worm-000034_325.npy
4,worm-000034_327.npy
4,worm-000034_330.npy
0,worm-000034_333.npy
4,worm-000034_334.npy
4,worm-000034_336.npy
4,worm-000034_337.npy
4,worm-000034_339.npy
5,worm-000034_340.npy
4,worm-000034_343.npy
4,worm-000034_348.npy
4,worm-000034_351.npy
4,worm-000034_354.npy
4,worm-000034_358.npy
0,worm-000034_359.npy
4,worm-000034_360.npy
4,worm-000034_361.npy
4,worm-000034_363.npy
4,worm-000034_365.npy
4,worm-000034_366.npy
4,worm-000034_367.npy
5,worm-000034_368.npy
4,worm-000034_369.npy
4,worm-000034_370.npy
4,worm-000034_371.npy
4,worm-000034_372.npy
4,worm-000034_373.npy
4,worm-000034_374.npy
1,worm-000034_375.npy
1,worm-000035_000.npy
2,worm-000035_001.npy
2,worm-000035_002.npy
2,worm-000035_003.npy
1,worm-000035_004.npy
1,worm-000035_005.npy
1,worm-000035_006.npy
1,worm-000035_007.npy
2,worm-000035_008.npy
1,worm-000035_009.npy
1,worm-000035_010.npy
1,worm-000035_011.npy
1,worm-000035_012.npy
1,worm-000035_013.npy
1,worm-000035_014.npy
1,worm-000035_015.npy
2,worm-000035_016.npy
2,worm-000035_017.npy
2,worm-000035_018.npy
2,worm-000035_019.npy
1,worm-000035_020.npy
2,worm-000035_021.npy
2,worm-000035_022.npy
1,worm-000035_023.npy
1,worm-000035_024.npy
1,worm-000035_025.npy
2,worm-000035_026.npy
2,worm-000035_027.npy
6,worm-000035_028.npy
1,worm-000035_029.npy
1,worm-000035_030.npy
1,worm-000035_031.npy
2,worm-000035_032.npy
1,worm-000035_033.npy
2,worm-000035_034.npy
0,worm-000035_035.npy
1,worm-000035_036.npy
1,worm-000035_037.npy
1,worm-000035_038.npy
1,worm-000035_039.npy
1,worm-000035_040.npy
1,worm-000035_041.npy
1,worm-000035_042.npy
1,worm-000035_043.npy
1,worm-000035_044.npy
4,worm-000035_045.npy
2,worm-000035_046.npy
2,worm-000035_047.npy
2,worm-000035_048.npy
1,worm-000035_049.npy
6,worm-000035_050.npy
1,worm-000035_051.npy
1,worm-000035_052.npy
2,worm-000035_053.npy
1,worm-000035_054.npy
2,worm-000035_055.npy
1,worm-000035_056.npy
1,worm-000035_057.npy
2,worm-000035_058.npy
4,worm-000035_059.npy
2,worm-000035_060.npy
4,worm-000035_061.npy
4,worm-000035_062.npy
2,worm-000035_063.npy
4,worm-000035_064.npy
6,worm-000035_066.npy
0,worm-000035_067.npy
4,worm-000035_068.npy
4,worm-000035_069.npy
1,worm-000035_070.npy
1,worm-000035_071.npy
1,worm-000035_073.npy
1,worm-000035_074.npy
4,worm-000035_075.npy
4,worm-000035_076.npy
2,worm-000035_077.npy
1,worm-000035_078.npy
4,worm-000035_079.npy
4,worm-000035_080.npy
1,worm-000035_081.npy
2,worm-000035_082.npy
2,worm-000035_083.npy
4,worm-000035_085.npy
3,worm-000035_086.npy
4,worm-000035_087.npy
4,worm-000035_088.npy
4,worm-000035_089.npy
4,worm-000035_090.npy
2,worm-000035_091.npy
4,worm-000035_092.npy
0,worm-000035_093.npy
5,worm-000035_094.npy
2,worm-000035_095.npy
4,worm-000035_096.npy
1,worm-000035_097.npy
4,worm-000035_098.npy
4,worm-000035_099.npy
4,worm-000035_100.npy
1,worm-000035_103.npy
4,worm-000035_105.npy
4,worm-000035_106.npy
4,worm-000035_107.npy
4,worm-000035_108.npy
4,worm-000035_109.npy
0,worm-000035_110.npy
1,worm-000035_111.npy
4,worm-000035_112.npy
4,worm-000035_114.npy
4,worm-000035_115.npy
4,worm-000035_116.npy
4,worm-000035_117.npy
4,worm-000035_118.npy
4,worm-000035_119.npy
4,worm-000035_120.npy
4,worm-000035_121.npy
4,worm-000035_122.npy
4,worm-000035_123.npy
4,worm-000035_124.npy
4,worm-000035_125.npy
4,worm-000035_126.npy
4,worm-000035_127.npy
4,worm-000035_128.npy
4,worm-000035_130.npy
5,worm-000035_132.npy
4,worm-000035_133.npy
4,worm-000035_134.npy
4,worm-000035_135.npy
4,worm-000035_136.npy
5,worm-000035_138.npy
4,worm-000035_139.npy
4,worm-000035_140.npy
2,worm-000035_142.npy
1,worm-000035_143.npy
2,worm-000035_144.npy
1,worm-000035_145.npy
1,worm-000035_146.npy
1,worm-000035_147.npy
1,worm-000035_148.npy
1,worm-000035_149.npy
1,worm-000035_150.npy
2,worm-000035_151.npy
1,worm-000035_152.npy
1,worm-000035_153.npy
2,worm-000035_154.npy
1,worm-000035_155.npy
1,worm-000035_156.npy
1,worm-000035_157.npy
2,worm-000035_158.npy
1,worm-000035_159.npy
1,worm-000035_160.npy
1,worm-000035_161.npy
1,worm-000035_162.npy
1,worm-000035_163.npy
1,worm-000035_164.npy
1,worm-000035_165.npy
1,worm-000035_166.npy
1,worm-000035_167.npy
1,worm-000035_168.npy
4,worm-000035_170.npy
1,worm-000035_171.npy
2,worm-000035_172.npy
1,worm-000035_173.npy
1,worm-000035_175.npy
1,worm-000035_176.npy
1,worm-000035_177.npy
1,worm-000035_178.npy
1,worm-000035_179.npy
2,worm-000035_180.npy
1,worm-000035_181.npy
2,worm-000035_182.npy
1,worm-000035_183.npy
1,worm-000035_184.npy
1,worm-000035_185.npy
2,worm-000035_186.npy
2,worm-000035_187.npy
4,worm-000035_188.npy
1,worm-000035_189.npy
2,worm-000035_190.npy
4,worm-000035_191.npy
1,worm-000035_192.npy
1,worm-000035_193.npy
0,worm-000035_194.npy
1,worm-000035_195.npy
1,worm-000035_196.npy
4,worm-000035_197.npy
2,worm-000035_198.npy
2,worm-000035_200.npy
1,worm-000035_201.npy
1,worm-000035_202.npy
5,worm-000035_204.npy
1,worm-000035_205.npy
1,worm-000035_206.npy
4,worm-000035_207.npy
4,worm-000035_208.npy
1,worm-000035_209.npy
1,worm-000035_210.npy
2,worm-000035_211.npy
1,worm-000035_212.npy
4,worm-000035_213.npy
4,worm-000035_214.npy
4,worm-000035_215.npy
4,worm-000035_216.npy
4,worm-000035_219.npy
4,worm-000035_221.npy
1,worm-000035_222.npy
4,worm-000035_223.npy
4,worm-000035_224.npy
4,worm-000035_225.npy
4,worm-000035_226.npy
4,worm-000035_227.npy
4,worm-000035_228.npy
4,worm-000035_229.npy
4,worm-000035_230.npy
4,worm-000035_231.npy
5,worm-000035_232.npy
4,worm-000035_234.npy
4,worm-000035_235.npy
4,worm-000035_237.npy
4,worm-000035_238.npy
4,worm-000035_240.npy
4,worm-000035_241.npy
4,worm-000035_242.npy
4,worm-000035_243.npy
6,worm-000035_244.npy
4,worm-000035_245.npy
4,worm-000035_246.npy
4,worm-000035_247.npy
4,worm-000035_250.npy
4,worm-000035_251.npy
4,worm-000035_252.npy
4,worm-000035_253.npy
1,worm-000035_254.npy
1,worm-000035_255.npy
1,worm-000035_256.npy
4,worm-000035_257.npy
5,worm-000035_258.npy
1,worm-000035_259.npy
1,worm-000035_260.npy
1,worm-000035_261.npy
1,worm-000035_262.npy
1,worm-000035_263.npy
1,worm-000035_264.npy
1,worm-000035_265.npy
1,worm-000035_266.npy
1,worm-000035_267.npy
1,worm-000035_268.npy
4,worm-000035_269.npy
1,worm-000035_270.npy
1,worm-000035_271.npy
1,worm-000035_272.npy
1,worm-000035_273.npy
1,worm-000035_274.npy
4,worm-000035_275.npy
1,worm-000035_276.npy
4,worm-000035_277.npy
0,worm-000035_278.npy
0,worm-000035_279.npy
4,worm-000035_280.npy
4,worm-000035_281.npy
0,worm-000035_282.npy
4,worm-000035_283.npy
4,worm-000035_284.npy
4,worm-000035_285.npy
1,worm-000035_286.npy
2,worm-000035_287.npy
0,worm-000035_288.npy
4,worm-000035_289.npy
4,worm-000035_290.npy
4,worm-000035_291.npy
4,worm-000035_292.npy
1,worm-000035_293.npy
4,worm-000035_294.npy
2,worm-000035_295.npy
4,worm-000035_298.npy
4,worm-000035_299.npy
4,worm-000035_300.npy
4,worm-000035_301.npy
4,worm-000035_302.npy
4,worm-000035_303.npy
1,worm-000035_304.npy
4,worm-000035_305.npy
4,worm-000035_306.npy
4,worm-000035_307.npy
4,worm-000035_310.npy
4,worm-000035_311.npy
4,worm-000035_312.npy
4,worm-000035_315.npy
4,worm-000035_316.npy
4,worm-000035_317.npy
4,worm-000035_319.npy
4,worm-000035_321.npy
4,worm-000035_322.npy
4,worm-000035_323.npy
4,worm-000035_324.npy
5,worm-000035_325.npy
4,worm-000035_326.npy
5,worm-000035_327.npy
4,worm-000035_328.npy
1,worm-000035_329.npy
1,worm-000035_330.npy
1,worm-000035_331.npy
1,worm-000035_332.npy
1,worm-000035_333.npy
1,worm-000035_334.npy
1,worm-000035_335.npy
1,worm-000035_336.npy
1,worm-000035_337.npy
1,worm-000035_338.npy
4,worm-000035_339.npy
4,worm-000035_340.npy
4,worm-000035_341.npy
4,worm-000035_342.npy
4,worm-000035_343.npy
4,worm-000035_344.npy
1,worm-000035_345.npy
4,worm-000035_348.npy
4,worm-000035_349.npy
4,worm-000035_350.npy
4,worm-000035_351.npy
4,worm-000035_352.npy
4,worm-000035_353.npy
4,worm-000035_354.npy
4,worm-000035_355.npy
1,worm-000035_357.npy
1,worm-000035_359.npy
4,worm-000035_361.npy
5,worm-000035_362.npy
4,worm-000035_364.npy
4,worm-000035_366.npy
4,worm-000035_367.npy
4,worm-000035_370.npy
4,worm-000035_373.npy
4,worm-000035_374.npy
0,worm-000035_375.npy
4,worm-000035_376.npy
1,worm-000035_377.npy
4,worm-000035_384.npy
5,worm-000035_386.npy
4,worm-000035_389.npy
4,worm-000035_390.npy
1,worm-000035_391.npy
4,worm-000035_392.npy
4,worm-000035_394.npy
4,worm-000035_395.npy
4,worm-000035_399.npy
4,worm-000035_401.npy
4,worm-000035_402.npy
4,worm-000035_403.npy
1,worm-000035_404.npy
0,worm-000035_405.npy
4,worm-000035_406.npy
4,worm-000035_407.npy
4,worm-000035_408.npy
4,worm-000035_409.npy
4,worm-000035_410.npy
4,worm-000035_411.npy
4,worm-000035_412.npy
0,worm-000035_413.npy
4,worm-000035_414.npy
4,worm-000035_415.npy
4,worm-000035_416.npy
4,worm-000035_417.npy
1,worm-000036_000.npy
1,worm-000036_001.npy
1,worm-000036_002.npy
1,worm-000036_003.npy
1,worm-000036_004.npy
1,worm-000036_005.npy
1,worm-000036_007.npy
1,worm-000036_008.npy
1,worm-000036_009.npy
1,worm-000036_010.npy
1,worm-000036_011.npy
1,worm-000036_012.npy
1,worm-000036_013.npy
1,worm-000036_014.npy
1,worm-000036_015.npy
1,worm-000036_016.npy
1,worm-000036_017.npy
0,worm-000036_018.npy
1,worm-000036_019.npy
1,worm-000036_020.npy
1,worm-000036_021.npy
1,worm-000036_022.npy
1,worm-000036_023.npy
1,worm-000036_024.npy
1,worm-000036_025.npy
1,worm-000036_026.npy
1,worm-000036_027.npy
1,worm-000036_028.npy
1,worm-000036_030.npy
1,worm-000036_032.npy
1,worm-000036_033.npy
1,worm-000036_034.npy
1,worm-000036_035.npy
0,worm-000036_036.npy
1,worm-000036_037.npy
1,worm-000036_038.npy
5,worm-000036_039.npy
1,worm-000036_040.npy
3,worm-000036_041.npy
1,worm-000036_042.npy
1,worm-000036_043.npy
1,worm-000036_044.npy
1,worm-000036_045.npy
1,worm-000036_046.npy
1,worm-000036_047.npy
4,worm-000036_048.npy
1,worm-000036_049.npy
0,worm-000036_050.npy
1,worm-000036_051.npy
5,worm-000036_052.npy
0,worm-000036_053.npy
1,worm-000036_055.npy
1,worm-000036_057.npy
0,worm-000036_058.npy
0,worm-000036_059.npy
2,worm-000036_060.npy
1,worm-000036_061.npy
1,worm-000036_063.npy
1,worm-000036_064.npy
1,worm-000036_065.npy
1,worm-000036_066.npy
4,worm-000036_067.npy
5,worm-000036_068.npy
0,worm-000036_069.npy
1,worm-000036_070.npy
0,worm-000036_071.npy
2,worm-000036_072.npy
3,worm-000036_074.npy
1,worm-000036_075.npy
4,worm-000036_078.npy
4,worm-000036_079.npy
4,worm-000036_080.npy
4,worm-000036_084.npy
1,worm-000036_085.npy
1,worm-000036_086.npy
1,worm-000036_088.npy
1,worm-000036_089.npy
1,worm-000036_090.npy
1,worm-000036_091.npy
1,worm-000036_092.npy
1,worm-000036_093.npy
1,worm-000036_094.npy
1,worm-000036_095.npy
1,worm-000036_096.npy
1,worm-000036_097.npy
0,worm-000036_098.npy
1,worm-000036_099.npy
1,worm-000036_100.npy
1,worm-000036_101.npy
1,worm-000036_102.npy
0,worm-000036_103.npy
1,worm-000036_104.npy
2,worm-000036_106.npy
1,worm-000036_107.npy
0,worm-000036_108.npy
0,worm-000036_109.npy
5,worm-000036_110.npy
1,worm-000036_111.npy
1,worm-000036_112.npy
1,worm-000036_113.npy
5,worm-000036_114.npy
1,worm-000036_115.npy
1,worm-000036_116.npy
4,worm-000036_117.npy
0,worm-000036_118.npy
0,worm-000036_119.npy
1,worm-000036_121.npy
4,worm-000036_122.npy
4,worm-000036_123.npy
1,worm-000036_124.npy
1,worm-000036_126.npy
0,worm-000036_128.npy
5,worm-000036_130.npy
2,worm-000036_131.npy
2,worm-000036_132.npy
4,worm-000036_133.npy
4,worm-000036_134.npy
3,worm-000036_135.npy
1,worm-000036_137.npy
4,worm-000036_139.npy
4,worm-000036_140.npy
1,worm-000036_141.npy
4,worm-000036_142.npy
4,worm-000036_143.npy
4,worm-000036_144.npy
4,worm-000036_145.npy
4,worm-000036_147.npy
1,worm-000036_149.npy
1,worm-000036_150.npy
1,worm-000036_151.npy
1,worm-000036_152.npy
1,worm-000036_153.npy
1,worm-000036_154.npy
1,worm-000036_155.npy
0,worm-000036_156.npy
1,worm-000036_157.npy
0,worm-000036_158.npy
1,worm-000036_159.npy
1,worm-000036_160.npy
2,worm-000036_161.npy
1,worm-000036_162.npy
2,worm-000036_163.npy
4,worm-000036_164.npy
2,worm-000036_165.npy
0,worm-000036_166.npy
0,worm-000036_167.npy
0,worm-000036_168.npy
0,worm-000036_169.npy
0,worm-000036_170.npy
1,worm-000036_171.npy
0,worm-000036_173.npy
3,worm-000036_174.npy
0,worm-000036_175.npy
0,worm-000036_176.npy
5,worm-000036_177.npy
2,worm-000036_178.npy
1,worm-000036_179.npy
3,worm-000036_180.npy
1,worm-000036_182.npy
4,worm-000036_184.npy
4,worm-000036_185.npy
4,worm-000036_188.npy
4,worm-000036_189.npy
3,worm-000036_190.npy
0,worm-000036_191.npy
4,worm-000036_192.npy
4,worm-000036_193.npy
4,worm-000036_194.npy
4,worm-000036_195.npy
3,worm-000036_196.npy
5,worm-000036_197.npy
4,worm-000036_198.npy
4,worm-000036_201.npy
1,worm-000036_202.npy
4,worm-000036_204.npy
5,worm-000036_205.npy
1,worm-000036_206.npy
1,worm-000036_207.npy
1,worm-000036_208.npy
1,worm-000036_209.npy
2,worm-000036_210.npy
1,worm-000036_211.npy
1,worm-000036_212.npy
4,worm-000036_213.npy
6,worm-000036_214.npy
4,worm-000036_216.npy
4,worm-000036_217.npy
4,worm-000036_219.npy
4,worm-000036_221.npy
4,worm-000036_222.npy
4,worm-000036_223.npy
4,worm-000036_224.npy
4,worm-000036_225.npy
1,worm-000036_226.npy
1,worm-000036_227.npy
5,worm-000036_229.npy
4,worm-000036_231.npy
5,worm-000036_233.npy
4,worm-000036_237.npy
3,worm-000036_240.npy
4,worm-000036_241.npy
4,worm-000036_242.npy
5,worm-000036_243.npy
4,worm-000036_244.npy
4,worm-000036_246.npy
5,worm-000036_247.npy
4,worm-000036_248.npy
4,worm-000036_249.npy
4,worm-000036_250.npy
5,worm-000036_252.npy
4,worm-000036_253.npy
4,worm-000036_254.npy
4,worm-000036_256.npy
4,worm-000036_257.npy
4,worm-000036_259.npy
4,worm-000036_260.npy
4,worm-000036_262.npy
5,worm-000036_264.npy
5,worm-000036_265.npy
4,worm-000036_267.npy
5,worm-000036_268.npy
4,worm-000036_269.npy
1,worm-000036_270.npy
2,worm-000037_000.npy
2,worm-000037_001.npy
4,worm-000037_002.npy
2,worm-000037_003.npy
0,worm-000037_004.npy
6,worm-000037_005.npy
1,worm-000037_006.npy
1,worm-000037_007.npy
6,worm-000037_008.npy
6,worm-000037_009.npy
2,worm-000037_010.npy
2,worm-000037_011.npy
2,worm-000037_012.npy
2,worm-000037_013.npy
1,worm-000037_014.npy
2,worm-000037_015.npy
2,worm-000037_016.npy
1,worm-000037_017.npy
1,worm-000037_018.npy
4,worm-000037_019.npy
6,worm-000037_020.npy
6,worm-000037_021.npy
4,worm-000037_022.npy
6,worm-000037_023.npy
1,worm-000037_024.npy
3,worm-000037_025.npy
2,worm-000037_026.npy
4,worm-000037_027.npy
2,worm-000037_028.npy
2,worm-000037_029.npy
6,worm-000037_030.npy
2,worm-000037_031.npy
6,worm-000037_032.npy
4,worm-000037_033.npy
1,worm-000037_034.npy
2,worm-000037_035.npy
4,worm-000037_036.npy
2,worm-000037_037.npy
4,worm-000037_038.npy
6,worm-000037_039.npy
5,worm-000037_040.npy
4,worm-000037_041.npy
6,worm-000037_042.npy
4,worm-000037_043.npy
2,worm-000037_045.npy
1,worm-000037_046.npy
2,worm-000037_047.npy
2,worm-000037_048.npy
4,worm-000037_049.npy
6,worm-000037_050.npy
6,worm-000037_051.npy
5,worm-000037_052.npy
4,worm-000037_053.npy
2,worm-000037_054.npy
4,worm-000037_055.npy
2,worm-000037_056.npy
6,worm-000037_058.npy
4,worm-000037_059.npy
1,worm-000037_060.npy
1,worm-000037_061.npy
1,worm-000037_062.npy
4,worm-000037_063.npy
6,worm-000037_064.npy
2,worm-000037_065.npy
1,worm-000037_066.npy
2,worm-000037_067.npy
2,worm-000037_068.npy
4,worm-000037_069.npy
4,worm-000037_070.npy
4,worm-000037_071.npy
4,worm-000037_072.npy
5,worm-000037_074.npy
1,worm-000037_075.npy
4,worm-000037_076.npy
4,worm-000037_077.npy
4,worm-000037_078.npy
4,worm-000037_079.npy
6,worm-000037_080.npy
4,worm-000037_082.npy
5,worm-000037_083.npy
4,worm-000037_084.npy
2,worm-000037_085.npy
4,worm-000037_086.npy
4,worm-000037_087.npy
6,worm-000037_088.npy
4,worm-000037_089.npy
6,worm-000037_090.npy
2,worm-000037_091.npy
4,worm-000037_092.npy
4,worm-000037_093.npy
4,worm-000037_094.npy
4,worm-000037_095.npy
6,worm-000037_096.npy
4,worm-000037_097.npy
4,worm-000037_098.npy
2,worm-000037_099.npy
2,worm-000037_100.npy
4,worm-000037_101.npy
6,worm-000037_102.npy
6,worm-000037_103.npy
4,worm-000037_104.npy
6,worm-000037_105.npy
6,worm-000037_106.npy
4,worm-000037_107.npy
4,worm-000037_109.npy
4,worm-000037_110.npy
4,worm-000037_111.npy
4,worm-000037_112.npy
4,worm-000037_113.npy
4,worm-000037_114.npy
4,worm-000037_115.npy
4,worm-000037_116.npy
4,worm-000037_118.npy
5,worm-000037_119.npy
4,worm-000037_120.npy
4,worm-000037_121.npy
4,worm-000037_122.npy
4,worm-000037_123.npy
4,worm-000037_124.npy
4,worm-000037_125.npy
4,worm-000037_126.npy
4,worm-000037_127.npy
4,worm-000037_128.npy
5,worm-000037_129.npy
4,worm-000037_130.npy
6,worm-000037_131.npy
4,worm-000037_132.npy
5,worm-000037_133.npy
4,worm-000037_134.npy
4,worm-000037_136.npy
4,worm-000037_138.npy
4,worm-000037_140.npy
4,worm-000037_141.npy
4,worm-000037_142.npy
4,worm-000037_143.npy
4,worm-000037_144.npy
4,worm-000037_148.npy
4,worm-000037_149.npy
5,worm-000037_150.npy
6,worm-000037_151.npy
6,worm-000037_153.npy
6,worm-000037_154.npy
6,worm-000037_155.npy
6,worm-000037_156.npy
2,worm-000037_157.npy
3,worm-000037_158.npy
1,worm-000037_159.npy
2,worm-000037_160.npy
2,worm-000037_161.npy
2,worm-000037_162.npy
2,worm-000037_163.npy
6,worm-000037_164.npy
2,worm-000037_165.npy
2,worm-000037_166.npy
2,worm-000037_167.npy
4,worm-000037_168.npy
2,worm-000037_169.npy
1,worm-000037_170.npy
4,worm-000037_171.npy
4,worm-000037_172.npy
2,worm-000037_173.npy
2,worm-000037_174.npy
4,worm-000037_175.npy
6,worm-000037_176.npy
4,worm-000037_177.npy
6,worm-000037_178.npy
6,worm-000037_179.npy
4,worm-000037_181.npy
2,worm-000037_183.npy
4,worm-000037_184.npy
4,worm-000037_185.npy
1,worm-000037_186.npy
1,worm-000037_188.npy
4,worm-000037_190.npy
4,worm-000037_191.npy
4,worm-000037_192.npy
4,worm-000037_193.npy
4,worm-000037_194.npy
4,worm-000037_195.npy
4,worm-000037_197.npy
6,worm-000037_198.npy
6,worm-000037_199.npy
4,worm-000037_200.npy
4,worm-000037_202.npy
4,worm-000037_203.npy
4,worm-000037_204.npy
4,worm-000037_205.npy
4,worm-000037_206.npy
4,worm-000037_208.npy
4,worm-000037_209.npy
4,worm-000037_211.npy
4,worm-000037_212.npy
4,worm-000037_213.npy
4,worm-000037_214.npy
4,worm-000037_215.npy
4,worm-000037_216.npy
4,worm-000037_217.npy
4,worm-000037_218.npy
4,worm-000037_219.npy
4,worm-000037_220.npy
4,worm-000037_221.npy
4,worm-000037_222.npy
6,worm-000037_223.npy
4,worm-000037_224.npy
4,worm-000037_225.npy
4,worm-000037_227.npy
4,worm-000037_228.npy
4,worm-000037_229.npy
4,worm-000037_230.npy
4,worm-000037_231.npy
4,worm-000037_233.npy
4,worm-000037_234.npy
4,worm-000037_235.npy
4,worm-000037_237.npy
4,worm-000037_238.npy
4,worm-000037_239.npy
4,worm-000037_240.npy
1,worm-000037_241.npy
2,worm-000037_242.npy
6,worm-000037_243.npy
2,worm-000037_244.npy
1,worm-000037_245.npy
6,worm-000037_246.npy
1,worm-000037_247.npy
1,worm-000037_248.npy
1,worm-000037_249.npy
2,worm-000037_250.npy
1,worm-000037_251.npy
2,worm-000037_252.npy
6,worm-000037_253.npy
1,worm-000037_254.npy
4,worm-000037_255.npy
2,worm-000037_256.npy
6,worm-000037_257.npy
4,worm-000037_258.npy
2,worm-000037_259.npy
4,worm-000037_260.npy
4,worm-000037_261.npy
4,worm-000037_262.npy
4,worm-000037_263.npy
4,worm-000037_264.npy
4,worm-000037_265.npy
4,worm-000037_266.npy
4,worm-000037_267.npy
4,worm-000037_269.npy
4,worm-000037_270.npy
4,worm-000037_271.npy
4,worm-000037_272.npy
4,worm-000037_273.npy
4,worm-000037_274.npy
4,worm-000037_275.npy
4,worm-000037_276.npy
6,worm-000037_277.npy
4,worm-000037_278.npy
4,worm-000037_280.npy
4,worm-000037_281.npy
4,worm-000037_282.npy
4,worm-000037_283.npy
4,worm-000037_284.npy
4,worm-000037_285.npy
4,worm-000037_287.npy
4,worm-000037_289.npy
4,worm-000037_291.npy
4,worm-000037_292.npy
4,worm-000037_293.npy
4,worm-000037_295.npy
4,worm-000037_296.npy
4,worm-000037_298.npy
4,worm-000037_300.npy
4,worm-000037_302.npy
4,worm-000037_304.npy
4,worm-000037_305.npy
5,worm-000037_307.npy
4,worm-000037_308.npy
3,worm-000037_309.npy
6,worm-000037_310.npy
1,worm-000037_311.npy
1,worm-000037_312.npy
6,worm-000037_313.npy
6,worm-000037_314.npy
4,worm-000037_315.npy
6,worm-000037_316.npy
4,worm-000037_317.npy
4,worm-000037_319.npy
4,worm-000037_320.npy
4,worm-000037_321.npy
4,worm-000037_322.npy
4,worm-000037_323.npy
4,worm-000037_324.npy
4,worm-000037_325.npy
4,worm-000037_327.npy
4,worm-000037_328.npy
4,worm-000037_329.npy
4,worm-000037_330.npy
4,worm-000037_331.npy
4,worm-000037_332.npy
4,worm-000037_333.npy
4,worm-000037_335.npy
4,worm-000037_336.npy
4,worm-000037_338.npy
4,worm-000037_339.npy
4,worm-000037_340.npy
4,worm-000037_341.npy
4,worm-000037_342.npy
4,worm-000037_343.npy
4,worm-000037_344.npy
4,worm-000037_345.npy
4,worm-000037_346.npy
4,worm-000037_347.npy
4,worm-000037_348.npy
4,worm-000037_349.npy
4,worm-000037_350.npy
4,worm-000037_352.npy
4,worm-000037_353.npy
4,worm-000037_355.npy
4,worm-000037_356.npy
4,worm-000037_359.npy
4,worm-000037_360.npy
4,worm-000037_362.npy
4,worm-000037_363.npy
4,worm-000037_364.npy
5,worm-000037_365.npy
2,worm-000037_366.npy
5,worm-000037_367.npy
4,worm-000037_368.npy
4,worm-000037_370.npy
4,worm-000037_371.npy
4,worm-000037_372.npy
4,worm-000037_373.npy
4,worm-000037_374.npy
4,worm-000037_375.npy
4,worm-000037_376.npy
4,worm-000037_377.npy
4,worm-000037_379.npy
4,worm-000037_380.npy
4,worm-000037_382.npy
4,worm-000037_383.npy
4,worm-000037_384.npy
6,worm-000037_385.npy
4,worm-000037_389.npy
4,worm-000037_390.npy
4,worm-000037_391.npy
4,worm-000037_392.npy
4,worm-000037_395.npy
4,worm-000037_396.npy
4,worm-000037_397.npy
4,worm-000037_398.npy
4,worm-000037_399.npy
4,worm-000037_401.npy
4,worm-000037_402.npy
4,worm-000037_405.npy
4,worm-000037_406.npy
4,worm-000037_408.npy
2,worm-000037_410.npy
4,worm-000037_412.npy
4,worm-000037_414.npy
4,worm-000037_415.npy
4,worm-000037_416.npy
4,worm-000037_419.npy
4,worm-000037_420.npy
4,worm-000037_421.npy
4,worm-000037_423.npy
4,worm-000037_425.npy
4,worm-000037_426.npy
4,worm-000037_429.npy
4,worm-000037_430.npy
4,worm-000037_432.npy
4,worm-000037_433.npy
4,worm-000037_434.npy
4,worm-000037_435.npy
4,worm-000037_436.npy
4,worm-000037_437.npy
5,worm-000037_438.npy
4,worm-000037_441.npy
4,worm-000037_442.npy
4,worm-000037_443.npy
4,worm-000037_444.npy
4,worm-000037_445.npy
4,worm-000037_446.npy
4,worm-000037_447.npy
4,worm-000037_448.npy
4,worm-000037_449.npy
1,worm-000038_000.npy
1,worm-000038_001.npy
2,worm-000038_002.npy
1,worm-000038_003.npy
1,worm-000038_004.npy
1,worm-000038_005.npy
1,worm-000038_006.npy
1,worm-000038_007.npy
1,worm-000038_008.npy
1,worm-000038_009.npy
1,worm-000038_010.npy
1,worm-000038_011.npy
2,worm-000038_012.npy
1,worm-000038_013.npy
1,worm-000038_014.npy
1,worm-000038_015.npy
1,worm-000038_016.npy
1,worm-000038_017.npy
1,worm-000038_018.npy
1,worm-000038_019.npy
1,worm-000038_020.npy
1,worm-000038_021.npy
1,worm-000038_022.npy
5,worm-000038_023.npy
0,worm-000038_024.npy
1,worm-000038_025.npy
1,worm-000038_026.npy
1,worm-000038_027.npy
1,worm-000038_028.npy
5,worm-000038_029.npy
1,worm-000038_030.npy
1,worm-000038_031.npy
1,worm-000038_032.npy
1,worm-000038_033.npy
1,worm-000038_034.npy
1,worm-000038_035.npy
1,worm-000038_036.npy
1,worm-000038_037.npy
1,worm-000038_038.npy
1,worm-000038_039.npy
1,worm-000038_040.npy
1,worm-000038_041.npy
1,worm-000038_042.npy
0,worm-000038_043.npy
1,worm-000038_044.npy
1,worm-000038_045.npy
1,worm-000038_046.npy
1,worm-000038_047.npy
6,worm-000038_048.npy
6,worm-000038_049.npy
2,worm-000038_050.npy
1,worm-000038_051.npy
1,worm-000038_052.npy
5,worm-000038_053.npy
1,worm-000038_054.npy
1,worm-000038_055.npy
1,worm-000038_056.npy
1,worm-000038_057.npy
0,worm-000038_058.npy
1,worm-000038_059.npy
0,worm-000038_061.npy
1,worm-000038_062.npy
4,worm-000038_063.npy
1,worm-000038_064.npy
1,worm-000038_065.npy
1,worm-000038_066.npy
1,worm-000038_067.npy
5,worm-000038_068.npy
1,worm-000038_069.npy
1,worm-000038_070.npy
1,worm-000038_071.npy
1,worm-000038_072.npy
1,worm-000038_073.npy
1,worm-000038_074.npy
1,worm-000038_075.npy
1,worm-000038_076.npy
1,worm-000038_077.npy
0,worm-000038_078.npy
1,worm-000038_079.npy
1,worm-000038_080.npy
1,worm-000038_081.npy
1,worm-000038_082.npy
2,worm-000038_083.npy
5,worm-000038_084.npy
4,worm-000038_085.npy
4,worm-000038_086.npy
0,worm-000038_087.npy
2,worm-000038_088.npy
1,worm-000038_089.npy
5,worm-000038_090.npy
1,worm-000038_091.npy
0,worm-000038_092.npy
0,worm-000038_093.npy
0,worm-000038_094.npy
0,worm-000038_095.npy
1,worm-000038_096.npy
5,worm-000038_097.npy
1,worm-000038_099.npy
1,worm-000038_100.npy
1,worm-000038_101.npy
1,worm-000038_102.npy
1,worm-000038_103.npy
0,worm-000038_104.npy
0,worm-000038_105.npy
0,worm-000038_106.npy
1,worm-000038_107.npy
1,worm-000038_108.npy
0,worm-000038_109.npy
0,worm-000038_110.npy
5,worm-000038_111.npy
1,worm-000038_112.npy
1,worm-000038_113.npy
5,worm-000038_114.npy
1,worm-000038_115.npy
1,worm-000038_116.npy
5,worm-000038_117.npy
4,worm-000038_118.npy
1,worm-000038_121.npy
4,worm-000038_122.npy
4,worm-000038_123.npy
3,worm-000038_124.npy
0,worm-000038_126.npy
4,worm-000038_127.npy
4,worm-000038_128.npy
1,worm-000038_129.npy
5,worm-000038_130.npy
5,worm-000038_131.npy
6,worm-000038_132.npy
5,worm-000038_133.npy
4,worm-000038_134.npy
5,worm-000038_135.npy
4,worm-000038_137.npy
1,worm-000038_138.npy
4,worm-000038_140.npy
5,worm-000038_141.npy
4,worm-000038_142.npy
5,worm-000038_143.npy
4,worm-000038_144.npy
5,worm-000038_145.npy
4,worm-000038_146.npy
0,worm-000038_149.npy
5,worm-000038_150.npy
5,worm-000038_151.npy
4,worm-000038_152.npy
5,worm-000038_154.npy
4,worm-000038_156.npy
4,worm-000038_158.npy
4,worm-000038_159.npy
1,worm-000038_160.npy
1,worm-000038_161.npy
1,worm-000038_162.npy
1,worm-000038_163.npy
1,worm-000038_164.npy
1,worm-000038_165.npy
1,worm-000038_166.npy
1,worm-000038_167.npy
1,worm-000038_168.npy
1,worm-000038_169.npy
1,worm-000038_170.npy
1,worm-000038_171.npy
1,worm-000038_172.npy
1,worm-000038_173.npy
1,worm-000038_174.npy
1,worm-000038_175.npy
1,worm-000038_176.npy
1,worm-000038_177.npy
1,worm-000038_178.npy
5,worm-000038_179.npy
1,worm-000038_180.npy
1,worm-000038_181.npy
1,worm-000038_182.npy
1,worm-000038_183.npy
0,worm-000038_184.npy
0,worm-000038_185.npy
1,worm-000038_186.npy
0,worm-000038_187.npy
5,worm-000038_189.npy
1,worm-000038_190.npy
1,worm-000038_191.npy
4,worm-000038_192.npy
2,worm-000038_193.npy
2,worm-000038_194.npy
6,worm-000038_195.npy
5,worm-000038_196.npy
3,worm-000038_197.npy
4,worm-000038_199.npy
4,worm-000038_200.npy
4,worm-000038_201.npy
4,worm-000038_203.npy
4,worm-000038_204.npy
4,worm-000038_205.npy
4,worm-000038_207.npy
4,worm-000038_208.npy
4,worm-000038_209.npy
4,worm-000038_212.npy
4,worm-000038_214.npy
4,worm-000038_215.npy
4,worm-000038_216.npy
4,worm-000038_217.npy
1,worm-000038_218.npy
2,worm-000038_219.npy
1,worm-000038_220.npy
1,worm-000038_221.npy
1,worm-000038_222.npy
1,worm-000038_223.npy
1,worm-000038_224.npy
1,worm-000038_225.npy
1,worm-000038_226.npy
1,worm-000038_227.npy
1,worm-000038_228.npy
1,worm-000038_229.npy
2,worm-000038_230.npy
2,worm-000038_231.npy
1,worm-000038_232.npy
2,worm-000038_233.npy
2,worm-000038_234.npy
1,worm-000038_235.npy
1,worm-000038_236.npy
1,worm-000038_237.npy
1,worm-000038_238.npy
1,worm-000038_239.npy
1,worm-000038_240.npy
1,worm-000038_241.npy
1,worm-000038_242.npy
1,worm-000038_243.npy
1,worm-000038_244.npy
0,worm-000038_245.npy
4,worm-000038_246.npy
0,worm-000038_247.npy
0,worm-000038_248.npy
0,worm-000038_249.npy
4,worm-000038_250.npy
0,worm-000038_251.npy
4,worm-000038_252.npy
1,worm-000038_253.npy
0,worm-000038_254.npy
0,worm-000038_255.npy
4,worm-000038_256.npy
0,worm-000038_257.npy
4,worm-000038_258.npy
4,worm-000038_259.npy
1,worm-000038_260.npy
4,worm-000038_261.npy
4,worm-000038_262.npy
1,worm-000038_263.npy
4,worm-000038_264.npy
4,worm-000038_265.npy
0,worm-000038_266.npy
5,worm-000038_267.npy
4,worm-000038_268.npy
5,worm-000038_269.npy
5,worm-000038_270.npy
4,worm-000038_271.npy
4,worm-000038_272.npy
4,worm-000038_275.npy
4,worm-000038_276.npy
1,worm-000038_277.npy
1,worm-000038_279.npy
1,worm-000038_280.npy
1,worm-000038_281.npy
1,worm-000038_282.npy
1,worm-000038_283.npy
1,worm-000038_284.npy
1,worm-000038_285.npy
1,worm-000038_286.npy
1,worm-000038_287.npy
1,worm-000038_288.npy
1,worm-000038_289.npy
1,worm-000038_290.npy
1,worm-000038_291.npy
5,worm-000038_292.npy
1,worm-000038_293.npy
1,worm-000038_294.npy
1,worm-000038_296.npy
1,worm-000038_297.npy
0,worm-000038_298.npy
1,worm-000038_299.npy
4,worm-000038_300.npy
4,worm-000038_301.npy
4,worm-000038_302.npy
0,worm-000038_303.npy
4,worm-000038_304.npy
4,worm-000038_305.npy
4,worm-000038_306.npy
0,worm-000038_307.npy
5,worm-000038_308.npy
4,worm-000038_309.npy
4,worm-000038_311.npy
4,worm-000038_313.npy
4,worm-000038_314.npy
4,worm-000038_315.npy
4,worm-000038_317.npy
4,worm-000038_318.npy
4,worm-000038_319.npy
1,worm-000038_321.npy
2,worm-000038_322.npy
4,worm-000038_323.npy
4,worm-000038_325.npy
1,worm-000038_327.npy
4,worm-000038_328.npy
0,worm-000038_330.npy
4,worm-000038_332.npy
4,worm-000038_336.npy
5,worm-000038_338.npy
4,worm-000038_339.npy
4,worm-000038_340.npy
4,worm-000038_341.npy
4,worm-000038_344.npy
4,worm-000038_348.npy
4,worm-000038_350.npy
5,worm-000038_351.npy
1,worm-000038_353.npy
4,worm-000038_354.npy
4,worm-000038_355.npy
4,worm-000038_356.npy
4,worm-000038_358.npy
4,worm-000038_359.npy
2,worm-000038_362.npy
1,worm-000038_363.npy
1,worm-000039_000.npy
6,worm-000039_001.npy
1,worm-000039_002.npy
1,worm-000039_003.npy
1,worm-000039_004.npy
1,worm-000039_005.npy
2,worm-000039_006.npy
4,worm-000039_007.npy
1,worm-000039_008.npy
2,worm-000039_009.npy
2,worm-000039_010.npy
1,worm-000039_011.npy
2,worm-000039_012.npy
1,worm-000039_013.npy
1,worm-000039_014.npy
1,worm-000039_015.npy
1,worm-000039_016.npy
1,worm-000039_017.npy
1,worm-000039_018.npy
1,worm-000039_019.npy
1,worm-000039_020.npy
1,worm-000039_021.npy
1,worm-000039_022.npy
2,worm-000039_023.npy
1,worm-000039_024.npy
1,worm-000039_026.npy
1,worm-000039_027.npy
1,worm-000039_028.npy
0,worm-000039_029.npy
1,worm-000039_030.npy
1,worm-000039_032.npy
0,worm-000039_033.npy
0,worm-000039_034.npy
2,worm-000039_035.npy
1,worm-000039_036.npy
4,worm-000039_037.npy
1,worm-000039_038.npy
4,worm-000039_039.npy
1,worm-000039_040.npy
0,worm-000039_041.npy
2,worm-000039_042.npy
2,worm-000039_043.npy
1,worm-000039_044.npy
6,worm-000039_045.npy
1,worm-000039_046.npy
4,worm-000039_047.npy
4,worm-000039_048.npy
1,worm-000039_049.npy
3,worm-000039_050.npy
1,worm-000039_051.npy
2,worm-000039_052.npy
1,worm-000039_054.npy
4,worm-000039_055.npy
0,worm-000039_056.npy
1,worm-000039_057.npy
0,worm-000039_058.npy
6,worm-000039_059.npy
4,worm-000039_060.npy
4,worm-000039_062.npy
4,worm-000039_063.npy
4,worm-000039_064.npy
0,worm-000039_065.npy
4,worm-000039_068.npy
4,worm-000039_069.npy
0,worm-000039_070.npy
4,worm-000039_071.npy
4,worm-000039_072.npy
4,worm-000039_073.npy
0,worm-000039_074.npy
0,worm-000039_075.npy
4,worm-000039_076.npy
0,worm-000039_077.npy
4,worm-000039_078.npy
1,worm-000039_079.npy
2,worm-000039_080.npy
4,worm-000039_081.npy
1,worm-000039_082.npy
4,worm-000039_083.npy
4,worm-000039_085.npy
4,worm-000039_086.npy
4,worm-000039_087.npy
4,worm-000039_088.npy
4,worm-000039_090.npy
4,worm-000039_091.npy
4,worm-000039_092.npy
5,worm-000039_093.npy
4,worm-000039_094.npy
4,worm-000039_095.npy
4,worm-000039_096.npy
4,worm-000039_097.npy
5,worm-000039_099.npy
4,worm-000039_100.npy
4,worm-000039_102.npy
1,worm-000039_103.npy
4,worm-000039_105.npy
4,worm-000039_107.npy
4,worm-000039_108.npy
4,worm-000039_109.npy
4,worm-000039_110.npy
4,worm-000039_111.npy
5,worm-000039_114.npy
4,worm-000039_115.npy
4,worm-000039_116.npy
4,worm-000039_117.npy
4,worm-000039_118.npy
4,worm-000039_119.npy
4,worm-000039_120.npy
4,worm-000039_121.npy
4,worm-000039_122.npy
0,worm-000039_123.npy
1,worm-000039_124.npy
1,worm-000039_125.npy
2,worm-000039_126.npy
2,worm-000039_127.npy
2,worm-000039_128.npy
1,worm-000039_129.npy
2,worm-000039_130.npy
2,worm-000039_131.npy
2,worm-000039_132.npy
1,worm-000039_133.npy
1,worm-000039_134.npy
1,worm-000039_135.npy
2,worm-000039_136.npy
2,worm-000039_137.npy
1,worm-000039_138.npy
1,worm-000039_139.npy
2,worm-000039_140.npy
2,worm-000039_141.npy
1,worm-000039_142.npy
1,worm-000039_143.npy
1,worm-000039_144.npy
1,worm-000039_145.npy
1,worm-000039_146.npy
1,worm-000039_147.npy
2,worm-000039_148.npy
1,worm-000039_149.npy
1,worm-000039_150.npy
1,worm-000039_151.npy
1,worm-000039_152.npy
1,worm-000039_153.npy
1,worm-000039_154.npy
6,worm-000039_155.npy
1,worm-000039_156.npy
1,worm-000039_157.npy
1,worm-000039_158.npy
1,worm-000039_159.npy
1,worm-000039_160.npy
4,worm-000039_161.npy
1,worm-000039_162.npy
1,worm-000039_163.npy
4,worm-000039_164.npy
1,worm-000039_165.npy
4,worm-000039_166.npy
0,worm-000039_167.npy
2,worm-000039_168.npy
1,worm-000039_169.npy
4,worm-000039_170.npy
4,worm-000039_171.npy
1,worm-000039_172.npy
5,worm-000039_173.npy
3,worm-000039_174.npy
4,worm-000039_175.npy
4,worm-000039_176.npy
4,worm-000039_177.npy
3,worm-000039_178.npy
4,worm-000039_179.npy
4,worm-000039_180.npy
4,worm-000039_181.npy
4,worm-000039_182.npy
4,worm-000039_183.npy
4,worm-000039_184.npy
4,worm-000039_185.npy
4,worm-000039_186.npy
4,worm-000039_187.npy
4,worm-000039_188.npy
4,worm-000039_189.npy
4,worm-000039_190.npy
4,worm-000039_191.npy
4,worm-000039_192.npy
4,worm-000039_193.npy
4,worm-000039_194.npy
4,worm-000039_195.npy
4,worm-000039_196.npy
4,worm-000039_197.npy
4,worm-000039_198.npy
4,worm-000039_200.npy
4,worm-000039_201.npy
4,worm-000039_202.npy
4,worm-000039_203.npy
4,worm-000039_204.npy
1,worm-000039_205.npy
4,worm-000039_206.npy
4,worm-000039_207.npy
4,worm-000039_208.npy
4,worm-000039_209.npy
4,worm-000039_212.npy
4,worm-000039_213.npy
4,worm-000039_214.npy
4,worm-000039_215.npy
5,worm-000039_216.npy
1,worm-000039_217.npy
1,worm-000039_218.npy
2,worm-000039_219.npy
2,worm-000039_220.npy
2,worm-000039_221.npy
1,worm-000039_222.npy
1,worm-000039_223.npy
1,worm-000039_224.npy
1,worm-000039_225.npy
1,worm-000039_226.npy
1,worm-000039_227.npy
1,worm-000039_228.npy
1,worm-000039_229.npy
1,worm-000039_231.npy
1,worm-000039_232.npy
2,worm-000039_233.npy
1,worm-000039_235.npy
1,worm-000039_236.npy
1,worm-000039_237.npy
1,worm-000039_238.npy
1,worm-000039_239.npy
2,worm-000039_240.npy
2,worm-000039_241.npy
1,worm-000039_242.npy
0,worm-000039_243.npy
2,worm-000039_244.npy
1,worm-000039_246.npy
4,worm-000039_247.npy
1,worm-000039_248.npy
1,worm-000039_249.npy
1,worm-000039_250.npy
1,worm-000039_251.npy
4,worm-000039_252.npy
0,worm-000039_253.npy
4,worm-000039_254.npy
4,worm-000039_255.npy
4,worm-000039_256.npy
4,worm-000039_257.npy
4,worm-000039_259.npy
4,worm-000039_260.npy
4,worm-000039_261.npy
4,worm-000039_262.npy
5,worm-000039_263.npy
4,worm-000039_265.npy
4,worm-000039_266.npy
4,worm-000039_267.npy
4,worm-000039_268.npy
4,worm-000039_269.npy
4,worm-000039_271.npy
5,worm-000039_272.npy
4,worm-000039_273.npy
4,worm-000039_274.npy
4,worm-000039_275.npy
4,worm-000039_276.npy
4,worm-000039_277.npy
4,worm-000039_278.npy
4,worm-000039_279.npy
4,worm-000039_280.npy
4,worm-000039_281.npy
4,worm-000039_282.npy
4,worm-000039_283.npy
4,worm-000039_284.npy
4,worm-000039_286.npy
2,worm-000039_287.npy
1,worm-000039_288.npy
1,worm-000039_289.npy
1,worm-000039_290.npy
1,worm-000039_291.npy
2,worm-000039_292.npy
2,worm-000039_293.npy
1,worm-000039_294.npy
1,worm-000039_295.npy
2,worm-000039_296.npy
1,worm-000039_298.npy
2,worm-000039_299.npy
1,worm-000039_300.npy
1,worm-000039_301.npy
1,worm-000039_302.npy
1,worm-000039_303.npy
1,worm-000039_304.npy
2,worm-000039_305.npy
1,worm-000039_306.npy
1,worm-000039_307.npy
1,worm-000039_309.npy
1,worm-000039_310.npy
1,worm-000039_311.npy
2,worm-000039_312.npy
1,worm-000039_313.npy
1,worm-000039_314.npy
2,worm-000039_315.npy
2,worm-000039_316.npy
1,worm-000039_317.npy
1,worm-000039_318.npy
1,worm-000039_319.npy
2,worm-000039_320.npy
1,worm-000039_321.npy
1,worm-000039_322.npy
0,worm-000039_323.npy
1,worm-000039_324.npy
4,worm-000039_325.npy
0,worm-000039_326.npy
3,worm-000039_327.npy
4,worm-000039_328.npy
1,worm-000039_329.npy
1,worm-000039_330.npy
0,worm-000039_331.npy
4,worm-000039_332.npy
4,worm-000039_333.npy
6,worm-000039_335.npy
4,worm-000039_336.npy
4,worm-000039_337.npy
4,worm-000039_341.npy
4,worm-000039_342.npy
4,worm-000039_343.npy
4,worm-000039_344.npy
4,worm-000039_345.npy
4,worm-000039_346.npy
4,worm-000039_347.npy
4,worm-000039_348.npy
4,worm-000039_349.npy
4,worm-000039_350.npy
4,worm-000039_351.npy
4,worm-000039_354.npy
4,worm-000039_355.npy
4,worm-000039_356.npy
4,worm-000039_357.npy
6,worm-000039_359.npy
4,worm-000039_361.npy
5,worm-000039_363.npy
5,worm-000039_364.npy
0,worm-000039_365.npy
4,worm-000039_367.npy
4,worm-000039_368.npy
4,worm-000039_370.npy
4,worm-000039_373.npy
4,worm-000039_374.npy
4,worm-000039_375.npy
4,worm-000039_376.npy
4,worm-000039_378.npy
4,worm-000039_380.npy
4,worm-000039_383.npy
4,worm-000039_384.npy
4,worm-000039_386.npy
4,worm-000039_387.npy
4,worm-000039_388.npy
4,worm-000039_389.npy
4,worm-000039_390.npy
4,worm-000039_391.npy
1,worm-000039_393.npy
1,worm-000039_394.npy
4,worm-000039_395.npy
1,worm-000039_396.npy
1,worm-000039_397.npy
1,worm-000039_398.npy
1,worm-000039_399.npy
4,worm-000039_400.npy
4,worm-000039_401.npy
1,worm-000040_000.npy
1,worm-000040_001.npy
1,worm-000040_002.npy
1,worm-000040_003.npy
1,worm-000040_004.npy
1,worm-000040_005.npy
1,worm-000040_006.npy
1,worm-000040_007.npy
1,worm-000040_008.npy
1,worm-000040_009.npy
1,worm-000040_010.npy
1,worm-000040_011.npy
2,worm-000040_012.npy
1,worm-000040_013.npy
1,worm-000040_015.npy
1,worm-000040_016.npy
1,worm-000040_017.npy
2,worm-000040_018.npy
1,worm-000040_019.npy
1,worm-000040_020.npy
1,worm-000040_021.npy
1,worm-000040_022.npy
1,worm-000040_023.npy
1,worm-000040_024.npy
1,worm-000040_025.npy
1,worm-000040_026.npy
1,worm-000040_027.npy
1,worm-000040_028.npy
1,worm-000040_029.npy
1,worm-000040_030.npy
1,worm-000040_031.npy
2,worm-000040_032.npy
1,worm-000040_033.npy
1,worm-000040_034.npy
1,worm-000040_036.npy
1,worm-000040_037.npy
5,worm-000040_038.npy
1,worm-000040_039.npy
1,worm-000040_040.npy
1,worm-000040_041.npy
1,worm-000040_042.npy
0,worm-000040_043.npy
0,worm-000040_044.npy
1,worm-000040_046.npy
0,worm-000040_047.npy
4,worm-000040_048.npy
0,worm-000040_049.npy
1,worm-000040_050.npy
0,worm-000040_052.npy
4,worm-000040_053.npy
0,worm-000040_054.npy
0,worm-000040_055.npy
0,worm-000040_056.npy
0,worm-000040_057.npy
5,worm-000040_058.npy
1,worm-000040_059.npy
0,worm-000040_060.npy
4,worm-000040_061.npy
4,worm-000040_062.npy
4,worm-000040_063.npy
1,worm-000040_064.npy
0,worm-000040_065.npy
1,worm-000040_066.npy
1,worm-000040_067.npy
1,worm-000040_069.npy
5,worm-000040_070.npy
4,worm-000040_071.npy
5,worm-000040_072.npy
1,worm-000040_073.npy
1,worm-000040_074.npy
1,worm-000040_075.npy
1,worm-000040_076.npy
3,worm-000040_078.npy
6,worm-000040_080.npy
0,worm-000040_081.npy
0,worm-000040_082.npy
0,worm-000040_083.npy
4,worm-000040_084.npy
0,worm-000040_085.npy
0,worm-000040_086.npy
4,worm-000040_087.npy
4,worm-000040_088.npy
4,worm-000040_089.npy
5,worm-000040_090.npy
4,worm-000040_092.npy
0,worm-000040_093.npy
0,worm-000040_096.npy
4,worm-000040_097.npy
4,worm-000040_098.npy
4,worm-000040_099.npy
1,worm-000040_100.npy
5,worm-000040_101.npy
0,worm-000040_103.npy
4,worm-000040_104.npy
1,worm-000040_105.npy
4,worm-000040_107.npy
3,worm-000040_108.npy
4,worm-000040_109.npy
4,worm-000040_111.npy
3,worm-000040_113.npy
4,worm-000040_114.npy
4,worm-000040_115.npy
4,worm-000040_116.npy
4,worm-000040_117.npy
4,worm-000040_118.npy
1,worm-000040_119.npy
1,worm-000040_120.npy
1,worm-000040_121.npy
1,worm-000040_122.npy
1,worm-000040_123.npy
1,worm-000040_124.npy
1,worm-000040_125.npy
0,worm-000040_126.npy
1,worm-000040_127.npy
1,worm-000040_128.npy
1,worm-000040_129.npy
1,worm-000040_130.npy
1,worm-000040_131.npy
2,worm-000040_132.npy
1,worm-000040_133.npy
1,worm-000040_134.npy
0,worm-000040_135.npy
0,worm-000040_136.npy
4,worm-000040_137.npy
2,worm-000040_138.npy
1,worm-000040_139.npy
2,worm-000040_140.npy
2,worm-000040_141.npy
0,worm-000040_142.npy
1,worm-000040_143.npy
4,worm-000040_144.npy
1,worm-000040_145.npy
1,worm-000040_146.npy
0,worm-000040_148.npy
1,worm-000040_149.npy
3,worm-000040_150.npy
3,worm-000040_151.npy
4,worm-000040_152.npy
0,worm-000040_153.npy
6,worm-000040_154.npy
3,worm-000040_155.npy
3,worm-000040_156.npy
3,worm-000040_157.npy
4,worm-000040_160.npy
1,worm-000040_161.npy
2,worm-000040_162.npy
4,worm-000040_163.npy
4,worm-000040_164.npy
1,worm-000040_166.npy
4,worm-000040_167.npy
4,worm-000040_169.npy
4,worm-000040_170.npy
4,worm-000040_172.npy
4,worm-000040_173.npy
4,worm-000040_174.npy
4,worm-000040_176.npy
4,worm-000040_179.npy
4,worm-000040_180.npy
4,worm-000040_181.npy
4,worm-000040_182.npy
1,worm-000040_183.npy
1,worm-000040_185.npy
1,worm-000040_186.npy
1,worm-000040_187.npy
1,worm-000040_188.npy
1,worm-000040_189.npy
2,worm-000040_190.npy
1,worm-000040_191.npy
1,worm-000040_192.npy
2,worm-000040_193.npy
1,worm-000040_194.npy
1,worm-000040_195.npy
1,worm-000040_196.npy
1,worm-000040_197.npy
1,worm-000040_198.npy
1,worm-000040_199.npy
1,worm-000040_200.npy
5,worm-000040_201.npy
1,worm-000040_202.npy
1,worm-000040_204.npy
2,worm-000040_205.npy
1,worm-000040_206.npy
1,worm-000040_208.npy
0,worm-000040_209.npy
1,worm-000040_210.npy
2,worm-000040_211.npy
2,worm-000040_212.npy
1,worm-000040_213.npy
0,worm-000040_214.npy
0,worm-000040_216.npy
1,worm-000040_217.npy
2,worm-000040_219.npy
0,worm-000040_220.npy
4,worm-000040_221.npy
1,worm-000040_223.npy
3,worm-000040_224.npy
4,worm-000040_225.npy
0,worm-000040_226.npy
4,worm-000040_228.npy
1,worm-000040_229.npy
1,worm-000040_230.npy
5,worm-000040_232.npy
5,worm-000040_234.npy
3,worm-000040_235.npy
5,worm-000040_236.npy
1,worm-000040_238.npy
6,worm-000040_239.npy
1,worm-000040_240.npy
2,worm-000040_241.npy
2,worm-000040_242.npy
2,worm-000040_243.npy
6,worm-000040_244.npy
1,worm-000040_245.npy
4,worm-000040_246.npy
1,worm-000040_247.npy
1,worm-000040_248.npy
1,worm-000040_249.npy
1,worm-000040_250.npy
4,worm-000040_251.npy
1,worm-000040_252.npy
4,worm-000040_253.npy
4,worm-000040_254.npy
1,worm-000040_255.npy
4,worm-000040_256.npy
4,worm-000040_257.npy
5,worm-000040_258.npy
4,worm-000040_261.npy
4,worm-000040_262.npy
5,worm-000040_265.npy
3,worm-000040_266.npy
1,worm-000040_268.npy
5,worm-000040_269.npy
4,worm-000040_271.npy
4,worm-000040_278.npy
4,worm-000040_279.npy
4,worm-000040_280.npy
4,worm-000040_281.npy
4,worm-000040_282.npy
4,worm-000040_283.npy
4,worm-000040_285.npy
5,worm-000040_287.npy
4,worm-000040_288.npy
5,worm-000040_290.npy
4,worm-000040_291.npy
4,worm-000040_292.npy
4,worm-000040_294.npy
5,worm-000040_295.npy
5,worm-000040_296.npy
4,worm-000040_297.npy
4,worm-000040_302.npy
4,worm-000040_304.npy
5,worm-000040_308.npy
4,worm-000040_311.npy
4,worm-000040_312.npy
4,worm-000040_313.npy
4,worm-000040_314.npy
1,worm-000040_315.npy
4,worm-000040_316.npy
0,worm-000040_317.npy
0,worm-000040_318.npy
4,worm-000040_319.npy
4,worm-000040_320.npy
4,worm-000040_321.npy
4,worm-000040_322.npy
0,worm-000040_323.npy
4,worm-000040_324.npy
2,worm-000041_000.npy
2,worm-000041_001.npy
2,worm-000041_002.npy
1,worm-000041_003.npy
4,worm-000041_004.npy
2,worm-000041_005.npy
2,worm-000041_006.npy
6,worm-000041_007.npy
1,worm-000041_008.npy
1,worm-000041_009.npy
2,worm-000041_010.npy
6,worm-000041_011.npy
2,worm-000041_012.npy
6,worm-000041_013.npy
2,worm-000041_014.npy
6,worm-000041_015.npy
6,worm-000041_016.npy
6,worm-000041_017.npy
1,worm-000041_018.npy
1,worm-000041_019.npy
1,worm-000041_020.npy
4,worm-000041_022.npy
4,worm-000041_023.npy
4,worm-000041_024.npy
2,worm-000041_025.npy
4,worm-000041_026.npy
1,worm-000041_027.npy
4,worm-000041_028.npy
6,worm-000041_029.npy
4,worm-000041_030.npy
4,worm-000041_031.npy
4,worm-000041_032.npy
4,worm-000041_033.npy
4,worm-000041_034.npy
4,worm-000041_035.npy
1,worm-000041_036.npy
1,worm-000041_037.npy
4,worm-000041_038.npy
1,worm-000041_039.npy
4,worm-000041_041.npy
6,worm-000041_042.npy
1,worm-000041_043.npy
2,worm-000041_044.npy
4,worm-000041_045.npy
4,worm-000041_046.npy
1,worm-000041_047.npy
4,worm-000041_048.npy
4,worm-000041_049.npy
2,worm-000041_050.npy
4,worm-000041_051.npy
2,worm-000041_052.npy
4,worm-000041_053.npy
4,worm-000041_054.npy
1,worm-000041_055.npy
5,worm-000041_056.npy
4,worm-000041_057.npy
4,worm-000041_059.npy
4,worm-000041_060.npy
4,worm-000041_061.npy
5,worm-000041_063.npy
2,worm-000041_064.npy
4,worm-000041_065.npy
4,worm-000041_066.npy
4,worm-000041_067.npy
4,worm-000041_068.npy
4,worm-000041_069.npy
4,worm-000041_070.npy
4,worm-000041_072.npy
4,worm-000041_073.npy
4,worm-000041_074.npy
4,worm-000041_075.npy
4,worm-000041_077.npy
4,worm-000041_078.npy
4,worm-000041_079.npy
4,worm-000041_080.npy
4,worm-000041_081.npy
4,worm-000041_083.npy
4,worm-000041_084.npy
4,worm-000041_085.npy
1,worm-000041_086.npy
4,worm-000041_087.npy
4,worm-000041_088.npy
6,worm-000041_089.npy
4,worm-000041_091.npy
4,worm-000041_092.npy
4,worm-000041_093.npy
4,worm-000041_094.npy
4,worm-000041_096.npy
4,worm-000041_098.npy
4,worm-000041_100.npy
4,worm-000041_102.npy
2,worm-000041_104.npy
1,worm-000041_105.npy
1,worm-000041_106.npy
2,worm-000041_107.npy
2,worm-000041_108.npy
1,worm-000041_109.npy
6,worm-000041_110.npy
4,worm-000041_111.npy
2,worm-000041_112.npy
2,worm-000041_113.npy
4,worm-000041_114.npy
4,worm-000041_115.npy
2,worm-000041_116.npy
4,worm-000041_117.npy
1,worm-000041_118.npy
4,worm-000041_119.npy
4,worm-000041_120.npy
4,worm-000041_121.npy
4,worm-000041_122.npy
4,worm-000041_123.npy
4,worm-000041_124.npy
4,worm-000041_125.npy
4,worm-000041_126.npy
4,worm-000041_127.npy
4,worm-000041_128.npy
4,worm-000041_129.npy
4,worm-000041_130.npy
3,worm-000041_131.npy
4,worm-000041_132.npy
4,worm-000041_133.npy
4,worm-000041_134.npy
4,worm-000041_135.npy
4,worm-000041_136.npy
5,worm-000041_137.npy
2,worm-000041_138.npy
4,worm-000041_139.npy
4,worm-000041_142.npy
4,worm-000041_144.npy
4,worm-000041_145.npy
4,worm-000041_146.npy
4,worm-000041_147.npy
4,worm-000041_148.npy
4,worm-000041_149.npy
4,worm-000041_150.npy
4,worm-000041_151.npy
4,worm-000041_152.npy
4,worm-000041_153.npy
4,worm-000041_154.npy
4,worm-000041_155.npy
4,worm-000041_156.npy
4,worm-000041_157.npy
4,worm-000041_159.npy
4,worm-000041_160.npy
4,worm-000041_161.npy
4,worm-000041_162.npy
4,worm-000041_165.npy
1,worm-000041_168.npy
1,worm-000041_169.npy
1,worm-000041_170.npy
2,worm-000041_171.npy
2,worm-000041_172.npy
4,worm-000041_173.npy
4,worm-000041_174.npy
6,worm-000041_175.npy
6,worm-000041_176.npy
1,worm-000041_177.npy
2,worm-000041_178.npy
4,worm-000041_179.npy
4,worm-000041_180.npy
2,worm-000041_181.npy
2,worm-000041_182.npy
4,worm-000041_183.npy
2,worm-000041_185.npy
4,worm-000041_186.npy
4,worm-000041_187.npy
6,worm-000041_188.npy
2,worm-000041_189.npy
2,worm-000041_190.npy
2,worm-000041_191.npy
1,worm-000041_192.npy
4,worm-000041_193.npy
4,worm-000041_194.npy
1,worm-000041_195.npy
1,worm-000041_197.npy
4,worm-000041_198.npy
1,worm-000041_199.npy
4,worm-000041_201.npy
6,worm-000041_202.npy
6,worm-000041_203.npy
6,worm-000041_204.npy
1,worm-000041_205.npy
4,worm-000041_206.npy
4,worm-000041_207.npy
2,worm-000041_208.npy
2,worm-000041_209.npy
1,worm-000041_210.npy
2,worm-000041_211.npy
2,worm-000041_212.npy
6,worm-000041_214.npy
4,worm-000041_215.npy
4,worm-000041_216.npy
4,worm-000041_217.npy
4,worm-000041_218.npy
5,worm-000041_219.npy
1,worm-000041_220.npy
4,worm-000041_223.npy
2,worm-000041_224.npy
4,worm-000041_225.npy
2,worm-000041_226.npy
4,worm-000041_227.npy
0,worm-000041_228.npy
1,worm-000041_229.npy
4,worm-000041_230.npy
4,worm-000041_231.npy
4,worm-000041_232.npy
4,worm-000041_233.npy
4,worm-000041_234.npy
4,worm-000041_235.npy
2,worm-000041_236.npy
4,worm-000041_237.npy
4,worm-000041_238.npy
4,worm-000041_239.npy
5,worm-000041_240.npy
4,worm-000041_241.npy
4,worm-000041_242.npy
4,worm-000041_243.npy
4,worm-000041_244.npy
4,worm-000041_245.npy
4,worm-000041_246.npy
6,worm-000041_247.npy
5,worm-000041_248.npy
6,worm-000041_249.npy
4,worm-000041_250.npy
4,worm-000041_251.npy
4,worm-000041_252.npy
4,worm-000041_254.npy
5,worm-000041_255.npy
4,worm-000041_256.npy
6,worm-000041_258.npy
4,worm-000041_260.npy
4,worm-000041_261.npy
4,worm-000041_262.npy
4,worm-000041_263.npy
4,worm-000041_264.npy
4,worm-000041_265.npy
4,worm-000041_266.npy
4,worm-000041_267.npy
5,worm-000041_268.npy
5,worm-000041_269.npy
4,worm-000041_270.npy
4,worm-000041_271.npy
4,worm-000041_272.npy
4,worm-000041_274.npy
1,worm-000041_275.npy
1,worm-000041_276.npy
6,worm-000041_277.npy
1,worm-000041_278.npy
1,worm-000041_279.npy
6,worm-000041_280.npy
6,worm-000041_281.npy
1,worm-000041_282.npy
4,worm-000041_283.npy
4,worm-000041_284.npy
6,worm-000041_285.npy
4,worm-000041_286.npy
4,worm-000041_287.npy
4,worm-000041_288.npy
6,worm-000041_289.npy
4,worm-000041_290.npy
4,worm-000041_293.npy
4,worm-000041_294.npy
4,worm-000041_295.npy
4,worm-000041_296.npy
4,worm-000041_297.npy
4,worm-000041_298.npy
4,worm-000041_299.npy
4,worm-000041_300.npy
4,worm-000041_302.npy
4,worm-000041_303.npy
4,worm-000041_304.npy
4,worm-000041_305.npy
4,worm-000041_306.npy
4,worm-000041_307.npy
4,worm-000041_308.npy
4,worm-000041_310.npy
4,worm-000041_311.npy
4,worm-000041_312.npy
4,worm-000041_313.npy
4,worm-000041_314.npy
4,worm-000041_315.npy
6,worm-000041_316.npy
6,worm-000041_317.npy
4,worm-000041_319.npy
4,worm-000041_320.npy
4,worm-000041_321.npy
4,worm-000041_322.npy
4,worm-000041_324.npy
4,worm-000041_327.npy
4,worm-000041_329.npy
4,worm-000041_332.npy
4,worm-000041_334.npy
4,worm-000041_335.npy
4,worm-000041_336.npy
4,worm-000041_337.npy
5,worm-000041_338.npy
4,worm-000041_339.npy
2,worm-000041_340.npy
5,worm-000041_341.npy
6,worm-000041_342.npy
2,worm-000041_343.npy
4,worm-000041_344.npy
4,worm-000041_345.npy
4,worm-000041_346.npy
4,worm-000041_347.npy
4,worm-000041_349.npy
4,worm-000041_350.npy
4,worm-000041_351.npy
5,worm-000041_352.npy
4,worm-000041_353.npy
4,worm-000041_358.npy
5,worm-000041_360.npy
4,worm-000041_361.npy
4,worm-000041_363.npy
4,worm-000041_364.npy
4,worm-000041_366.npy
4,worm-000041_367.npy
4,worm-000041_368.npy
4,worm-000041_370.npy
4,worm-000041_371.npy
4,worm-000041_374.npy
4,worm-000041_375.npy
4,worm-000041_376.npy
4,worm-000041_377.npy
4,worm-000041_382.npy
4,worm-000041_383.npy
4,worm-000041_384.npy
4,worm-000041_385.npy
4,worm-000041_388.npy
4,worm-000041_390.npy
4,worm-000041_391.npy
4,worm-000041_392.npy
4,worm-000041_395.npy
4,worm-000041_396.npy
4,worm-000041_399.npy
4,worm-000041_400.npy
4,worm-000041_401.npy
4,worm-000041_402.npy
4,worm-000041_403.npy
4,worm-000041_405.npy
4,worm-000041_406.npy
4,worm-000041_411.npy
4,worm-000041_412.npy
4,worm-000041_413.npy
4,worm-000041_416.npy
4,worm-000041_420.npy
5,worm-000041_421.npy
4,worm-000041_426.npy
4,worm-000041_427.npy
5,worm-000041_429.npy
4,worm-000041_430.npy
4,worm-000041_431.npy
4,worm-000041_432.npy
4,worm-000041_433.npy
4,worm-000041_434.npy
4,worm-000041_435.npy
4,worm-000041_436.npy
4,worm-000041_437.npy
4,worm-000041_438.npy
4,worm-000041_439.npy
4,worm-000041_440.npy
4,worm-000041_441.npy
4,worm-000041_442.npy
4,worm-000041_443.npy
4,worm-000041_444.npy
4,worm-000041_445.npy
4,worm-000041_446.npy
4,worm-000041_447.npy
4,worm-000041_448.npy
4,worm-000041_449.npy
4,worm-000041_450.npy
4,worm-000041_451.npy
4,worm-000041_452.npy
4,worm-000041_453.npy
4,worm-000041_454.npy
4,worm-000041_455.npy
4,worm-000041_456.npy
4,worm-000041_457.npy
4,worm-000041_458.npy
4,worm-000041_459.npy
4,worm-000041_460.npy
4,worm-000041_461.npy
6,worm-000041_462.npy
4,worm-000041_463.npy
4,worm-000041_464.npy
1,worm-000042_000.npy
1,worm-000042_001.npy
1,worm-000042_002.npy
1,worm-000042_003.npy
1,worm-000042_004.npy
2,worm-000042_005.npy
1,worm-000042_006.npy
1,worm-000042_007.npy
1,worm-000042_008.npy
1,worm-000042_009.npy
1,worm-000042_010.npy
1,worm-000042_011.npy
1,worm-000042_012.npy
0,worm-000042_013.npy
1,worm-000042_014.npy
1,worm-000042_015.npy
2,worm-000042_016.npy
2,worm-000042_017.npy
1,worm-000042_018.npy
1,worm-000042_019.npy
1,worm-000042_020.npy
1,worm-000042_021.npy
5,worm-000042_022.npy
1,worm-000042_023.npy
1,worm-000042_024.npy
1,worm-000042_025.npy
1,worm-000042_026.npy
1,worm-000042_027.npy
1,worm-000042_028.npy
1,worm-000042_029.npy
1,worm-000042_030.npy
5,worm-000042_031.npy
1,worm-000042_032.npy
0,worm-000042_033.npy
1,worm-000042_034.npy
1,worm-000042_035.npy
1,worm-000042_036.npy
1,worm-000042_038.npy
1,worm-000042_039.npy
3,worm-000042_040.npy
0,worm-000042_041.npy
1,worm-000042_042.npy
1,worm-000042_043.npy
0,worm-000042_044.npy
4,worm-000042_045.npy
1,worm-000042_046.npy
4,worm-000042_047.npy
1,worm-000042_048.npy
1,worm-000042_049.npy
0,worm-000042_050.npy
5,worm-000042_051.npy
1,worm-000042_052.npy
0,worm-000042_053.npy
1,worm-000042_054.npy
1,worm-000042_055.npy
0,worm-000042_056.npy
0,worm-000042_057.npy
1,worm-000042_058.npy
5,worm-000042_059.npy
5,worm-000042_060.npy
1,worm-000042_061.npy
0,worm-000042_062.npy
1,worm-000042_063.npy
1,worm-000042_064.npy
1,worm-000042_066.npy
4,worm-000042_067.npy
1,worm-000042_068.npy
1,worm-000042_069.npy
5,worm-000042_070.npy
5,worm-000042_071.npy
4,worm-000042_073.npy
1,worm-000042_075.npy
0,worm-000042_076.npy
5,worm-000042_077.npy
5,worm-000042_078.npy
2,worm-000042_079.npy
1,worm-000042_080.npy
1,worm-000042_082.npy
1,worm-000042_083.npy
4,worm-000042_084.npy
5,worm-000042_085.npy
4,worm-000042_086.npy
3,worm-000042_087.npy
1,worm-000042_088.npy
5,worm-000042_089.npy
5,worm-000042_090.npy
5,worm-000042_092.npy
4,worm-000042_093.npy
5,worm-000042_094.npy
4,worm-000042_095.npy
4,worm-000042_096.npy
5,worm-000042_097.npy
1,worm-000042_099.npy
4,worm-000042_100.npy
1,worm-000042_102.npy
5,worm-000042_103.npy
1,worm-000042_104.npy
5,worm-000042_105.npy
0,worm-000042_106.npy
4,worm-000042_107.npy
1,worm-000042_108.npy
5,worm-000042_110.npy
5,worm-000042_112.npy
1,worm-000042_113.npy
4,worm-000042_114.npy
0,worm-000042_115.npy
5,worm-000042_117.npy
4,worm-000042_118.npy
4,worm-000042_119.npy
5,worm-000042_121.npy
5,worm-000042_122.npy
2,worm-000042_124.npy
2,worm-000042_125.npy
1,worm-000042_126.npy
1,worm-000042_127.npy
1,worm-000042_128.npy
1,worm-000042_129.npy
1,worm-000042_130.npy
1,worm-000042_131.npy
1,worm-000042_132.npy
1,worm-000042_133.npy
1,worm-000042_134.npy
1,worm-000042_135.npy
1,worm-000042_136.npy
1,worm-000042_137.npy
1,worm-000042_138.npy
1,worm-000042_139.npy
1,worm-000042_140.npy
1,worm-000042_141.npy
1,worm-000042_142.npy
1,worm-000042_143.npy
1,worm-000042_144.npy
1,worm-000042_145.npy
2,worm-000042_146.npy
1,worm-000042_147.npy
1,worm-000042_148.npy
1,worm-000042_149.npy
1,worm-000042_150.npy
1,worm-000042_151.npy
1,worm-000042_152.npy
1,worm-000042_153.npy
4,worm-000042_154.npy
1,worm-000042_155.npy
2,worm-000042_156.npy
1,worm-000042_157.npy
1,worm-000042_158.npy
1,worm-000042_159.npy
1,worm-000042_160.npy
4,worm-000042_161.npy
4,worm-000042_162.npy
1,worm-000042_163.npy
0,worm-000042_164.npy
1,worm-000042_165.npy
1,worm-000042_166.npy
1,worm-000042_167.npy
4,worm-000042_169.npy
0,worm-000042_170.npy
1,worm-000042_171.npy
0,worm-000042_172.npy
4,worm-000042_173.npy
4,worm-000042_174.npy
4,worm-000042_175.npy
4,worm-000042_176.npy
4,worm-000042_177.npy
4,worm-000042_178.npy
4,worm-000042_179.npy
4,worm-000042_180.npy
4,worm-000042_181.npy
4,worm-000042_182.npy
4,worm-000042_183.npy
1,worm-000042_184.npy
1,worm-000042_185.npy
1,worm-000042_186.npy
1,worm-000042_187.npy
1,worm-000042_188.npy
1,worm-000042_189.npy
2,worm-000042_190.npy
1,worm-000042_191.npy
1,worm-000042_192.npy
1,worm-000042_193.npy
1,worm-000042_194.npy
1,worm-000042_195.npy
1,worm-000042_196.npy
1,worm-000042_197.npy
1,worm-000042_198.npy
1,worm-000042_199.npy
1,worm-000042_200.npy
1,worm-000042_201.npy
1,worm-000042_202.npy
1,worm-000042_203.npy
1,worm-000042_204.npy
1,worm-000042_205.npy
1,worm-000042_206.npy
1,worm-000042_207.npy
1,worm-000042_208.npy
1,worm-000042_209.npy
1,worm-000042_210.npy
1,worm-000042_211.npy
0,worm-000042_212.npy
0,worm-000042_213.npy
4,worm-000042_215.npy
0,worm-000042_216.npy
0,worm-000042_217.npy
1,worm-000042_218.npy
1,worm-000042_219.npy
1,worm-000042_220.npy
1,worm-000042_221.npy
1,worm-000042_223.npy
1,worm-000042_224.npy
4,worm-000042_226.npy
5,worm-000042_227.npy
4,worm-000042_228.npy
2,worm-000042_230.npy
0,worm-000042_231.npy
1,worm-000042_232.npy
1,worm-000042_233.npy
1,worm-000042_234.npy
1,worm-000042_235.npy
3,worm-000042_236.npy
0,worm-000042_237.npy
1,worm-000042_238.npy
4,worm-000042_240.npy
5,worm-000042_241.npy
1,worm-000042_245.npy
4,worm-000042_246.npy
4,worm-000042_249.npy
4,worm-000042_250.npy
4,worm-000042_251.npy
5,worm-000042_254.npy
4,worm-000042_255.npy
5,worm-000042_259.npy
2,worm-000042_260.npy
1,worm-000042_261.npy
1,worm-000042_262.npy
1,worm-000042_263.npy
3,worm-000042_264.npy
2,worm-000042_265.npy
1,worm-000042_266.npy
1,worm-000042_267.npy
1,worm-000042_268.npy
0,worm-000042_269.npy
0,worm-000042_270.npy
1,worm-000042_271.npy
1,worm-000042_272.npy
0,worm-000042_273.npy
6,worm-000042_274.npy
0,worm-000042_275.npy
4,worm-000042_276.npy
1,worm-000042_277.npy
4,worm-000042_278.npy
0,worm-000042_279.npy
4,worm-000042_280.npy
4,worm-000042_281.npy
0,worm-000042_282.npy
4,worm-000042_283.npy
4,worm-000042_284.npy
4,worm-000042_286.npy
3,worm-000042_287.npy
4,worm-000042_288.npy
4,worm-000042_289.npy
5,worm-000042_290.npy
4,worm-000042_291.npy
5,worm-000042_292.npy
4,worm-000042_293.npy
4,worm-000042_296.npy
1,worm-000042_299.npy
1,worm-000042_300.npy
0,worm-000042_301.npy
1,worm-000042_302.npy
4,worm-000042_304.npy
4,worm-000042_308.npy
4,worm-000042_309.npy
4,worm-000042_310.npy
4,worm-000042_311.npy
4,worm-000042_312.npy
1,worm-000042_313.npy
4,worm-000042_314.npy
4,worm-000042_315.npy
4,worm-000042_316.npy
4,worm-000042_318.npy
5,worm-000042_320.npy
4,worm-000042_322.npy
4,worm-000042_323.npy
4,worm-000042_324.npy
4,worm-000042_325.npy
4,worm-000042_326.npy
5,worm-000042_327.npy
1,worm-000042_330.npy
4,worm-000042_332.npy
4,worm-000042_333.npy
1,worm-000042_334.npy
4,worm-000042_335.npy
4,worm-000042_336.npy
4,worm-000042_337.npy
4,worm-000042_338.npy
4,worm-000042_340.npy
5,worm-000042_341.npy
4,worm-000042_342.npy
4,worm-000042_344.npy
6,worm-000042_346.npy
4,worm-000042_347.npy
4,worm-000042_348.npy
4,worm-000042_350.npy
4,worm-000042_351.npy
4,worm-000042_352.npy
4,worm-000042_353.npy
2,worm-000042_354.npy
4,worm-000042_355.npy
1,worm-000043_000.npy
2,worm-000043_001.npy
1,worm-000043_002.npy
1,worm-000043_003.npy
1,worm-000043_004.npy
1,worm-000043_005.npy
1,worm-000043_006.npy
1,worm-000043_007.npy
1,worm-000043_008.npy
1,worm-000043_009.npy
1,worm-000043_010.npy
2,worm-000043_011.npy
1,worm-000043_012.npy
1,worm-000043_013.npy
1,worm-000043_014.npy
1,worm-000043_015.npy
2,worm-000043_016.npy
2,worm-000043_017.npy
1,worm-000043_018.npy
1,worm-000043_019.npy
2,worm-000043_020.npy
1,worm-000043_021.npy
2,worm-000043_022.npy
1,worm-000043_023.npy
1,worm-000043_024.npy
1,worm-000043_025.npy
1,worm-000043_026.npy
1,worm-000043_027.npy
1,worm-000043_028.npy
1,worm-000043_029.npy
2,worm-000043_030.npy
1,worm-000043_031.npy
3,worm-000043_032.npy
2,worm-000043_033.npy
1,worm-000043_034.npy
1,worm-000043_035.npy
2,worm-000043_036.npy
1,worm-000043_037.npy
1,worm-000043_038.npy
1,worm-000043_039.npy
1,worm-000043_040.npy
2,worm-000043_041.npy
2,worm-000043_042.npy
2,worm-000043_043.npy
3,worm-000043_044.npy
2,worm-000043_045.npy
1,worm-000043_046.npy
1,worm-000043_047.npy
2,worm-000043_048.npy
4,worm-000043_049.npy
1,worm-000043_050.npy
3,worm-000043_051.npy
3,worm-000043_052.npy
1,worm-000043_053.npy
0,worm-000043_055.npy
1,worm-000043_057.npy
1,worm-000043_058.npy
1,worm-000043_059.npy
4,worm-000043_060.npy
1,worm-000043_061.npy
4,worm-000043_062.npy
1,worm-000043_063.npy
0,worm-000043_064.npy
1,worm-000043_065.npy
1,worm-000043_066.npy
4,worm-000043_067.npy
4,worm-000043_068.npy
4,worm-000043_069.npy
1,worm-000043_070.npy
0,worm-000043_072.npy
0,worm-000043_073.npy
5,worm-000043_074.npy
1,worm-000043_075.npy
4,worm-000043_076.npy
3,worm-000043_077.npy
2,worm-000043_078.npy
0,worm-000043_080.npy
4,worm-000043_081.npy
6,worm-000043_082.npy
4,worm-000043_083.npy
4,worm-000043_084.npy
4,worm-000043_085.npy
4,worm-000043_086.npy
4,worm-000043_087.npy
3,worm-000043_088.npy
4,worm-000043_090.npy
4,worm-000043_091.npy
4,worm-000043_092.npy
4,worm-000043_093.npy
4,worm-000043_094.npy
5,worm-000043_095.npy
4,worm-000043_096.npy
4,worm-000043_097.npy
4,worm-000043_098.npy
4,worm-000043_099.npy
4,worm-000043_100.npy
4,worm-000043_103.npy
4,worm-000043_104.npy
4,worm-000043_105.npy
4,worm-000043_106.npy
4,worm-000043_107.npy
4,worm-000043_108.npy
4,worm-000043_109.npy
5,worm-000043_110.npy
4,worm-000043_111.npy
4,worm-000043_112.npy
4,worm-000043_113.npy
4,worm-000043_116.npy
4,worm-000043_118.npy
1,worm-000043_119.npy
1,worm-000043_120.npy
1,worm-000043_121.npy
1,worm-000043_122.npy
1,worm-000043_123.npy
1,worm-000043_124.npy
1,worm-000043_125.npy
1,worm-000043_126.npy
1,worm-000043_127.npy
1,worm-000043_128.npy
1,worm-000043_129.npy
1,worm-000043_130.npy
1,worm-000043_131.npy
1,worm-000043_132.npy
1,worm-000043_133.npy
2,worm-000043_134.npy
2,worm-000043_135.npy
2,worm-000043_136.npy
1,worm-000043_137.npy
1,worm-000043_138.npy
5,worm-000043_139.npy
2,worm-000043_140.npy
1,worm-000043_141.npy
1,worm-000043_142.npy
1,worm-000043_143.npy
1,worm-000043_144.npy
1,worm-000043_145.npy
2,worm-000043_146.npy
2,worm-000043_147.npy
1,worm-000043_148.npy
1,worm-000043_150.npy
1,worm-000043_151.npy
1,worm-000043_152.npy
1,worm-000043_153.npy
2,worm-000043_154.npy
1,worm-000043_155.npy
1,worm-000043_156.npy
2,worm-000043_157.npy
2,worm-000043_158.npy
2,worm-000043_159.npy
2,worm-000043_160.npy
1,worm-000043_161.npy
1,worm-000043_162.npy
1,worm-000043_163.npy
1,worm-000043_164.npy
1,worm-000043_165.npy
2,worm-000043_166.npy
2,worm-000043_167.npy
2,worm-000043_168.npy
4,worm-000043_169.npy
4,worm-000043_170.npy
4,worm-000043_171.npy
1,worm-000043_172.npy
1,worm-000043_173.npy
0,worm-000043_174.npy
1,worm-000043_175.npy
0,worm-000043_176.npy
2,worm-000043_177.npy
4,worm-000043_178.npy
2,worm-000043_179.npy
2,worm-000043_180.npy
2,worm-000043_181.npy
4,worm-000043_183.npy
4,worm-000043_184.npy
4,worm-000043_185.npy
2,worm-000043_186.npy
4,worm-000043_187.npy
4,worm-000043_188.npy
2,worm-000043_189.npy
2,worm-000043_190.npy
4,worm-000043_192.npy
4,worm-000043_193.npy
4,worm-000043_194.npy
4,worm-000043_196.npy
4,worm-000021_326.npy
5,worm-000021_360.npy
5,worm-000021_361.npy
1,worm-000028_019.npy
4,worm-000028_287.npy
1,worm-000032_277.npy
1,worm-000038_278.npy
1,worm-000040_184.npy
1,worm-000040_207.npy
4,worm-000043_197.npy
2,worm-000043_199.npy
4,worm-000043_201.npy
4,worm-000043_202.npy
4,worm-000043_204.npy
4,worm-000043_205.npy
4,worm-000043_207.npy
4,worm-000043_208.npy
1,worm-000043_209.npy
1,worm-000043_210.npy
2,worm-000043_211.npy
1,worm-000043_213.npy
1,worm-000043_214.npy
2,worm-000043_215.npy
0,worm-000043_216.npy
2,worm-000043_217.npy
2,worm-000043_218.npy
1,worm-000043_219.npy
6,worm-000043_220.npy
1,worm-000043_222.npy
1,worm-000043_223.npy
2,worm-000043_224.npy
2,worm-000043_226.npy
1,worm-000043_227.npy
1,worm-000043_228.npy
1,worm-000043_229.npy
1,worm-000043_230.npy
2,worm-000043_231.npy
1,worm-000043_232.npy
4,worm-000043_233.npy
1,worm-000043_234.npy
4,worm-000043_235.npy
4,worm-000043_236.npy
4,worm-000043_237.npy
4,worm-000043_240.npy
4,worm-000043_241.npy
4,worm-000043_242.npy
1,worm-000043_243.npy
4,worm-000043_244.npy
4,worm-000043_245.npy
4,worm-000043_246.npy
1,worm-000043_247.npy
4,worm-000043_249.npy
4,worm-000043_250.npy
4,worm-000043_251.npy
4,worm-000043_252.npy
4,worm-000043_254.npy
4,worm-000043_255.npy
4,worm-000043_257.npy
4,worm-000043_258.npy
5,worm-000043_259.npy
4,worm-000043_260.npy
1,worm-000043_261.npy
1,worm-000043_262.npy
1,worm-000043_263.npy
1,worm-000043_264.npy
1,worm-000043_265.npy
1,worm-000043_266.npy
2,worm-000043_267.npy
2,worm-000043_268.npy
2,worm-000043_269.npy
1,worm-000043_270.npy
1,worm-000043_271.npy
1,worm-000043_272.npy
1,worm-000043_273.npy
1,worm-000043_274.npy
2,worm-000043_275.npy
1,worm-000043_276.npy
1,worm-000043_277.npy
1,worm-000043_278.npy
1,worm-000043_279.npy
1,worm-000043_280.npy
2,worm-000043_282.npy
4,worm-000043_284.npy
4,worm-000043_285.npy
4,worm-000043_286.npy
4,worm-000043_287.npy
2,worm-000043_288.npy
4,worm-000043_289.npy
4,worm-000043_291.npy
4,worm-000043_292.npy
4,worm-000043_293.npy
4,worm-000043_294.npy
4,worm-000043_296.npy
0,worm-000043_298.npy
5,worm-000043_300.npy
5,worm-000043_302.npy
1,worm-000043_303.npy
4,worm-000043_304.npy
4,worm-000043_305.npy
1,worm-000043_307.npy
1,worm-000043_308.npy
4,worm-000043_309.npy
4,worm-000043_315.npy
4,worm-000043_316.npy
4,worm-000043_318.npy
4,worm-000043_319.npy
5,worm-000043_320.npy
4,worm-000043_323.npy
4,worm-000043_327.npy
1,worm-000043_328.npy
4,worm-000043_330.npy
4,worm-000043_331.npy
5,worm-000043_332.npy
4,worm-000043_333.npy
4,worm-000043_334.npy
4,worm-000043_336.npy
1,worm-000043_338.npy
1,worm-000043_339.npy
2,worm-000043_340.npy
1,worm-000043_341.npy
4,worm-000043_342.npy
1,worm-000043_343.npy
1,worm-000043_344.npy
4,worm-000043_345.npy
1,worm-000044_000.npy
1,worm-000044_001.npy
1,worm-000044_002.npy
1,worm-000044_003.npy
1,worm-000044_004.npy
1,worm-000044_005.npy
2,worm-000044_006.npy
1,worm-000044_007.npy
1,worm-000044_008.npy
1,worm-000044_009.npy
1,worm-000044_010.npy
1,worm-000044_011.npy
1,worm-000044_012.npy
1,worm-000044_013.npy
1,worm-000044_014.npy
1,worm-000044_015.npy
1,worm-000044_016.npy
1,worm-000044_017.npy
1,worm-000044_018.npy
1,worm-000044_019.npy
1,worm-000044_020.npy
1,worm-000044_021.npy
1,worm-000044_022.npy
1,worm-000044_024.npy
2,worm-000044_025.npy
1,worm-000044_026.npy
1,worm-000044_027.npy
1,worm-000044_028.npy
2,worm-000044_029.npy
1,worm-000044_030.npy
1,worm-000044_032.npy
1,worm-000044_033.npy
1,worm-000044_034.npy
5,worm-000044_035.npy
1,worm-000044_036.npy
1,worm-000044_038.npy
1,worm-000044_039.npy
0,worm-000044_040.npy
1,worm-000044_041.npy
1,worm-000044_042.npy
1,worm-000044_043.npy
1,worm-000044_044.npy
1,worm-000044_045.npy
1,worm-000044_046.npy
5,worm-000044_047.npy
1,worm-000044_048.npy
1,worm-000044_049.npy
1,worm-000044_050.npy
1,worm-000044_051.npy
1,worm-000044_052.npy
1,worm-000044_053.npy
1,worm-000044_055.npy
1,worm-000044_056.npy
1,worm-000044_057.npy
1,worm-000044_058.npy
1,worm-000044_059.npy
1,worm-000044_061.npy
0,worm-000044_062.npy
1,worm-000044_063.npy
1,worm-000044_064.npy
1,worm-000044_065.npy
5,worm-000044_066.npy
1,worm-000044_067.npy
0,worm-000044_068.npy
1,worm-000044_069.npy
0,worm-000044_070.npy
5,worm-000044_071.npy
1,worm-000044_072.npy
0,worm-000044_073.npy
0,worm-000044_075.npy
1,worm-000044_076.npy
0,worm-000044_077.npy
0,worm-000044_078.npy
0,worm-000044_079.npy
1,worm-000044_080.npy
0,worm-000044_081.npy
2,worm-000044_083.npy
5,worm-000044_085.npy
1,worm-000044_086.npy
4,worm-000044_087.npy
1,worm-000044_088.npy
1,worm-000044_089.npy
2,worm-000044_090.npy
2,worm-000044_091.npy
0,worm-000044_093.npy
6,worm-000044_094.npy
5,worm-000044_095.npy
4,worm-000044_096.npy
4,worm-000044_097.npy
2,worm-000044_098.npy
4,worm-000044_101.npy
0,worm-000044_102.npy
1,worm-000044_103.npy
0,worm-000044_104.npy
4,worm-000044_105.npy
0,worm-000044_106.npy
4,worm-000044_107.npy
0,worm-000044_108.npy
3,worm-000044_109.npy
1,worm-000044_111.npy
3,worm-000044_112.npy
1,worm-000044_114.npy
0,worm-000044_115.npy
4,worm-000044_116.npy
5,worm-000044_117.npy
1,worm-000044_119.npy
1,worm-000044_120.npy
1,worm-000044_121.npy
5,worm-000044_122.npy
4,worm-000044_123.npy
4,worm-000044_124.npy
1,worm-000044_126.npy
5,worm-000044_127.npy
4,worm-000044_128.npy
4,worm-000044_130.npy
1,worm-000044_132.npy
1,worm-000044_133.npy
1,worm-000044_134.npy
1,worm-000044_135.npy
1,worm-000044_136.npy
1,worm-000044_137.npy
1,worm-000044_138.npy
1,worm-000044_139.npy
1,worm-000044_140.npy
1,worm-000044_141.npy
1,worm-000044_142.npy
4,worm-000044_143.npy
0,worm-000044_144.npy
4,worm-000044_145.npy
1,worm-000044_146.npy
4,worm-000044_147.npy
4,worm-000044_148.npy
1,worm-000044_149.npy
4,worm-000044_150.npy
4,worm-000044_151.npy
4,worm-000044_152.npy
4,worm-000044_153.npy
0,worm-000044_154.npy
2,worm-000044_155.npy
0,worm-000044_156.npy
4,worm-000044_157.npy
4,worm-000044_158.npy
4,worm-000044_159.npy
4,worm-000044_160.npy
4,worm-000044_161.npy
4,worm-000044_162.npy
4,worm-000044_163.npy
0,worm-000044_164.npy
4,worm-000044_165.npy
4,worm-000044_166.npy
4,worm-000044_167.npy
4,worm-000044_168.npy
1,worm-000044_169.npy
4,worm-000044_170.npy
1,worm-000044_171.npy
5,worm-000044_172.npy
4,worm-000044_173.npy
4,worm-000044_174.npy
3,worm-000044_175.npy
4,worm-000044_177.npy
4,worm-000044_178.npy
4,worm-000044_179.npy
4,worm-000044_180.npy
4,worm-000044_181.npy
4,worm-000044_183.npy
4,worm-000044_184.npy
4,worm-000044_185.npy
4,worm-000044_187.npy
4,worm-000044_189.npy
1,worm-000044_191.npy
1,worm-000044_192.npy
1,worm-000044_193.npy
1,worm-000044_194.npy
1,worm-000044_195.npy
1,worm-000044_196.npy
1,worm-000044_197.npy
2,worm-000044_198.npy
1,worm-000044_199.npy
1,worm-000044_200.npy
2,worm-000044_201.npy
1,worm-000044_202.npy
1,worm-000044_203.npy
1,worm-000044_204.npy
1,worm-000044_205.npy
1,worm-000044_206.npy
6,worm-000044_207.npy
6,worm-000044_208.npy
1,worm-000044_209.npy
1,worm-000044_210.npy
1,worm-000044_211.npy
0,worm-000044_213.npy
6,worm-000044_214.npy
1,worm-000044_215.npy
1,worm-000044_216.npy
1,worm-000044_217.npy
4,worm-000044_218.npy
5,worm-000044_220.npy
4,worm-000044_221.npy
4,worm-000044_222.npy
1,worm-000044_223.npy
1,worm-000044_224.npy
1,worm-000044_225.npy
1,worm-000044_227.npy
4,worm-000044_228.npy
4,worm-000044_229.npy
1,worm-000044_230.npy
4,worm-000044_231.npy
4,worm-000044_234.npy
5,worm-000044_235.npy
4,worm-000044_236.npy
4,worm-000044_237.npy
4,worm-000044_240.npy
4,worm-000044_242.npy
1,worm-000044_244.npy
1,worm-000044_245.npy
1,worm-000044_246.npy
1,worm-000044_250.npy
1,worm-000044_251.npy
1,worm-000044_252.npy
1,worm-000044_253.npy
4,worm-000044_254.npy
5,worm-000044_255.npy
1,worm-000044_256.npy
4,worm-000044_257.npy
0,worm-000044_258.npy
4,worm-000044_260.npy
4,worm-000044_262.npy
4,worm-000044_263.npy
4,worm-000044_264.npy
5,worm-000044_265.npy
5,worm-000044_267.npy
4,worm-000044_269.npy
4,worm-000044_271.npy
5,worm-000044_272.npy
4,worm-000044_273.npy
2,worm-000044_275.npy
5,worm-000044_276.npy
5,worm-000044_277.npy
5,worm-000044_278.npy
4,worm-000044_279.npy
4,worm-000044_281.npy
4,worm-000044_282.npy
4,worm-000044_286.npy
4,worm-000044_288.npy
0,worm-000044_290.npy
3,worm-000044_292.npy
0,worm-000044_295.npy
4,worm-000044_297.npy
4,worm-000044_300.npy
4,worm-000044_308.npy
4,worm-000044_309.npy
4,worm-000044_310.npy
4,worm-000044_314.npy
1,worm-000044_315.npy
1,worm-000044_316.npy
4,worm-000044_317.npy
4,worm-000044_318.npy
1,worm-000044_320.npy
1,worm-000044_321.npy
2,worm-000045_000.npy
4,worm-000045_001.npy
2,worm-000045_002.npy
1,worm-000045_003.npy
2,worm-000045_004.npy
2,worm-000045_005.npy
2,worm-000045_006.npy
6,worm-000045_007.npy
6,worm-000045_008.npy
6,worm-000045_009.npy
6,worm-000045_010.npy
1,worm-000045_011.npy
6,worm-000045_012.npy
1,worm-000045_013.npy
1,worm-000045_014.npy
4,worm-000045_015.npy
4,worm-000045_016.npy
1,worm-000045_017.npy
1,worm-000045_018.npy
1,worm-000045_019.npy
1,worm-000045_020.npy
2,worm-000045_021.npy
1,worm-000045_022.npy
4,worm-000045_023.npy
1,worm-000045_024.npy
1,worm-000045_025.npy
4,worm-000045_026.npy
4,worm-000045_027.npy
4,worm-000045_028.npy
6,worm-000045_030.npy
6,worm-000045_031.npy
4,worm-000045_032.npy
4,worm-000045_033.npy
4,worm-000045_034.npy
4,worm-000045_035.npy
4,worm-000045_036.npy
4,worm-000045_037.npy
4,worm-000045_038.npy
4,worm-000045_039.npy
1,worm-000045_040.npy
4,worm-000045_041.npy
1,worm-000045_042.npy
4,worm-000045_043.npy
2,worm-000045_044.npy
4,worm-000045_045.npy
2,worm-000045_046.npy
4,worm-000045_047.npy
4,worm-000045_048.npy
4,worm-000045_049.npy
4,worm-000045_050.npy
4,worm-000045_051.npy
3,worm-000045_052.npy
4,worm-000045_053.npy
4,worm-000045_054.npy
4,worm-000045_055.npy
4,worm-000045_056.npy
4,worm-000045_059.npy
4,worm-000045_060.npy
4,worm-000045_061.npy
4,worm-000045_062.npy
4,worm-000045_063.npy
4,worm-000045_064.npy
4,worm-000045_065.npy
4,worm-000045_066.npy
5,worm-000045_067.npy
4,worm-000045_068.npy
4,worm-000045_069.npy
4,worm-000045_070.npy
4,worm-000045_071.npy
4,worm-000045_072.npy
4,worm-000045_074.npy
4,worm-000045_075.npy
4,worm-000045_076.npy
4,worm-000045_077.npy
4,worm-000045_078.npy
4,worm-000045_079.npy
4,worm-000045_080.npy
4,worm-000045_081.npy
4,worm-000045_082.npy
4,worm-000045_083.npy
4,worm-000045_084.npy
4,worm-000045_085.npy
4,worm-000045_086.npy
4,worm-000045_087.npy
4,worm-000045_088.npy
4,worm-000045_089.npy
4,worm-000045_090.npy
4,worm-000045_093.npy
4,worm-000045_094.npy
4,worm-000045_095.npy
4,worm-000045_096.npy
4,worm-000045_097.npy
4,worm-000045_098.npy
2,worm-000045_099.npy
1,worm-000045_100.npy
1,worm-000045_101.npy
1,worm-000045_102.npy
1,worm-000045_103.npy
1,worm-000045_104.npy
2,worm-000045_105.npy
1,worm-000045_106.npy
4,worm-000045_107.npy
4,worm-000045_108.npy
2,worm-000045_109.npy
1,worm-000045_110.npy
4,worm-000045_111.npy
1,worm-000045_112.npy
1,worm-000045_113.npy
4,worm-000045_114.npy
4,worm-000045_115.npy
4,worm-000045_116.npy
0,worm-000045_117.npy
0,worm-000045_118.npy
4,worm-000045_119.npy
1,worm-000045_121.npy
4,worm-000045_122.npy
4,worm-000045_123.npy
4,worm-000045_124.npy
4,worm-000045_125.npy
1,worm-000045_126.npy
4,worm-000045_127.npy
4,worm-000045_128.npy
4,worm-000045_129.npy
4,worm-000045_130.npy
4,worm-000045_131.npy
2,worm-000045_132.npy
2,worm-000045_133.npy
6,worm-000045_134.npy
4,worm-000045_135.npy
4,worm-000045_136.npy
4,worm-000045_137.npy
1,worm-000045_138.npy
6,worm-000045_139.npy
5,worm-000045_140.npy
4,worm-000045_141.npy
4,worm-000045_143.npy
4,worm-000045_144.npy
4,worm-000045_145.npy
4,worm-000045_146.npy
4,worm-000045_148.npy
4,worm-000045_149.npy
4,worm-000045_150.npy
6,worm-000045_151.npy
4,worm-000045_152.npy
2,worm-000045_153.npy
2,worm-000045_154.npy
5,worm-000045_155.npy
4,worm-000045_156.npy
4,worm-000045_157.npy
4,worm-000045_158.npy
4,worm-000045_159.npy
2,worm-000045_160.npy
4,worm-000045_161.npy
4,worm-000045_164.npy
4,worm-000045_165.npy
4,worm-000045_166.npy
4,worm-000045_167.npy
4,worm-000045_168.npy
4,worm-000045_169.npy
4,worm-000045_170.npy
4,worm-000045_171.npy
4,worm-000045_173.npy
4,worm-000045_174.npy
4,worm-000045_175.npy
2,worm-000045_176.npy
1,worm-000045_177.npy
4,worm-000045_178.npy
4,worm-000045_181.npy
4,worm-000045_182.npy
4,worm-000045_184.npy
4,worm-000045_185.npy
4,worm-000045_187.npy
4,worm-000045_188.npy
6,worm-000045_189.npy
5,worm-000045_190.npy
4,worm-000045_191.npy
4,worm-000045_192.npy
5,worm-000045_194.npy
5,worm-000045_195.npy
4,worm-000045_197.npy
4,worm-000045_198.npy
4,worm-000045_199.npy
4,worm-000045_200.npy
4,worm-000045_201.npy
4,worm-000045_202.npy
4,worm-000045_205.npy
4,worm-000045_206.npy
4,worm-000045_207.npy
4,worm-000045_208.npy
5,worm-000045_209.npy
0,worm-000045_212.npy
4,worm-000045_215.npy
4,worm-000045_216.npy
1,worm-000045_217.npy
1,worm-000045_218.npy
6,worm-000045_219.npy
4,worm-000045_220.npy
1,worm-000045_221.npy
6,worm-000045_222.npy
6,worm-000045_223.npy
2,worm-000045_224.npy
4,worm-000045_225.npy
1,worm-000045_226.npy
1,worm-000045_227.npy
6,worm-000045_228.npy
2,worm-000045_229.npy
2,worm-000045_230.npy
2,worm-000045_232.npy
2,worm-000045_233.npy
2,worm-000045_234.npy
4,worm-000045_235.npy
1,worm-000045_236.npy
2,worm-000045_237.npy
6,worm-000045_238.npy
1,worm-000045_239.npy
4,worm-000045_240.npy
1,worm-000045_241.npy
4,worm-000045_242.npy
1,worm-000045_243.npy
4,worm-000045_244.npy
4,worm-000045_245.npy
4,worm-000045_246.npy
4,worm-000045_247.npy
4,worm-000045_248.npy
6,worm-000045_249.npy
1,worm-000045_251.npy
4,worm-000045_252.npy
2,worm-000045_253.npy
4,worm-000045_254.npy
4,worm-000045_258.npy
4,worm-000045_259.npy
4,worm-000045_260.npy
4,worm-000045_261.npy
4,worm-000045_262.npy
4,worm-000045_264.npy
4,worm-000045_265.npy
4,worm-000045_269.npy
4,worm-000045_270.npy
4,worm-000045_271.npy
4,worm-000045_273.npy
4,worm-000045_274.npy
4,worm-000045_275.npy
4,worm-000045_276.npy
4,worm-000045_277.npy
4,worm-000045_278.npy
4,worm-000045_279.npy
4,worm-000045_280.npy
4,worm-000045_281.npy
4,worm-000045_282.npy
2,worm-000045_283.npy
2,worm-000045_284.npy
4,worm-000045_285.npy
2,worm-000045_286.npy
6,worm-000045_287.npy
2,worm-000045_288.npy
6,worm-000045_289.npy
6,worm-000045_290.npy
2,worm-000045_291.npy
2,worm-000045_293.npy
4,worm-000045_294.npy
6,worm-000045_297.npy
4,worm-000045_298.npy
1,worm-000045_299.npy
1,worm-000045_300.npy
4,worm-000045_301.npy
4,worm-000045_302.npy
4,worm-000045_303.npy
6,worm-000045_304.npy
4,worm-000045_305.npy
6,worm-000045_306.npy
4,worm-000045_307.npy
4,worm-000045_308.npy
4,worm-000045_309.npy
4,worm-000045_310.npy
2,worm-000045_311.npy
4,worm-000045_312.npy
2,worm-000045_313.npy
6,worm-000045_314.npy
6,worm-000045_315.npy
4,worm-000045_316.npy
4,worm-000045_317.npy
5,worm-000045_318.npy
1,worm-000045_319.npy
4,worm-000045_320.npy
1,worm-000045_321.npy
1,worm-000045_322.npy
4,worm-000045_323.npy
4,worm-000045_324.npy
4,worm-000045_325.npy
4,worm-000045_326.npy
4,worm-000045_327.npy
2,worm-000045_328.npy
4,worm-000045_329.npy
2,worm-000045_330.npy
6,worm-000045_331.npy
4,worm-000045_332.npy
5,worm-000045_333.npy
4,worm-000045_335.npy
4,worm-000045_336.npy
4,worm-000045_337.npy
4,worm-000045_338.npy
5,worm-000045_339.npy
4,worm-000045_340.npy
4,worm-000045_342.npy
4,worm-000045_343.npy
4,worm-000045_344.npy
4,worm-000045_345.npy
4,worm-000045_346.npy
4,worm-000045_347.npy
4,worm-000045_348.npy
4,worm-000045_351.npy
4,worm-000045_353.npy
5,worm-000045_354.npy
4,worm-000045_355.npy
4,worm-000045_356.npy
4,worm-000045_358.npy
4,worm-000045_359.npy
4,worm-000045_360.npy
4,worm-000045_362.npy
4,worm-000045_363.npy
3,worm-000045_364.npy
4,worm-000045_365.npy
4,worm-000045_366.npy
5,worm-000045_367.npy
4,worm-000045_369.npy
4,worm-000045_370.npy
4,worm-000045_372.npy
2,worm-000045_373.npy
4,worm-000045_375.npy
4,worm-000045_376.npy
2,worm-000045_378.npy
4,worm-000045_380.npy
4,worm-000045_381.npy
4,worm-000045_382.npy
4,worm-000045_384.npy
4,worm-000045_385.npy
4,worm-000045_386.npy
4,worm-000045_389.npy
4,worm-000045_390.npy
4,worm-000045_391.npy
4,worm-000045_392.npy
4,worm-000045_395.npy
4,worm-000045_396.npy
4,worm-000045_398.npy
4,worm-000045_400.npy
4,worm-000045_404.npy
4,worm-000045_405.npy
4,worm-000045_406.npy
4,worm-000045_407.npy
4,worm-000045_409.npy
4,worm-000045_410.npy
4,worm-000045_412.npy
4,worm-000045_414.npy
4,worm-000045_420.npy
4,worm-000045_421.npy
4,worm-000045_423.npy
4,worm-000045_424.npy
4,worm-000045_426.npy
4,worm-000045_427.npy
4,worm-000045_430.npy
4,worm-000045_434.npy
4,worm-000045_435.npy
4,worm-000045_437.npy
4,worm-000045_439.npy
4,worm-000045_440.npy
5,worm-000045_441.npy
4,worm-000045_442.npy
4,worm-000045_444.npy
4,worm-000045_447.npy
4,worm-000045_451.npy
2,worm-000045_454.npy
4,worm-000045_456.npy
4,worm-000045_457.npy
4,worm-000045_458.npy
2,worm-000045_459.npy
4,worm-000045_461.npy
4,worm-000045_464.npy
4,worm-000045_465.npy
4,worm-000045_466.npy
4,worm-000045_467.npy
4,worm-000045_468.npy
4,worm-000045_469.npy
6,worm-000045_470.npy
4,worm-000045_471.npy
4,worm-000045_472.npy
4,worm-000045_473.npy
4,worm-000045_474.npy
2,worm-000046_000.npy
6,worm-000046_001.npy
2,worm-000046_002.npy
1,worm-000046_003.npy
2,worm-000046_004.npy
1,worm-000046_005.npy
1,worm-000046_006.npy
1,worm-000046_007.npy
1,worm-000046_008.npy
1,worm-000046_009.npy
1,worm-000046_010.npy
2,worm-000046_011.npy
1,worm-000046_012.npy
1,worm-000046_013.npy
1,worm-000046_014.npy
1,worm-000046_015.npy
1,worm-000046_016.npy
1,worm-000046_017.npy
1,worm-000046_018.npy
1,worm-000046_019.npy
1,worm-000046_020.npy
1,worm-000046_021.npy
1,worm-000046_022.npy
1,worm-000046_023.npy
2,worm-000046_024.npy
1,worm-000046_025.npy
2,worm-000046_026.npy
2,worm-000046_027.npy
1,worm-000046_028.npy
2,worm-000046_029.npy
1,worm-000046_030.npy
4,worm-000046_031.npy
1,worm-000046_032.npy
1,worm-000046_033.npy
1,worm-000046_034.npy
1,worm-000046_035.npy
1,worm-000046_036.npy
1,worm-000046_037.npy
1,worm-000046_039.npy
1,worm-000046_040.npy
1,worm-000046_041.npy
1,worm-000046_042.npy
1,worm-000046_043.npy
0,worm-000046_044.npy
1,worm-000046_045.npy
1,worm-000046_046.npy
1,worm-000046_047.npy
1,worm-000046_048.npy
1,worm-000046_049.npy
1,worm-000046_050.npy
1,worm-000046_051.npy
1,worm-000046_052.npy
0,worm-000046_053.npy
1,worm-000046_054.npy
1,worm-000046_055.npy
4,worm-000046_056.npy
1,worm-000046_057.npy
1,worm-000046_058.npy
6,worm-000046_059.npy
1,worm-000046_060.npy
1,worm-000046_061.npy
0,worm-000046_062.npy
1,worm-000046_064.npy
4,worm-000046_065.npy
2,worm-000046_066.npy
4,worm-000046_068.npy
0,worm-000046_069.npy
4,worm-000046_070.npy
0,worm-000046_071.npy
1,worm-000046_072.npy
1,worm-000046_073.npy
1,worm-000046_076.npy
1,worm-000046_077.npy
1,worm-000046_078.npy
1,worm-000046_079.npy
1,worm-000046_080.npy
0,worm-000046_081.npy
1,worm-000046_082.npy
4,worm-000046_084.npy
4,worm-000046_085.npy
1,worm-000046_086.npy
1,worm-000046_087.npy
1,worm-000046_088.npy
4,worm-000046_089.npy
1,worm-000046_090.npy
5,worm-000046_091.npy
0,worm-000046_092.npy
4,worm-000046_093.npy
4,worm-000046_094.npy
5,worm-000046_095.npy
4,worm-000046_096.npy
0,worm-000046_097.npy
1,worm-000046_098.npy
1,worm-000046_100.npy
1,worm-000046_101.npy
1,worm-000046_102.npy
5,worm-000046_103.npy
4,worm-000046_105.npy
4,worm-000046_106.npy
4,worm-000046_107.npy
4,worm-000046_108.npy
4,worm-000046_109.npy
0,worm-000046_110.npy
4,worm-000046_111.npy
4,worm-000046_115.npy
0,worm-000046_117.npy
5,worm-000046_118.npy
1,worm-000046_119.npy
1,worm-000046_120.npy
1,worm-000046_121.npy
1,worm-000046_122.npy
1,worm-000046_123.npy
1,worm-000046_124.npy
2,worm-000046_125.npy
1,worm-000046_126.npy
1,worm-000046_127.npy
1,worm-000046_128.npy
1,worm-000046_129.npy
1,worm-000046_130.npy
1,worm-000046_131.npy
1,worm-000046_132.npy
1,worm-000046_133.npy
1,worm-000046_134.npy
1,worm-000046_135.npy
1,worm-000046_136.npy
1,worm-000046_137.npy
2,worm-000046_138.npy
1,worm-000046_139.npy
1,worm-000046_141.npy
1,worm-000046_142.npy
1,worm-000046_143.npy
1,worm-000046_144.npy
1,worm-000046_145.npy
1,worm-000046_146.npy
2,worm-000046_147.npy
1,worm-000046_148.npy
1,worm-000046_149.npy
1,worm-000046_150.npy
1,worm-000046_151.npy
1,worm-000046_152.npy
0,worm-000046_153.npy
0,worm-000046_154.npy
1,worm-000046_155.npy
1,worm-000046_156.npy
2,worm-000046_157.npy
5,worm-000046_158.npy
1,worm-000046_159.npy
0,worm-000046_160.npy
0,worm-000046_161.npy
2,worm-000046_162.npy
5,worm-000046_163.npy
1,worm-000046_164.npy
0,worm-000046_165.npy
0,worm-000046_166.npy
5,worm-000046_167.npy
1,worm-000046_168.npy
0,worm-000046_169.npy
4,worm-000046_170.npy
4,worm-000046_171.npy
4,worm-000046_172.npy
1,worm-000046_173.npy
1,worm-000046_174.npy
5,worm-000046_175.npy
4,worm-000046_176.npy
4,worm-000046_177.npy
1,worm-000046_178.npy
4,worm-000046_180.npy
0,worm-000046_181.npy
1,worm-000046_182.npy
4,worm-000046_183.npy
0,worm-000046_184.npy
1,worm-000046_185.npy
4,worm-000046_186.npy
4,worm-000046_187.npy
4,worm-000046_188.npy
0,worm-000046_189.npy
4,worm-000046_190.npy
4,worm-000046_191.npy
1,worm-000046_192.npy
2,worm-000046_193.npy
4,worm-000046_194.npy
4,worm-000046_195.npy
4,worm-000046_196.npy
4,worm-000046_197.npy
4,worm-000046_198.npy
1,worm-000046_199.npy
4,worm-000046_200.npy
4,worm-000046_201.npy
4,worm-000046_202.npy
4,worm-000046_203.npy
1,worm-000046_204.npy
4,worm-000046_205.npy
4,worm-000046_206.npy
4,worm-000046_208.npy
5,worm-000046_209.npy
4,worm-000046_210.npy
1,worm-000046_211.npy
1,worm-000046_212.npy
2,worm-000046_213.npy
1,worm-000046_214.npy
1,worm-000046_215.npy
1,worm-000046_216.npy
1,worm-000046_217.npy
1,worm-000046_218.npy
1,worm-000046_219.npy
1,worm-000046_220.npy
1,worm-000046_221.npy
1,worm-000046_222.npy
1,worm-000046_223.npy
1,worm-000046_224.npy
1,worm-000046_225.npy
5,worm-000046_226.npy
1,worm-000046_227.npy
1,worm-000046_228.npy
1,worm-000046_229.npy
1,worm-000046_230.npy
1,worm-000046_231.npy
1,worm-000046_232.npy
1,worm-000046_233.npy
1,worm-000046_234.npy
1,worm-000046_235.npy
2,worm-000046_236.npy
1,worm-000046_237.npy
1,worm-000046_238.npy
1,worm-000046_239.npy
1,worm-000046_242.npy
6,worm-000046_244.npy
0,worm-000046_245.npy
1,worm-000046_246.npy
1,worm-000046_247.npy
0,worm-000046_248.npy
0,worm-000046_249.npy
0,worm-000046_250.npy
0,worm-000046_251.npy
1,worm-000046_252.npy
5,worm-000046_253.npy
1,worm-000046_255.npy
4,worm-000046_256.npy
4,worm-000046_257.npy
4,worm-000046_258.npy
4,worm-000046_259.npy
4,worm-000046_260.npy
4,worm-000046_261.npy
5,worm-000046_262.npy
4,worm-000046_263.npy
4,worm-000046_264.npy
4,worm-000046_266.npy
4,worm-000046_268.npy
5,worm-000046_269.npy
4,worm-000046_273.npy
5,worm-000046_274.npy
4,worm-000046_275.npy
5,worm-000046_276.npy
4,worm-000046_277.npy
4,worm-000046_278.npy
4,worm-000046_279.npy
4,worm-000046_280.npy
4,worm-000046_281.npy
4,worm-000046_282.npy
4,worm-000046_283.npy
4,worm-000046_284.npy
4,worm-000046_285.npy
4,worm-000046_287.npy
4,worm-000046_288.npy
6,worm-000046_289.npy
1,worm-000046_290.npy
2,worm-000046_291.npy
1,worm-000046_292.npy
1,worm-000046_293.npy
1,worm-000046_294.npy
1,worm-000046_295.npy
1,worm-000046_296.npy
1,worm-000046_297.npy
4,worm-000046_298.npy
1,worm-000046_299.npy
1,worm-000046_300.npy
1,worm-000046_301.npy
1,worm-000046_302.npy
1,worm-000046_306.npy
5,worm-000046_308.npy
0,worm-000046_309.npy
5,worm-000046_310.npy
1,worm-000046_311.npy
4,worm-000046_312.npy
4,worm-000046_313.npy
4,worm-000046_315.npy
4,worm-000046_316.npy
5,worm-000046_317.npy
5,worm-000046_319.npy
4,worm-000046_320.npy
4,worm-000046_321.npy
1,worm-000046_322.npy
5,worm-000046_323.npy
4,worm-000046_326.npy
1,worm-000046_327.npy
1,worm-000046_328.npy
1,worm-000046_329.npy
4,worm-000046_330.npy
4,worm-000046_334.npy
1,worm-000046_335.npy
4,worm-000046_337.npy
4,worm-000046_338.npy
4,worm-000046_339.npy
4,worm-000046_342.npy
4,worm-000046_343.npy
4,worm-000046_344.npy
4,worm-000046_345.npy
4,worm-000046_350.npy
4,worm-000046_351.npy
4,worm-000046_353.npy
4,worm-000046_354.npy
4,worm-000046_355.npy
4,worm-000046_356.npy
5,worm-000046_357.npy
4,worm-000046_360.npy
5,worm-000046_365.npy
4,worm-000046_366.npy
4,worm-000046_367.npy
4,worm-000046_369.npy
4,worm-000046_373.npy
5,worm-000046_375.npy
4,worm-000046_376.npy
5,worm-000046_377.npy
1,worm-000046_378.npy
0,worm-000046_379.npy
1,worm-000047_000.npy
1,worm-000047_001.npy
1,worm-000047_002.npy
1,worm-000047_003.npy
6,worm-000047_004.npy
2,worm-000047_005.npy
1,worm-000047_006.npy
1,worm-000047_007.npy
1,worm-000047_008.npy
1,worm-000047_009.npy
1,worm-000047_010.npy
1,worm-000047_011.npy
1,worm-000047_012.npy
2,worm-000047_013.npy
2,worm-000047_014.npy
2,worm-000047_015.npy
2,worm-000047_016.npy
2,worm-000047_017.npy
1,worm-000047_018.npy
1,worm-000047_019.npy
1,worm-000047_020.npy
1,worm-000047_021.npy
1,worm-000047_022.npy
1,worm-000047_023.npy
1,worm-000047_024.npy
2,worm-000047_025.npy
2,worm-000047_026.npy
6,worm-000047_027.npy
1,worm-000047_028.npy
1,worm-000047_029.npy
1,worm-000047_030.npy
1,worm-000047_031.npy
2,worm-000047_032.npy
2,worm-000047_033.npy
1,worm-000047_034.npy
1,worm-000047_035.npy
1,worm-000047_036.npy
2,worm-000047_037.npy
1,worm-000047_038.npy
1,worm-000047_039.npy
1,worm-000047_040.npy
1,worm-000047_041.npy
2,worm-000047_042.npy
2,worm-000047_043.npy
1,worm-000047_044.npy
1,worm-000047_045.npy
2,worm-000047_046.npy
2,worm-000047_047.npy
1,worm-000047_048.npy
1,worm-000047_049.npy
1,worm-000047_050.npy
1,worm-000047_051.npy
1,worm-000047_052.npy
2,worm-000047_053.npy
4,worm-000047_054.npy
5,worm-000047_055.npy
1,worm-000047_056.npy
1,worm-000047_057.npy
1,worm-000047_058.npy
1,worm-000047_059.npy
4,worm-000047_060.npy
2,worm-000047_061.npy
2,worm-000047_062.npy
2,worm-000047_063.npy
2,worm-000047_064.npy
1,worm-000047_065.npy
1,worm-000047_066.npy
4,worm-000047_067.npy
1,worm-000047_068.npy
6,worm-000047_069.npy
1,worm-000047_070.npy
1,worm-000047_071.npy
2,worm-000047_072.npy
2,worm-000047_073.npy
4,worm-000047_074.npy
6,worm-000047_075.npy
4,worm-000047_076.npy
4,worm-000047_077.npy
4,worm-000047_078.npy
4,worm-000047_079.npy
2,worm-000047_080.npy
4,worm-000047_081.npy
4,worm-000047_082.npy
4,worm-000047_083.npy
4,worm-000047_084.npy
4,worm-000047_085.npy
4,worm-000047_086.npy
4,worm-000047_087.npy
4,worm-000047_088.npy
4,worm-000047_089.npy
4,worm-000047_090.npy
4,worm-000047_091.npy
4,worm-000047_092.npy
5,worm-000047_094.npy
0,worm-000047_095.npy
4,worm-000047_096.npy
2,worm-000047_097.npy
4,worm-000047_098.npy
4,worm-000047_099.npy
4,worm-000047_101.npy
4,worm-000047_103.npy
4,worm-000047_104.npy
1,worm-000047_105.npy
2,worm-000047_106.npy
1,worm-000047_107.npy
2,worm-000047_108.npy
2,worm-000047_109.npy
2,worm-000047_110.npy
1,worm-000047_111.npy
1,worm-000047_112.npy
2,worm-000047_113.npy
1,worm-000047_114.npy
1,worm-000047_115.npy
1,worm-000047_116.npy
1,worm-000047_117.npy
2,worm-000047_118.npy
2,worm-000047_119.npy
1,worm-000047_120.npy
1,worm-000047_121.npy
6,worm-000047_123.npy
4,worm-000047_124.npy
1,worm-000047_125.npy
2,worm-000047_126.npy
1,worm-000047_127.npy
1,worm-000047_128.npy
1,worm-000047_129.npy
1,worm-000047_130.npy
1,worm-000047_131.npy
1,worm-000047_132.npy
1,worm-000047_133.npy
0,worm-000047_134.npy
4,worm-000047_135.npy
4,worm-000047_137.npy
1,worm-000047_138.npy
4,worm-000047_139.npy
1,worm-000047_140.npy
5,worm-000047_141.npy
4,worm-000047_142.npy
6,worm-000047_143.npy
4,worm-000047_144.npy
4,worm-000047_145.npy
6,worm-000047_146.npy
1,worm-000047_147.npy
4,worm-000047_148.npy
4,worm-000047_149.npy
4,worm-000047_150.npy
4,worm-000047_151.npy
5,worm-000047_152.npy
4,worm-000047_154.npy
4,worm-000047_155.npy
1,worm-000047_156.npy
5,worm-000047_157.npy
4,worm-000047_158.npy
4,worm-000047_159.npy
4,worm-000047_161.npy
4,worm-000047_162.npy
4,worm-000047_163.npy
4,worm-000047_164.npy
4,worm-000047_166.npy
4,worm-000047_167.npy
5,worm-000047_168.npy
4,worm-000047_170.npy
4,worm-000047_171.npy
1,worm-000047_172.npy
2,worm-000047_173.npy
1,worm-000047_174.npy
1,worm-000047_175.npy
1,worm-000047_176.npy
1,worm-000047_177.npy
1,worm-000047_178.npy
1,worm-000047_179.npy
1,worm-000047_180.npy
1,worm-000047_181.npy
2,worm-000047_182.npy
1,worm-000047_183.npy
2,worm-000047_184.npy
1,worm-000047_185.npy
1,worm-000047_186.npy
1,worm-000047_187.npy
1,worm-000047_188.npy
1,worm-000047_189.npy
1,worm-000047_190.npy
1,worm-000047_191.npy
1,worm-000047_192.npy
2,worm-000047_193.npy
1,worm-000047_194.npy
1,worm-000047_195.npy
1,worm-000047_196.npy
2,worm-000047_197.npy
2,worm-000047_198.npy
1,worm-000047_199.npy
1,worm-000047_200.npy
1,worm-000047_201.npy
1,worm-000047_202.npy
2,worm-000047_203.npy
1,worm-000047_205.npy
1,worm-000047_206.npy
1,worm-000047_207.npy
1,worm-000047_208.npy
2,worm-000047_209.npy
1,worm-000047_210.npy
1,worm-000047_211.npy
2,worm-000047_212.npy
6,worm-000047_213.npy
2,worm-000047_215.npy
4,worm-000047_216.npy
1,worm-000047_218.npy
2,worm-000047_219.npy
4,worm-000047_220.npy
2,worm-000047_221.npy
2,worm-000047_222.npy
1,worm-000047_223.npy
1,worm-000047_224.npy
5,worm-000047_225.npy
4,worm-000047_226.npy
1,worm-000047_227.npy
1,worm-000047_229.npy
2,worm-000047_230.npy
4,worm-000047_231.npy
2,worm-000047_232.npy
4,worm-000047_233.npy
4,worm-000047_234.npy
4,worm-000047_235.npy
2,worm-000047_236.npy
4,worm-000047_240.npy
1,worm-000047_244.npy
1,worm-000047_245.npy
1,worm-000047_247.npy
5,worm-000047_249.npy
1,worm-000047_250.npy
1,worm-000047_252.npy
1,worm-000047_253.npy
1,worm-000047_254.npy
2,worm-000047_255.npy
4,worm-000047_256.npy
1,worm-000047_257.npy
1,worm-000047_258.npy
1,worm-000047_259.npy
2,worm-000047_260.npy
1,worm-000047_261.npy
5,worm-000047_262.npy
1,worm-000047_263.npy
4,worm-000047_264.npy
4,worm-000047_265.npy
4,worm-000047_266.npy
4,worm-000047_267.npy
4,worm-000047_268.npy
4,worm-000047_269.npy
4,worm-000047_270.npy
4,worm-000047_272.npy
4,worm-000047_274.npy
1,worm-000047_275.npy
4,worm-000047_276.npy
4,worm-000047_277.npy
4,worm-000047_279.npy
4,worm-000047_280.npy
4,worm-000047_284.npy
4,worm-000047_285.npy
1,worm-000047_286.npy
1,worm-000047_288.npy
4,worm-000047_289.npy
4,worm-000047_292.npy
4,worm-000047_294.npy
4,worm-000047_296.npy
4,worm-000047_299.npy
4,worm-000047_300.npy
4,worm-000047_301.npy
4,worm-000047_302.npy
4,worm-000047_304.npy
6,worm-000047_312.npy
4,worm-000047_314.npy
4,worm-000047_315.npy
4,worm-000047_317.npy
4,worm-000047_318.npy
4,worm-000047_319.npy
4,worm-000047_320.npy
4,worm-000047_322.npy
4,worm-000047_323.npy
4,worm-000047_325.npy
4,worm-000047_326.npy
4,worm-000047_327.npy
4,worm-000047_329.npy
4,worm-000047_330.npy
4,worm-000047_332.npy
4,worm-000047_333.npy
1,worm-000047_334.npy
4,worm-000047_335.npy
1,worm-000047_336.npy
1,worm-000047_337.npy
4,worm-000047_338.npy
4,worm-000047_339.npy
1,worm-000048_000.npy
1,worm-000048_001.npy
1,worm-000048_002.npy
1,worm-000048_003.npy
1,worm-000048_004.npy
1,worm-000048_005.npy
2,worm-000048_006.npy
2,worm-000048_007.npy
1,worm-000048_008.npy
2,worm-000048_009.npy
1,worm-000048_010.npy
1,worm-000048_011.npy
1,worm-000048_012.npy
1,worm-000048_013.npy
1,worm-000048_014.npy
1,worm-000048_015.npy
1,worm-000048_016.npy
1,worm-000048_017.npy
1,worm-000048_019.npy
1,worm-000048_020.npy
1,worm-000048_021.npy
1,worm-000048_022.npy
1,worm-000048_023.npy
1,worm-000048_024.npy
1,worm-000048_025.npy
1,worm-000048_026.npy
1,worm-000048_027.npy
1,worm-000048_028.npy
2,worm-000048_029.npy
1,worm-000048_030.npy
6,worm-000048_031.npy
2,worm-000048_032.npy
5,worm-000048_033.npy
6,worm-000048_034.npy
1,worm-000048_035.npy
1,worm-000048_036.npy
1,worm-000048_037.npy
1,worm-000048_038.npy
1,worm-000048_039.npy
4,worm-000048_040.npy
1,worm-000048_041.npy
1,worm-000048_042.npy
1,worm-000048_044.npy
2,worm-000048_045.npy
1,worm-000048_046.npy
1,worm-000048_047.npy
1,worm-000048_048.npy
1,worm-000048_049.npy
2,worm-000048_050.npy
1,worm-000048_052.npy
1,worm-000048_054.npy
5,worm-000048_055.npy
1,worm-000048_056.npy
2,worm-000048_058.npy
1,worm-000048_059.npy
4,worm-000048_060.npy
2,worm-000048_061.npy
1,worm-000048_062.npy
5,worm-000048_063.npy
1,worm-000048_064.npy
1,worm-000048_065.npy
1,worm-000048_066.npy
5,worm-000048_067.npy
1,worm-000048_068.npy
2,worm-000048_070.npy
4,worm-000048_071.npy
1,worm-000048_072.npy
1,worm-000048_073.npy
3,worm-000048_074.npy
1,worm-000048_075.npy
1,worm-000048_076.npy
4,worm-000048_077.npy
1,worm-000048_078.npy
1,worm-000048_079.npy
4,worm-000048_080.npy
1,worm-000048_082.npy
4,worm-000048_083.npy
2,worm-000048_084.npy
4,worm-000048_085.npy
0,worm-000048_086.npy
1,worm-000048_087.npy
1,worm-000048_088.npy
3,worm-000048_089.npy
4,worm-000048_090.npy
1,worm-000048_091.npy
1,worm-000048_093.npy
2,worm-000048_094.npy
4,worm-000048_095.npy
3,worm-000048_096.npy
4,worm-000048_097.npy
4,worm-000048_098.npy
3,worm-000048_099.npy
4,worm-000048_100.npy
4,worm-000048_101.npy
4,worm-000048_102.npy
4,worm-000048_103.npy
4,worm-000048_105.npy
4,worm-000048_106.npy
5,worm-000048_107.npy
4,worm-000048_108.npy
4,worm-000048_109.npy
2,worm-000048_110.npy
4,worm-000048_111.npy
4,worm-000048_112.npy
4,worm-000048_115.npy
4,worm-000048_116.npy
4,worm-000048_117.npy
4,worm-000048_118.npy
4,worm-000048_119.npy
4,worm-000048_120.npy
4,worm-000048_121.npy
1,worm-000048_122.npy
1,worm-000048_124.npy
1,worm-000048_125.npy
1,worm-000048_126.npy
1,worm-000048_127.npy
1,worm-000048_128.npy
1,worm-000048_129.npy
1,worm-000048_130.npy
1,worm-000048_131.npy
1,worm-000048_132.npy
1,worm-000048_133.npy
1,worm-000048_134.npy
1,worm-000048_135.npy
1,worm-000048_136.npy
1,worm-000048_137.npy
1,worm-000048_138.npy
1,worm-000048_139.npy
2,worm-000048_140.npy
1,worm-000048_141.npy
1,worm-000048_142.npy
1,worm-000048_144.npy
1,worm-000048_145.npy
1,worm-000048_146.npy
1,worm-000048_147.npy
1,worm-000048_148.npy
1,worm-000048_149.npy
1,worm-000048_150.npy
1,worm-000048_151.npy
1,worm-000048_152.npy
1,worm-000048_153.npy
1,worm-000048_154.npy
1,worm-000048_156.npy
1,worm-000048_157.npy
1,worm-000048_158.npy
1,worm-000048_159.npy
1,worm-000048_160.npy
1,worm-000048_161.npy
1,worm-000048_162.npy
4,worm-000048_163.npy
1,worm-000048_164.npy
1,worm-000048_165.npy
1,worm-000048_166.npy
0,worm-000048_167.npy
5,worm-000048_168.npy
1,worm-000048_169.npy
1,worm-000048_170.npy
2,worm-000048_171.npy
1,worm-000048_172.npy
5,worm-000048_173.npy
5,worm-000048_174.npy
0,worm-000048_175.npy
0,worm-000048_177.npy
1,worm-000048_178.npy
1,worm-000048_179.npy
4,worm-000048_180.npy
0,worm-000048_181.npy
0,worm-000048_182.npy
1,worm-000048_184.npy
0,worm-000048_185.npy
0,worm-000048_186.npy
1,worm-000048_187.npy
5,worm-000048_188.npy
1,worm-000048_189.npy
0,worm-000048_190.npy
4,worm-000048_191.npy
4,worm-000048_192.npy
1,worm-000048_193.npy
4,worm-000048_195.npy
1,worm-000048_196.npy
4,worm-000048_197.npy
5,worm-000048_198.npy
3,worm-000048_199.npy
4,worm-000048_200.npy
4,worm-000048_201.npy
5,worm-000048_202.npy
1,worm-000048_203.npy
5,worm-000048_204.npy
5,worm-000048_205.npy
4,worm-000048_206.npy
4,worm-000048_208.npy
4,worm-000048_209.npy
4,worm-000048_211.npy
4,worm-000048_212.npy
1,worm-000048_214.npy
1,worm-000048_215.npy
2,worm-000048_216.npy
1,worm-000048_217.npy
1,worm-000048_218.npy
1,worm-000048_219.npy
1,worm-000048_220.npy
0,worm-000048_223.npy
1,worm-000048_224.npy
4,worm-000048_225.npy
4,worm-000048_226.npy
0,worm-000048_227.npy
1,worm-000048_228.npy
5,worm-000048_229.npy
4,worm-000048_230.npy
4,worm-000048_231.npy
4,worm-000048_232.npy
4,worm-000048_233.npy
4,worm-000048_234.npy
1,worm-000048_235.npy
4,worm-000048_236.npy
4,worm-000048_237.npy
4,worm-000048_238.npy
4,worm-000048_239.npy
3,worm-000048_240.npy
4,worm-000048_241.npy
4,worm-000048_242.npy
4,worm-000048_243.npy
4,worm-000048_244.npy
4,worm-000048_246.npy
4,worm-000048_249.npy
4,worm-000048_251.npy
1,worm-000048_252.npy
1,worm-000048_253.npy
1,worm-000048_254.npy
1,worm-000048_255.npy
1,worm-000048_256.npy
1,worm-000048_257.npy
1,worm-000048_258.npy
1,worm-000048_259.npy
1,worm-000048_260.npy
1,worm-000048_261.npy
1,worm-000048_262.npy
1,worm-000048_263.npy
1,worm-000048_264.npy
4,worm-000048_265.npy
4,worm-000048_266.npy
1,worm-000048_267.npy
1,worm-000048_268.npy
4,worm-000048_269.npy
0,worm-000048_270.npy
3,worm-000048_271.npy
4,worm-000048_272.npy
0,worm-000048_273.npy
4,worm-000048_274.npy
4,worm-000048_275.npy
1,worm-000048_276.npy
3,worm-000048_277.npy
0,worm-000048_278.npy
4,worm-000048_279.npy
4,worm-000048_280.npy
0,worm-000048_281.npy
4,worm-000048_282.npy
4,worm-000048_283.npy
4,worm-000048_285.npy
4,worm-000048_286.npy
4,worm-000048_289.npy
2,worm-000048_291.npy
4,worm-000048_292.npy
4,worm-000048_293.npy
4,worm-000048_295.npy
4,worm-000048_296.npy
2,worm-000048_299.npy
6,worm-000048_301.npy
4,worm-000048_309.npy
4,worm-000048_310.npy
4,worm-000048_311.npy
4,worm-000048_313.npy
4,worm-000048_314.npy
4,worm-000048_315.npy
4,worm-000048_316.npy
4,worm-000048_317.npy
4,worm-000048_319.npy
4,worm-000048_321.npy
4,worm-000048_325.npy
4,worm-000048_328.npy
4,worm-000048_330.npy
4,worm-000048_332.npy
4,worm-000048_333.npy
1,worm-000048_336.npy
4,worm-000048_337.npy
4,worm-000048_338.npy
1,worm-000048_339.npy
1,worm-000048_340.npy
1,worm-000048_341.npy
4,worm-000048_342.npy
1,worm-000048_343.npy
1,worm-000049_000.npy
1,worm-000049_001.npy
2,worm-000049_002.npy
1,worm-000049_003.npy
1,worm-000049_004.npy
1,worm-000049_005.npy
3,worm-000049_006.npy
2,worm-000049_007.npy
2,worm-000049_008.npy
3,worm-000049_009.npy
4,worm-000049_010.npy
1,worm-000049_011.npy
4,worm-000049_012.npy
1,worm-000049_013.npy
5,worm-000049_014.npy
5,worm-000049_015.npy
4,worm-000049_016.npy
1,worm-000049_017.npy
2,worm-000049_018.npy
2,worm-000049_019.npy
1,worm-000049_020.npy
4,worm-000049_021.npy
2,worm-000049_023.npy
0,worm-000049_024.npy
0,worm-000049_025.npy
2,worm-000049_026.npy
2,worm-000049_027.npy
4,worm-000049_028.npy
2,worm-000049_029.npy
4,worm-000049_030.npy
4,worm-000049_031.npy
2,worm-000049_032.npy
4,worm-000049_033.npy
4,worm-000049_034.npy
4,worm-000049_035.npy
4,worm-000049_036.npy
4,worm-000049_037.npy
4,worm-000049_038.npy
3,worm-000049_039.npy
3,worm-000049_040.npy
2,worm-000049_041.npy
4,worm-000049_042.npy
4,worm-000049_043.npy
4,worm-000049_044.npy
4,worm-000049_045.npy
4,worm-000049_046.npy
4,worm-000049_047.npy
4,worm-000049_049.npy
4,worm-000049_051.npy
6,worm-000049_052.npy
4,worm-000049_053.npy
4,worm-000049_054.npy
4,worm-000049_055.npy
4,worm-000049_056.npy
4,worm-000049_057.npy
4,worm-000049_058.npy
4,worm-000049_059.npy
4,worm-000049_060.npy
4,worm-000049_061.npy
4,worm-000049_062.npy
3,worm-000049_063.npy
4,worm-000049_064.npy
4,worm-000049_065.npy
4,worm-000049_066.npy
4,worm-000049_067.npy
2,worm-000049_068.npy
1,worm-000049_069.npy
1,worm-000049_070.npy
4,worm-000049_071.npy
2,worm-000049_072.npy
3,worm-000049_073.npy
1,worm-000049_074.npy
4,worm-000049_075.npy
4,worm-000049_076.npy
2,worm-000049_077.npy
4,worm-000049_078.npy
2,worm-000049_079.npy
4,worm-000049_080.npy
4,worm-000049_081.npy
1,worm-000049_082.npy
5,worm-000049_083.npy
1,worm-000049_084.npy
4,worm-000049_085.npy
4,worm-000049_086.npy
0,worm-000049_087.npy
1,worm-000049_088.npy
4,worm-000049_089.npy
4,worm-000049_090.npy
4,worm-000049_091.npy
4,worm-000049_092.npy
4,worm-000049_093.npy
2,worm-000049_094.npy
5,worm-000049_095.npy
4,worm-000049_096.npy
4,worm-000049_097.npy
3,worm-000049_098.npy
4,worm-000049_099.npy
4,worm-000049_100.npy
4,worm-000049_101.npy
4,worm-000049_102.npy
4,worm-000049_103.npy
4,worm-000049_104.npy
4,worm-000049_105.npy
4,worm-000049_106.npy
4,worm-000049_107.npy
4,worm-000049_108.npy
4,worm-000049_109.npy
4,worm-000049_110.npy
4,worm-000049_112.npy
5,worm-000049_114.npy
4,worm-000049_115.npy
4,worm-000049_117.npy
4,worm-000049_118.npy
4,worm-000049_119.npy
4,worm-000049_121.npy
4,worm-000049_122.npy
5,worm-000049_124.npy
4,worm-000049_125.npy
4,worm-000049_126.npy
2,worm-000049_128.npy
4,worm-000049_129.npy
2,worm-000049_130.npy
1,worm-000049_131.npy
1,worm-000049_132.npy
4,worm-000049_133.npy
1,worm-000049_134.npy
6,worm-000049_135.npy
1,worm-000049_136.npy
1,worm-000049_137.npy
4,worm-000049_138.npy
4,worm-000049_139.npy
4,worm-000049_140.npy
4,worm-000049_141.npy
1,worm-000049_142.npy
1,worm-000049_143.npy
4,worm-000049_144.npy
4,worm-000049_145.npy
2,worm-000049_146.npy
4,worm-000049_147.npy
4,worm-000049_148.npy
4,worm-000049_149.npy
2,worm-000049_150.npy
2,worm-000049_151.npy
4,worm-000049_152.npy
4,worm-000049_153.npy
4,worm-000049_154.npy
4,worm-000049_155.npy
4,worm-000049_156.npy
5,worm-000049_158.npy
6,worm-000049_159.npy
4,worm-000049_160.npy
4,worm-000049_161.npy
4,worm-000049_162.npy
4,worm-000049_163.npy
4,worm-000049_164.npy
4,worm-000049_165.npy
4,worm-000049_166.npy
4,worm-000049_167.npy
4,worm-000049_168.npy
4,worm-000049_169.npy
4,worm-000049_170.npy
4,worm-000049_171.npy
4,worm-000049_172.npy
4,worm-000049_173.npy
4,worm-000049_174.npy
4,worm-000049_175.npy
4,worm-000049_176.npy
4,worm-000049_177.npy
4,worm-000049_178.npy
4,worm-000049_180.npy
4,worm-000049_181.npy
4,worm-000049_183.npy
4,worm-000049_184.npy
4,worm-000049_185.npy
2,worm-000049_186.npy
2,worm-000049_187.npy
1,worm-000049_188.npy
2,worm-000049_189.npy
1,worm-000049_190.npy
1,worm-000049_191.npy
4,worm-000049_192.npy
1,worm-000049_193.npy
1,worm-000049_194.npy
1,worm-000049_195.npy
2,worm-000049_196.npy
1,worm-000049_197.npy
4,worm-000049_198.npy
1,worm-000049_199.npy
4,worm-000049_200.npy
6,worm-000049_201.npy
5,worm-000049_202.npy
4,worm-000049_203.npy
2,worm-000049_204.npy
2,worm-000049_205.npy
4,worm-000049_206.npy
4,worm-000049_207.npy
4,worm-000049_208.npy
4,worm-000049_209.npy
6,worm-000049_210.npy
4,worm-000049_211.npy
4,worm-000049_213.npy
4,worm-000049_214.npy
4,worm-000049_215.npy
4,worm-000049_217.npy
4,worm-000049_218.npy
4,worm-000049_219.npy
4,worm-000049_220.npy
4,worm-000049_221.npy
4,worm-000049_222.npy
4,worm-000049_223.npy
4,worm-000049_225.npy
5,worm-000049_226.npy
4,worm-000049_227.npy
4,worm-000049_229.npy
4,worm-000049_230.npy
4,worm-000049_231.npy
4,worm-000049_232.npy
4,worm-000049_233.npy
4,worm-000049_234.npy
4,worm-000049_235.npy
4,worm-000049_236.npy
4,worm-000049_237.npy
4,worm-000049_238.npy
4,worm-000049_239.npy
4,worm-000049_240.npy
4,worm-000049_242.npy
4,worm-000049_244.npy
4,worm-000049_245.npy
1,worm-000049_246.npy
4,worm-000049_247.npy
4,worm-000049_249.npy
4,worm-000049_250.npy
4,worm-000049_252.npy
4,worm-000049_253.npy
4,worm-000049_254.npy
4,worm-000049_255.npy
4,worm-000049_257.npy
4,worm-000049_260.npy
4,worm-000049_261.npy
4,worm-000049_263.npy
4,worm-000049_264.npy
4,worm-000049_267.npy
4,worm-000049_269.npy
4,worm-000049_270.npy
4,worm-000049_272.npy
4,worm-000049_273.npy
4,worm-000049_274.npy
4,worm-000049_275.npy
4,worm-000049_276.npy
4,worm-000049_277.npy
4,worm-000049_278.npy
4,worm-000049_281.npy
4,worm-000049_283.npy
4,worm-000049_284.npy
1,worm-000049_285.npy
4,worm-000049_286.npy
4,worm-000049_287.npy
4,worm-000049_288.npy
1,worm-000049_290.npy
4,worm-000049_293.npy
4,worm-000049_294.npy
4,worm-000049_297.npy
4,worm-000049_299.npy
4,worm-000049_303.npy
4,worm-000049_304.npy
4,worm-000049_305.npy
4,worm-000049_306.npy
4,worm-000049_307.npy
4,worm-000049_308.npy
2,worm-000050_000.npy
1,worm-000050_001.npy
1,worm-000050_002.npy
1,worm-000050_003.npy
2,worm-000050_004.npy
2,worm-000050_005.npy
1,worm-000050_006.npy
1,worm-000050_007.npy
1,worm-000050_008.npy
1,worm-000050_009.npy
2,worm-000050_010.npy
1,worm-000050_011.npy
1,worm-000050_012.npy
1,worm-000050_013.npy
1,worm-000050_014.npy
2,worm-000050_015.npy
2,worm-000050_016.npy
1,worm-000050_017.npy
1,worm-000050_018.npy
2,worm-000050_019.npy
2,worm-000050_020.npy
2,worm-000050_021.npy
3,worm-000050_022.npy
5,worm-000050_023.npy
1,worm-000050_024.npy
2,worm-000050_025.npy
1,worm-000050_026.npy
2,worm-000050_027.npy
2,worm-000050_028.npy
1,worm-000050_029.npy
1,worm-000050_030.npy
1,worm-000050_031.npy
1,worm-000050_032.npy
6,worm-000050_033.npy
1,worm-000050_034.npy
1,worm-000050_035.npy
1,worm-000050_036.npy
1,worm-000050_037.npy
1,worm-000050_038.npy
1,worm-000050_039.npy
1,worm-000050_040.npy
1,worm-000050_041.npy
1,worm-000050_042.npy
1,worm-000050_043.npy
1,worm-000050_044.npy
1,worm-000050_045.npy
1,worm-000050_046.npy
1,worm-000050_047.npy
1,worm-000050_048.npy
1,worm-000050_049.npy
1,worm-000050_050.npy
2,worm-000050_051.npy
1,worm-000050_052.npy
1,worm-000050_053.npy
2,worm-000050_054.npy
1,worm-000050_055.npy
6,worm-000050_057.npy
5,worm-000050_058.npy
1,worm-000050_059.npy
1,worm-000050_060.npy
1,worm-000050_061.npy
1,worm-000050_062.npy
1,worm-000050_063.npy
1,worm-000050_064.npy
1,worm-000050_065.npy
1,worm-000050_066.npy
1,worm-000050_067.npy
1,worm-000050_069.npy
1,worm-000050_070.npy
6,worm-000050_071.npy
1,worm-000050_072.npy
1,worm-000050_073.npy
1,worm-000050_074.npy
1,worm-000050_075.npy
1,worm-000050_076.npy
1,worm-000050_077.npy
1,worm-000050_078.npy
1,worm-000050_079.npy
1,worm-000050_080.npy
2,worm-000050_081.npy
4,worm-000050_082.npy
1,worm-000050_083.npy
0,worm-000050_084.npy
2,worm-000050_085.npy
0,worm-000050_086.npy
1,worm-000050_087.npy
1,worm-000050_088.npy
1,worm-000050_089.npy
1,worm-000050_090.npy
1,worm-000050_091.npy
1,worm-000050_092.npy
1,worm-000050_093.npy
1,worm-000050_094.npy
1,worm-000050_095.npy
1,worm-000050_096.npy
1,worm-000050_097.npy
1,worm-000050_098.npy
1,worm-000050_099.npy
1,worm-000050_101.npy
0,worm-000050_102.npy
5,worm-000050_103.npy
1,worm-000050_104.npy
0,worm-000050_105.npy
5,worm-000050_107.npy
1,worm-000050_108.npy
1,worm-000050_109.npy
1,worm-000050_110.npy
5,worm-000050_111.npy
1,worm-000050_112.npy
1,worm-000050_113.npy
1,worm-000050_114.npy
1,worm-000050_115.npy
1,worm-000050_116.npy
1,worm-000050_117.npy
1,worm-000050_118.npy
0,worm-000050_119.npy
1,worm-000050_120.npy
1,worm-000050_121.npy
1,worm-000050_122.npy
1,worm-000050_123.npy
1,worm-000050_124.npy
0,worm-000050_125.npy
1,worm-000050_126.npy
0,worm-000050_127.npy
1,worm-000050_128.npy
0,worm-000050_129.npy
0,worm-000050_131.npy
1,worm-000050_132.npy
1,worm-000050_133.npy
1,worm-000050_134.npy
1,worm-000050_135.npy
1,worm-000050_136.npy
3,worm-000050_137.npy
0,worm-000050_138.npy
2,worm-000050_139.npy
0,worm-000050_140.npy
0,worm-000050_141.npy
1,worm-000050_142.npy
2,worm-000050_143.npy
0,worm-000050_144.npy
5,worm-000050_145.npy
5,worm-000050_146.npy
5,worm-000050_147.npy
1,worm-000050_148.npy
1,worm-000050_149.npy
0,worm-000050_150.npy
1,worm-000050_151.npy
4,worm-000050_152.npy
3,worm-000050_153.npy
5,worm-000050_154.npy
4,worm-000050_158.npy
4,worm-000050_159.npy
4,worm-000050_160.npy
5,worm-000050_161.npy
4,worm-000050_162.npy
4,worm-000050_163.npy
4,worm-000050_164.npy
4,worm-000050_165.npy
4,worm-000050_166.npy
4,worm-000050_168.npy
4,worm-000050_169.npy
4,worm-000050_170.npy
4,worm-000050_171.npy
1,worm-000050_172.npy
3,worm-000050_173.npy
1,worm-000050_174.npy
1,worm-000050_175.npy
1,worm-000050_176.npy
1,worm-000050_177.npy
1,worm-000050_178.npy
1,worm-000050_179.npy
1,worm-000050_180.npy
1,worm-000050_181.npy
2,worm-000050_182.npy
1,worm-000050_183.npy
1,worm-000050_185.npy
1,worm-000050_186.npy
1,worm-000050_187.npy
1,worm-000050_188.npy
1,worm-000050_191.npy
1,worm-000050_192.npy
1,worm-000050_193.npy
1,worm-000050_194.npy
5,worm-000050_195.npy
1,worm-000050_196.npy
5,worm-000050_197.npy
1,worm-000050_198.npy
1,worm-000050_199.npy
2,worm-000050_200.npy
1,worm-000050_201.npy
1,worm-000050_202.npy
1,worm-000050_203.npy
1,worm-000050_204.npy
1,worm-000050_205.npy
1,worm-000050_206.npy
1,worm-000050_207.npy
1,worm-000050_208.npy
1,worm-000050_209.npy
1,worm-000050_211.npy
1,worm-000050_212.npy
1,worm-000050_213.npy
1,worm-000050_214.npy
1,worm-000050_215.npy
1,worm-000050_216.npy
1,worm-000050_217.npy
1,worm-000050_218.npy
1,worm-000050_219.npy
1,worm-000050_220.npy
1,worm-000050_223.npy
1,worm-000050_224.npy
1,worm-000050_225.npy
1,worm-000050_226.npy
0,worm-000050_227.npy
1,worm-000050_228.npy
1,worm-000050_229.npy
1,worm-000050_230.npy
0,worm-000050_231.npy
1,worm-000050_232.npy
1,worm-000050_234.npy
1,worm-000050_235.npy
1,worm-000050_237.npy
1,worm-000050_239.npy
1,worm-000050_240.npy
5,worm-000050_241.npy
5,worm-000050_242.npy
0,worm-000050_243.npy
1,worm-000050_244.npy
1,worm-000050_245.npy
1,worm-000050_246.npy
5,worm-000050_247.npy
1,worm-000050_248.npy
1,worm-000050_249.npy
5,worm-000050_250.npy
4,worm-000050_251.npy
5,worm-000050_252.npy
1,worm-000050_255.npy
1,worm-000050_256.npy
4,worm-000050_258.npy
4,worm-000050_260.npy
4,worm-000050_261.npy
1,worm-000050_262.npy
1,worm-000050_263.npy
1,worm-000050_264.npy
1,worm-000050_265.npy
1,worm-000050_266.npy
1,worm-000050_267.npy
1,worm-000050_268.npy
1,worm-000050_269.npy
1,worm-000050_272.npy
1,worm-000050_273.npy
1,worm-000050_274.npy
1,worm-000050_275.npy
1,worm-000050_276.npy
1,worm-000050_277.npy
1,worm-000050_278.npy
2,worm-000050_279.npy
1,worm-000050_280.npy
1,worm-000050_281.npy
1,worm-000050_282.npy
1,worm-000050_283.npy
2,worm-000050_284.npy
1,worm-000050_285.npy
1,worm-000050_286.npy
1,worm-000050_287.npy
1,worm-000050_288.npy
1,worm-000050_289.npy
1,worm-000050_290.npy
1,worm-000050_291.npy
1,worm-000050_292.npy
1,worm-000050_293.npy
2,worm-000050_294.npy
1,worm-000050_296.npy
1,worm-000050_297.npy
1,worm-000050_298.npy
1,worm-000050_299.npy
1,worm-000050_300.npy
1,worm-000050_301.npy
1,worm-000050_302.npy
1,worm-000050_303.npy
2,worm-000050_304.npy
1,worm-000050_305.npy
1,worm-000050_306.npy
1,worm-000050_307.npy
1,worm-000050_308.npy
1,worm-000050_309.npy
0,worm-000050_310.npy
1,worm-000050_311.npy
1,worm-000050_312.npy
0,worm-000050_313.npy
1,worm-000050_314.npy
1,worm-000050_315.npy
2,worm-000050_316.npy
2,worm-000050_317.npy
1,worm-000050_318.npy
1,worm-000050_319.npy
1,worm-000050_320.npy
1,worm-000050_321.npy
5,worm-000050_322.npy
0,worm-000050_323.npy
1,worm-000050_324.npy
5,worm-000050_325.npy
1,worm-000050_326.npy
1,worm-000050_327.npy
1,worm-000050_328.npy
0,worm-000050_329.npy
5,worm-000050_330.npy
5,worm-000050_331.npy
5,worm-000050_332.npy
4,worm-000050_333.npy
1,worm-000050_334.npy
4,worm-000050_335.npy
5,worm-000050_336.npy
1,worm-000050_338.npy
1,worm-000050_339.npy
1,worm-000050_340.npy
1,worm-000050_341.npy
1,worm-000050_342.npy
1,worm-000050_343.npy
1,worm-000050_344.npy
1,worm-000050_345.npy
5,worm-000050_346.npy
1,worm-000050_347.npy
1,worm-000050_348.npy
1,worm-000050_349.npy
0,worm-000050_350.npy
2,worm-000050_351.npy
1,worm-000050_352.npy
1,worm-000050_353.npy
1,worm-000050_354.npy
0,worm-000050_355.npy
2,worm-000050_356.npy
0,worm-000050_357.npy
5,worm-000050_358.npy
1,worm-000050_359.npy
6,worm-000050_360.npy
4,worm-000050_361.npy
4,worm-000050_362.npy
4,worm-000050_363.npy
1,worm-000050_364.npy
1,worm-000050_365.npy
1,worm-000050_366.npy
1,worm-000050_367.npy
1,worm-000050_368.npy
1,worm-000050_370.npy
0,worm-000050_371.npy
0,worm-000050_373.npy
1,worm-000050_374.npy
4,worm-000050_376.npy
4,worm-000050_377.npy
5,worm-000050_378.npy
4,worm-000050_381.npy
0,worm-000050_382.npy
4,worm-000050_384.npy
1,worm-000050_386.npy
2,worm-000050_387.npy
5,worm-000050_389.npy
1,worm-000050_390.npy
5,worm-000050_393.npy
4,worm-000050_394.npy
4,worm-000050_395.npy
5,worm-000050_397.npy
4,worm-000050_400.npy
5,worm-000050_405.npy
4,worm-000050_408.npy
4,worm-000050_411.npy
0,worm-000050_415.npy
4,worm-000050_416.npy
4,worm-000050_417.npy
4,worm-000050_418.npy
5,worm-000050_421.npy
5,worm-000050_424.npy
4,worm-000050_425.npy
4,worm-000050_426.npy
4,worm-000050_427.npy
4,worm-000050_430.npy
5,worm-000050_431.npy
4,worm-000050_436.npy
1,worm-000050_437.npy
1,worm-000050_438.npy
1,worm-000050_439.npy
0,worm-000050_440.npy
1,worm-000050_441.npy
1,worm-000050_442.npy
0,worm-000050_443.npy
1,worm-000050_444.npy
1,worm-000050_445.npy
1,worm-000051_000.npy
1,worm-000051_001.npy
1,worm-000051_002.npy
2,worm-000051_003.npy
1,worm-000051_004.npy
1,worm-000051_005.npy
3,worm-000051_006.npy
1,worm-000051_007.npy
1,worm-000051_008.npy
1,worm-000051_009.npy
1,worm-000051_010.npy
1,worm-000051_011.npy
1,worm-000051_012.npy
1,worm-000051_013.npy
1,worm-000051_014.npy
2,worm-000051_017.npy
1,worm-000051_018.npy
1,worm-000051_019.npy
1,worm-000051_020.npy
1,worm-000051_021.npy
1,worm-000051_022.npy
1,worm-000051_024.npy
1,worm-000051_025.npy
1,worm-000051_026.npy
1,worm-000051_027.npy
2,worm-000051_028.npy
1,worm-000051_029.npy
1,worm-000051_030.npy
1,worm-000051_031.npy
2,worm-000051_032.npy
1,worm-000051_033.npy
2,worm-000051_034.npy
1,worm-000051_035.npy
1,worm-000051_036.npy
1,worm-000051_037.npy
1,worm-000051_038.npy
1,worm-000051_039.npy
5,worm-000051_040.npy
2,worm-000051_041.npy
2,worm-000051_042.npy
1,worm-000051_043.npy
1,worm-000051_044.npy
2,worm-000051_045.npy
1,worm-000051_046.npy
1,worm-000051_047.npy
2,worm-000051_048.npy
1,worm-000051_049.npy
1,worm-000051_050.npy
1,worm-000051_051.npy
1,worm-000051_052.npy
2,worm-000051_053.npy
2,worm-000051_054.npy
2,worm-000051_055.npy
1,worm-000051_056.npy
1,worm-000051_057.npy
3,worm-000051_058.npy
1,worm-000051_059.npy
1,worm-000051_060.npy
1,worm-000051_061.npy
1,worm-000051_062.npy
2,worm-000051_063.npy
2,worm-000051_064.npy
2,worm-000051_065.npy
1,worm-000051_066.npy
1,worm-000051_067.npy
2,worm-000051_068.npy
2,worm-000051_069.npy
1,worm-000051_070.npy
2,worm-000051_071.npy
1,worm-000051_072.npy
1,worm-000051_073.npy
2,worm-000051_074.npy
2,worm-000051_075.npy
2,worm-000051_076.npy
1,worm-000051_077.npy
1,worm-000051_078.npy
2,worm-000051_079.npy
4,worm-000051_080.npy
6,worm-000051_081.npy
0,worm-000051_082.npy
1,worm-000051_083.npy
2,worm-000051_084.npy
6,worm-000051_085.npy
1,worm-000051_086.npy
1,worm-000051_087.npy
4,worm-000051_088.npy
1,worm-000051_089.npy
1,worm-000051_091.npy
4,worm-000051_092.npy
0,worm-000051_093.npy
2,worm-000051_094.npy
4,worm-000051_095.npy
4,worm-000051_096.npy
4,worm-000051_097.npy
1,worm-000051_098.npy
0,worm-000051_099.npy
4,worm-000051_101.npy
1,worm-000051_102.npy
2,worm-000051_103.npy
4,worm-000051_104.npy
2,worm-000051_105.npy
4,worm-000051_106.npy
4,worm-000051_107.npy
1,worm-000051_108.npy
4,worm-000051_109.npy
4,worm-000051_111.npy
1,worm-000051_113.npy
2,worm-000051_114.npy
4,worm-000051_116.npy
4,worm-000051_117.npy
2,worm-000051_119.npy
4,worm-000051_120.npy
4,worm-000051_121.npy
2,worm-000051_122.npy
4,worm-000051_123.npy
4,worm-000051_124.npy
4,worm-000051_125.npy
4,worm-000051_126.npy
4,worm-000051_130.npy
4,worm-000051_131.npy
1,worm-000051_132.npy
2,worm-000051_133.npy
2,worm-000051_134.npy
1,worm-000051_135.npy
2,worm-000051_136.npy
1,worm-000051_137.npy
2,worm-000051_138.npy
2,worm-000051_139.npy
1,worm-000051_140.npy
1,worm-000051_141.npy
1,worm-000051_142.npy
2,worm-000051_143.npy
1,worm-000051_144.npy
1,worm-000051_145.npy
1,worm-000051_146.npy
1,worm-000051_147.npy
1,worm-000051_148.npy
2,worm-000051_149.npy
1,worm-000051_150.npy
2,worm-000051_151.npy
1,worm-000051_152.npy
2,worm-000051_153.npy
1,worm-000051_154.npy
1,worm-000051_155.npy
2,worm-000051_156.npy
2,worm-000051_157.npy
1,worm-000051_158.npy
1,worm-000051_159.npy
1,worm-000051_160.npy
4,worm-000051_161.npy
1,worm-000051_162.npy
5,worm-000051_163.npy
1,worm-000051_164.npy
1,worm-000051_165.npy
1,worm-000051_166.npy
1,worm-000051_167.npy
1,worm-000051_168.npy
2,worm-000051_169.npy
2,worm-000051_170.npy
1,worm-000051_171.npy
1,worm-000051_172.npy
6,worm-000051_173.npy
1,worm-000051_175.npy
4,worm-000051_176.npy
4,worm-000051_177.npy
4,worm-000051_178.npy
4,worm-000051_179.npy
4,worm-000051_180.npy
4,worm-000051_181.npy
4,worm-000051_182.npy
4,worm-000051_183.npy
2,worm-000051_186.npy
4,worm-000051_188.npy
4,worm-000051_189.npy
3,worm-000051_190.npy
4,worm-000051_191.npy
2,worm-000051_192.npy
4,worm-000051_195.npy
4,worm-000051_198.npy
4,worm-000051_199.npy
4,worm-000051_200.npy
1,worm-000051_201.npy
1,worm-000051_202.npy
2,worm-000051_204.npy
1,worm-000051_205.npy
1,worm-000051_206.npy
1,worm-000051_207.npy
1,worm-000051_208.npy
1,worm-000051_209.npy
1,worm-000051_211.npy
1,worm-000051_212.npy
1,worm-000051_213.npy
1,worm-000051_214.npy
1,worm-000051_215.npy
1,worm-000051_216.npy
1,worm-000051_217.npy
1,worm-000051_218.npy
4,worm-000051_219.npy
1,worm-000051_220.npy
1,worm-000051_221.npy
1,worm-000051_222.npy
2,worm-000051_223.npy
2,worm-000051_225.npy
1,worm-000051_226.npy
3,worm-000051_227.npy
1,worm-000051_228.npy
1,worm-000051_229.npy
1,worm-000051_230.npy
0,worm-000051_231.npy
4,worm-000051_232.npy
2,worm-000051_233.npy
2,worm-000051_234.npy
4,worm-000051_235.npy
1,worm-000051_236.npy
1,worm-000051_237.npy
0,worm-000051_238.npy
1,worm-000051_239.npy
1,worm-000051_240.npy
1,worm-000051_241.npy
5,worm-000051_242.npy
4,worm-000051_243.npy
2,worm-000051_244.npy
3,worm-000051_247.npy
5,worm-000051_248.npy
4,worm-000051_249.npy
4,worm-000051_250.npy
1,worm-000051_251.npy
1,worm-000051_252.npy
3,worm-000051_253.npy
4,worm-000051_255.npy
4,worm-000051_256.npy
4,worm-000051_257.npy
4,worm-000051_260.npy
4,worm-000051_261.npy
2,worm-000051_262.npy
4,worm-000051_263.npy
4,worm-000051_264.npy
4,worm-000051_265.npy
1,worm-000051_267.npy
1,worm-000051_268.npy
1,worm-000051_269.npy
1,worm-000051_270.npy
1,worm-000051_271.npy
1,worm-000051_272.npy
1,worm-000051_273.npy
2,worm-000051_274.npy
1,worm-000051_275.npy
0,worm-000051_276.npy
6,worm-000051_277.npy
1,worm-000051_278.npy
1,worm-000051_279.npy
2,worm-000051_280.npy
1,worm-000051_281.npy
2,worm-000051_282.npy
4,worm-000051_283.npy
2,worm-000051_284.npy
4,worm-000051_285.npy
1,worm-000051_286.npy
2,worm-000051_287.npy
3,worm-000051_288.npy
4,worm-000051_289.npy
4,worm-000051_291.npy
4,worm-000051_292.npy
4,worm-000051_293.npy
1,worm-000051_294.npy
4,worm-000051_295.npy
4,worm-000051_296.npy
1,worm-000051_297.npy
4,worm-000051_299.npy
4,worm-000051_300.npy
4,worm-000051_301.npy
4,worm-000051_302.npy
4,worm-000051_303.npy
4,worm-000051_304.npy
4,worm-000051_305.npy
4,worm-000051_306.npy
4,worm-000051_307.npy
1,worm-000051_309.npy
1,worm-000051_310.npy
4,worm-000051_313.npy
2,worm-000051_314.npy
4,worm-000051_315.npy
4,worm-000051_317.npy
1,worm-000051_319.npy
4,worm-000051_320.npy
5,worm-000051_321.npy
2,worm-000051_322.npy
4,worm-000051_324.npy
4,worm-000051_325.npy
4,worm-000051_326.npy
4,worm-000051_328.npy
4,worm-000051_330.npy
4,worm-000051_331.npy
5,worm-000051_334.npy
4,worm-000051_335.npy
4,worm-000051_337.npy
4,worm-000051_339.npy
4,worm-000051_340.npy
5,worm-000051_341.npy
4,worm-000051_343.npy
5,worm-000051_344.npy
4,worm-000051_346.npy
4,worm-000051_347.npy
4,worm-000051_348.npy
4,worm-000051_349.npy
4,worm-000051_352.npy
4,worm-000051_354.npy
4,worm-000051_356.npy
4,worm-000051_357.npy
4,worm-000051_358.npy
4,worm-000051_360.npy
4,worm-000051_361.npy
5,worm-000051_363.npy
4,worm-000051_364.npy
4,worm-000051_365.npy
5,worm-000051_366.npy
3,worm-000051_367.npy
4,worm-000051_369.npy
4,worm-000051_370.npy
4,worm-000051_371.npy
1,worm-000051_372.npy
1,worm-000051_373.npy
4,worm-000051_374.npy
4,worm-000051_375.npy
4,worm-000051_376.npy
4,worm-000051_377.npy
1,worm-000051_378.npy
1,worm-000052_000.npy
1,worm-000052_001.npy
1,worm-000052_002.npy
1,worm-000052_003.npy
1,worm-000052_004.npy
1,worm-000052_005.npy
1,worm-000052_006.npy
5,worm-000052_007.npy
1,worm-000052_008.npy
1,worm-000052_009.npy
1,worm-000052_010.npy
1,worm-000052_011.npy
1,worm-000052_012.npy
1,worm-000052_013.npy
1,worm-000052_014.npy
1,worm-000052_015.npy
2,worm-000052_016.npy
1,worm-000052_017.npy
2,worm-000052_018.npy
2,worm-000052_019.npy
1,worm-000052_020.npy
1,worm-000052_021.npy
1,worm-000052_022.npy
0,worm-000052_023.npy
1,worm-000052_024.npy
0,worm-000052_025.npy
2,worm-000052_026.npy
1,worm-000052_027.npy
1,worm-000052_028.npy
5,worm-000052_029.npy
1,worm-000052_031.npy
1,worm-000052_032.npy
1,worm-000052_034.npy
6,worm-000052_035.npy
6,worm-000052_036.npy
2,worm-000052_038.npy
2,worm-000052_039.npy
0,worm-000052_040.npy
1,worm-000052_041.npy
1,worm-000052_042.npy
4,worm-000052_043.npy
2,worm-000052_044.npy
1,worm-000052_045.npy
4,worm-000052_047.npy
1,worm-000052_048.npy
2,worm-000052_049.npy
1,worm-000052_050.npy
5,worm-000052_051.npy
2,worm-000052_052.npy
4,worm-000052_053.npy
4,worm-000052_054.npy
1,worm-000052_055.npy
0,worm-000052_056.npy
2,worm-000052_057.npy
1,worm-000052_058.npy
4,worm-000052_059.npy
3,worm-000052_060.npy
0,worm-000052_061.npy
2,worm-000052_062.npy
0,worm-000052_063.npy
4,worm-000052_064.npy
1,worm-000052_065.npy
1,worm-000052_066.npy
4,worm-000052_067.npy
4,worm-000052_068.npy
0,worm-000052_069.npy
1,worm-000052_070.npy
1,worm-000052_072.npy
4,worm-000052_073.npy
4,worm-000052_074.npy
4,worm-000052_075.npy
4,worm-000052_076.npy
4,worm-000052_077.npy
2,worm-000052_078.npy
1,worm-000052_080.npy
1,worm-000052_081.npy
1,worm-000052_082.npy
4,worm-000052_083.npy
3,worm-000052_084.npy
4,worm-000052_085.npy
4,worm-000052_087.npy
4,worm-000052_088.npy
4,worm-000052_089.npy
4,worm-000052_090.npy
5,worm-000052_091.npy
4,worm-000052_092.npy
5,worm-000052_093.npy
5,worm-000052_094.npy
4,worm-000052_096.npy
4,worm-000052_097.npy
4,worm-000052_098.npy
4,worm-000052_099.npy
4,worm-000052_100.npy
5,worm-000052_101.npy
4,worm-000052_102.npy
1,worm-000052_103.npy
1,worm-000052_104.npy
2,worm-000052_105.npy
1,worm-000052_106.npy
2,worm-000052_107.npy
1,worm-000052_108.npy
1,worm-000052_109.npy
1,worm-000052_110.npy
2,worm-000052_111.npy
1,worm-000052_112.npy
1,worm-000052_113.npy
1,worm-000052_114.npy
1,worm-000052_115.npy
1,worm-000052_116.npy
1,worm-000052_117.npy
1,worm-000052_118.npy
1,worm-000052_119.npy
1,worm-000052_120.npy
1,worm-000052_121.npy
1,worm-000052_122.npy
1,worm-000052_123.npy
1,worm-000052_124.npy
1,worm-000052_125.npy
1,worm-000052_126.npy
1,worm-000052_127.npy
0,worm-000052_128.npy
6,worm-000052_129.npy
2,worm-000052_131.npy
2,worm-000052_132.npy
6,worm-000052_133.npy
4,worm-000052_134.npy
4,worm-000052_135.npy
4,worm-000052_136.npy
4,worm-000052_137.npy
1,worm-000052_138.npy
3,worm-000052_139.npy
4,worm-000044_319.npy
4,worm-000045_462.npy
4,worm-000045_463.npy
1,worm-000046_286.npy
1,worm-000052_140.npy
1,worm-000052_141.npy
1,worm-000052_142.npy
1,worm-000052_143.npy
4,worm-000052_144.npy
4,worm-000052_145.npy
1,worm-000052_146.npy
4,worm-000052_147.npy
4,worm-000052_148.npy
4,worm-000052_149.npy
4,worm-000052_150.npy
4,worm-000052_151.npy
4,worm-000052_152.npy
4,worm-000052_153.npy
4,worm-000052_155.npy
3,worm-000052_156.npy
4,worm-000052_159.npy
1,worm-000052_160.npy
2,worm-000052_161.npy
1,worm-000052_162.npy
0,worm-000052_163.npy
1,worm-000052_164.npy
1,worm-000052_165.npy
1,worm-000052_166.npy
1,worm-000052_167.npy
1,worm-000052_168.npy
1,worm-000052_169.npy
1,worm-000052_170.npy
1,worm-000052_171.npy
1,worm-000052_172.npy
1,worm-000052_173.npy
1,worm-000052_174.npy
1,worm-000052_175.npy
1,worm-000052_176.npy
1,worm-000052_177.npy
1,worm-000052_178.npy
1,worm-000052_179.npy
1,worm-000052_180.npy
1,worm-000052_181.npy
1,worm-000052_182.npy
1,worm-000052_183.npy
1,worm-000052_184.npy
2,worm-000052_185.npy
3,worm-000052_186.npy
1,worm-000052_187.npy
1,worm-000052_188.npy
1,worm-000052_189.npy
0,worm-000052_190.npy
2,worm-000052_191.npy
1,worm-000052_193.npy
2,worm-000052_194.npy
0,worm-000052_195.npy
4,worm-000052_196.npy
0,worm-000052_197.npy
1,worm-000052_198.npy
4,worm-000052_199.npy
0,worm-000052_200.npy
1,worm-000052_203.npy
1,worm-000052_204.npy
3,worm-000052_205.npy
0,worm-000052_206.npy
0,worm-000052_207.npy
0,worm-000052_208.npy
1,worm-000052_209.npy
1,worm-000052_210.npy
4,worm-000052_211.npy
4,worm-000052_212.npy
1,worm-000052_213.npy
4,worm-000052_214.npy
0,worm-000052_215.npy
4,worm-000052_216.npy
4,worm-000052_218.npy
4,worm-000052_219.npy
4,worm-000052_220.npy
4,worm-000052_221.npy
1,worm-000052_222.npy
3,worm-000052_224.npy
4,worm-000052_225.npy
4,worm-000052_226.npy
4,worm-000052_227.npy
4,worm-000052_228.npy
4,worm-000052_229.npy
4,worm-000052_230.npy
5,worm-000052_231.npy
1,worm-000052_232.npy
4,worm-000052_234.npy
1,worm-000052_235.npy
0,worm-000052_236.npy
4,worm-000052_237.npy
4,worm-000052_238.npy
1,worm-000052_241.npy
1,worm-000052_242.npy
1,worm-000052_243.npy
1,worm-000052_244.npy
1,worm-000052_245.npy
1,worm-000052_246.npy
1,worm-000052_247.npy
1,worm-000052_249.npy
1,worm-000052_250.npy
1,worm-000052_251.npy
1,worm-000052_252.npy
1,worm-000052_253.npy
2,worm-000052_254.npy
2,worm-000052_255.npy
1,worm-000052_256.npy
0,worm-000052_257.npy
5,worm-000052_258.npy
0,worm-000052_259.npy
5,worm-000052_260.npy
4,worm-000052_261.npy
1,worm-000052_262.npy
5,worm-000052_264.npy
4,worm-000052_265.npy
1,worm-000052_266.npy
3,worm-000052_268.npy
4,worm-000052_269.npy
4,worm-000052_271.npy
4,worm-000052_272.npy
4,worm-000052_274.npy
4,worm-000052_275.npy
4,worm-000052_279.npy
4,worm-000052_280.npy
4,worm-000052_281.npy
4,worm-000052_284.npy
3,worm-000052_285.npy
4,worm-000052_288.npy
4,worm-000052_291.npy
4,worm-000052_292.npy
4,worm-000052_293.npy
4,worm-000052_294.npy
4,worm-000052_295.npy
4,worm-000052_296.npy
4,worm-000052_299.npy
1,worm-000052_303.npy
4,worm-000052_307.npy
4,worm-000052_308.npy
4,worm-000052_309.npy
4,worm-000052_312.npy
4,worm-000052_313.npy
4,worm-000052_314.npy
4,worm-000052_315.npy
5,worm-000052_316.npy
4,worm-000052_317.npy
4,worm-000052_318.npy
1,worm-000053_000.npy
2,worm-000053_001.npy
1,worm-000053_002.npy
1,worm-000053_003.npy
2,worm-000053_004.npy
1,worm-000053_005.npy
2,worm-000053_006.npy
2,worm-000053_007.npy
2,worm-000053_008.npy
2,worm-000053_009.npy
2,worm-000053_010.npy
2,worm-000053_011.npy
2,worm-000053_012.npy
4,worm-000053_013.npy
2,worm-000053_014.npy
2,worm-000053_015.npy
2,worm-000053_016.npy
2,worm-000053_017.npy
2,worm-000053_018.npy
2,worm-000053_019.npy
1,worm-000053_020.npy
2,worm-000053_021.npy
4,worm-000053_022.npy
4,worm-000053_023.npy
1,worm-000053_024.npy
1,worm-000053_025.npy
4,worm-000053_026.npy
1,worm-000053_027.npy
1,worm-000053_028.npy
4,worm-000053_030.npy
1,worm-000053_031.npy
1,worm-000053_032.npy
4,worm-000053_033.npy
0,worm-000053_034.npy
2,worm-000053_035.npy
4,worm-000053_036.npy
4,worm-000053_037.npy
1,worm-000053_038.npy
4,worm-000053_039.npy
1,worm-000053_040.npy
3,worm-000053_041.npy
4,worm-000053_042.npy
4,worm-000053_043.npy
2,worm-000053_044.npy
4,worm-000053_045.npy
4,worm-000053_046.npy
4,worm-000053_047.npy
5,worm-000053_048.npy
4,worm-000053_049.npy
4,worm-000053_050.npy
1,worm-000053_051.npy
4,worm-000053_052.npy
4,worm-000053_053.npy
4,worm-000053_054.npy
4,worm-000053_055.npy
4,worm-000053_056.npy
4,worm-000053_057.npy
4,worm-000053_058.npy
4,worm-000053_059.npy
4,worm-000053_060.npy
4,worm-000053_061.npy
4,worm-000053_062.npy
4,worm-000053_063.npy
2,worm-000053_064.npy
4,worm-000053_066.npy
4,worm-000053_067.npy
4,worm-000053_068.npy
3,worm-000053_069.npy
4,worm-000053_070.npy
4,worm-000053_071.npy
1,worm-000053_072.npy
4,worm-000053_073.npy
4,worm-000053_077.npy
4,worm-000053_078.npy
4,worm-000053_080.npy
4,worm-000053_081.npy
4,worm-000053_082.npy
4,worm-000053_083.npy
4,worm-000053_084.npy
4,worm-000053_085.npy
4,worm-000053_086.npy
4,worm-000053_087.npy
4,worm-000053_088.npy
4,worm-000053_089.npy
5,worm-000053_090.npy
4,worm-000053_091.npy
5,worm-000053_092.npy
4,worm-000053_093.npy
1,worm-000053_094.npy
1,worm-000053_095.npy
2,worm-000053_096.npy
2,worm-000053_097.npy
1,worm-000053_098.npy
2,worm-000053_099.npy
1,worm-000053_100.npy
4,worm-000053_101.npy
4,worm-000053_102.npy
2,worm-000053_103.npy
1,worm-000053_104.npy
1,worm-000053_105.npy
2,worm-000053_106.npy
1,worm-000053_107.npy
1,worm-000053_108.npy
1,worm-000053_109.npy
1,worm-000053_110.npy
1,worm-000053_111.npy
1,worm-000053_112.npy
1,worm-000053_113.npy
1,worm-000053_114.npy
2,worm-000053_115.npy
4,worm-000053_116.npy
4,worm-000053_117.npy
1,worm-000053_118.npy
4,worm-000053_119.npy
4,worm-000053_120.npy
4,worm-000053_121.npy
4,worm-000053_122.npy
4,worm-000053_123.npy
4,worm-000053_124.npy
2,worm-000053_125.npy
4,worm-000053_126.npy
4,worm-000053_127.npy
4,worm-000053_128.npy
0,worm-000053_129.npy
0,worm-000053_130.npy
4,worm-000053_131.npy
1,worm-000053_132.npy
4,worm-000053_133.npy
4,worm-000053_134.npy
4,worm-000053_135.npy
4,worm-000053_136.npy
4,worm-000053_137.npy
1,worm-000053_138.npy
4,worm-000053_139.npy
1,worm-000053_140.npy
4,worm-000053_141.npy
4,worm-000053_142.npy
4,worm-000053_143.npy
4,worm-000053_144.npy
4,worm-000053_145.npy
0,worm-000053_146.npy
4,worm-000053_147.npy
4,worm-000053_148.npy
4,worm-000053_149.npy
4,worm-000053_150.npy
4,worm-000053_152.npy
4,worm-000053_153.npy
4,worm-000053_154.npy
0,worm-000053_155.npy
4,worm-000053_156.npy
4,worm-000053_158.npy
4,worm-000053_159.npy
4,worm-000053_160.npy
4,worm-000053_161.npy
4,worm-000053_162.npy
4,worm-000053_163.npy
4,worm-000053_164.npy
4,worm-000053_165.npy
4,worm-000053_166.npy
4,worm-000053_167.npy
4,worm-000053_169.npy
4,worm-000053_170.npy
4,worm-000053_171.npy
4,worm-000053_172.npy
4,worm-000053_173.npy
4,worm-000053_175.npy
4,worm-000053_176.npy
4,worm-000053_177.npy
4,worm-000053_178.npy
4,worm-000053_180.npy
4,worm-000053_181.npy
4,worm-000053_182.npy
4,worm-000053_183.npy
4,worm-000053_185.npy
4,worm-000053_186.npy
4,worm-000053_187.npy
4,worm-000053_188.npy
1,worm-000053_189.npy
1,worm-000053_190.npy
3,worm-000053_191.npy
4,worm-000053_192.npy
4,worm-000053_193.npy
1,worm-000053_194.npy
4,worm-000053_195.npy
1,worm-000053_196.npy
0,worm-000053_197.npy
4,worm-000053_198.npy
4,worm-000053_199.npy
4,worm-000053_200.npy
3,worm-000053_202.npy
2,worm-000053_203.npy
4,worm-000053_204.npy
0,worm-000053_205.npy
0,worm-000053_206.npy
4,worm-000053_207.npy
4,worm-000053_208.npy
4,worm-000053_209.npy
4,worm-000053_210.npy
4,worm-000053_211.npy
4,worm-000053_213.npy
4,worm-000053_214.npy
4,worm-000053_215.npy
4,worm-000053_216.npy
4,worm-000053_217.npy
4,worm-000053_218.npy
4,worm-000053_219.npy
4,worm-000053_220.npy
1,worm-000053_221.npy
2,worm-000053_222.npy
1,worm-000053_223.npy
4,worm-000053_224.npy
1,worm-000053_225.npy
2,worm-000053_226.npy
1,worm-000053_227.npy
2,worm-000053_228.npy
4,worm-000053_229.npy
4,worm-000053_230.npy
4,worm-000053_231.npy
4,worm-000053_232.npy
4,worm-000053_233.npy
4,worm-000053_234.npy
4,worm-000053_235.npy
4,worm-000053_236.npy
4,worm-000053_237.npy
4,worm-000053_238.npy
2,worm-000053_239.npy
4,worm-000053_240.npy
4,worm-000053_241.npy
4,worm-000053_243.npy
4,worm-000053_244.npy
4,worm-000053_246.npy
0,worm-000053_247.npy
4,worm-000053_249.npy
4,worm-000053_250.npy
4,worm-000053_251.npy
4,worm-000053_252.npy
2,worm-000053_253.npy
4,worm-000053_254.npy
4,worm-000053_255.npy
4,worm-000053_258.npy
4,worm-000053_259.npy
4,worm-000053_260.npy
4,worm-000053_261.npy
4,worm-000053_262.npy
4,worm-000053_263.npy
4,worm-000053_264.npy
4,worm-000053_268.npy
4,worm-000053_272.npy
4,worm-000053_273.npy
4,worm-000053_275.npy
4,worm-000053_276.npy
5,worm-000053_279.npy
4,worm-000053_281.npy
4,worm-000053_282.npy
4,worm-000053_284.npy
4,worm-000053_287.npy
4,worm-000053_288.npy
4,worm-000053_289.npy
4,worm-000053_292.npy
4,worm-000053_293.npy
4,worm-000053_294.npy
4,worm-000053_295.npy
4,worm-000053_296.npy
4,worm-000053_297.npy
4,worm-000053_299.npy
4,worm-000053_305.npy
4,worm-000053_307.npy
4,worm-000053_308.npy
4,worm-000053_310.npy
4,worm-000053_311.npy
4,worm-000053_312.npy
4,worm-000053_313.npy
4,worm-000053_314.npy
4,worm-000053_317.npy
4,worm-000053_320.npy
4,worm-000053_321.npy
4,worm-000053_322.npy
4,worm-000053_323.npy
4,worm-000053_324.npy
4,worm-000053_325.npy
1,worm-000054_000.npy
1,worm-000054_001.npy
2,worm-000054_002.npy
1,worm-000054_003.npy
1,worm-000054_004.npy
1,worm-000054_006.npy
1,worm-000054_007.npy
1,worm-000054_008.npy
1,worm-000054_009.npy
1,worm-000054_010.npy
1,worm-000054_011.npy
1,worm-000054_012.npy
1,worm-000054_013.npy
1,worm-000054_014.npy
1,worm-000054_016.npy
1,worm-000054_017.npy
2,worm-000054_018.npy
2,worm-000054_019.npy
1,worm-000054_020.npy
1,worm-000054_021.npy
1,worm-000054_022.npy
1,worm-000054_023.npy
1,worm-000054_024.npy
1,worm-000054_025.npy
1,worm-000054_026.npy
1,worm-000054_027.npy
1,worm-000054_028.npy
1,worm-000054_029.npy
1,worm-000054_030.npy
1,worm-000054_031.npy
1,worm-000054_032.npy
1,worm-000054_033.npy
1,worm-000054_034.npy
1,worm-000054_035.npy
1,worm-000054_036.npy
1,worm-000054_038.npy
1,worm-000054_039.npy
1,worm-000054_040.npy
1,worm-000054_041.npy
1,worm-000054_042.npy
1,worm-000054_043.npy
1,worm-000054_044.npy
1,worm-000054_045.npy
1,worm-000054_046.npy
1,worm-000054_047.npy
1,worm-000054_048.npy
1,worm-000054_049.npy
1,worm-000054_050.npy
1,worm-000054_051.npy
1,worm-000054_052.npy
2,worm-000054_053.npy
1,worm-000054_054.npy
1,worm-000054_055.npy
1,worm-000054_056.npy
1,worm-000054_057.npy
1,worm-000054_058.npy
1,worm-000054_059.npy
1,worm-000054_060.npy
1,worm-000054_061.npy
1,worm-000054_062.npy
1,worm-000054_063.npy
1,worm-000054_064.npy
1,worm-000054_065.npy
1,worm-000054_067.npy
1,worm-000054_068.npy
1,worm-000054_069.npy
1,worm-000054_070.npy
1,worm-000054_071.npy
1,worm-000054_072.npy
1,worm-000054_073.npy
1,worm-000054_074.npy
1,worm-000054_075.npy
1,worm-000054_076.npy
1,worm-000054_077.npy
1,worm-000054_078.npy
1,worm-000054_079.npy
5,worm-000054_080.npy
0,worm-000054_081.npy
1,worm-000054_082.npy
2,worm-000054_083.npy
1,worm-000054_084.npy
1,worm-000054_085.npy
1,worm-000054_086.npy
1,worm-000054_087.npy
1,worm-000054_088.npy
1,worm-000054_090.npy
1,worm-000054_091.npy
1,worm-000054_092.npy
1,worm-000054_093.npy
1,worm-000054_094.npy
5,worm-000054_095.npy
0,worm-000054_096.npy
1,worm-000054_097.npy
6,worm-000054_098.npy
1,worm-000054_099.npy
1,worm-000054_100.npy
2,worm-000054_101.npy
1,worm-000054_102.npy
1,worm-000054_103.npy
1,worm-000054_104.npy
1,worm-000054_105.npy
5,worm-000054_106.npy
1,worm-000054_107.npy
1,worm-000054_108.npy
0,worm-000054_109.npy
5,worm-000054_110.npy
1,worm-000054_111.npy
0,worm-000054_112.npy
4,worm-000054_113.npy
0,worm-000054_114.npy
1,worm-000054_115.npy
1,worm-000054_116.npy
1,worm-000054_117.npy
1,worm-000054_118.npy
0,worm-000054_120.npy
1,worm-000054_121.npy
0,worm-000054_122.npy
1,worm-000054_124.npy
0,worm-000054_125.npy
0,worm-000054_126.npy
1,worm-000054_127.npy
1,worm-000054_128.npy
5,worm-000054_129.npy
4,worm-000054_130.npy
0,worm-000054_131.npy
1,worm-000054_132.npy
0,worm-000054_133.npy
1,worm-000054_134.npy
5,worm-000054_135.npy
1,worm-000054_136.npy
1,worm-000054_137.npy
0,worm-000054_140.npy
1,worm-000054_141.npy
0,worm-000054_142.npy
1,worm-000054_143.npy
0,worm-000054_145.npy
1,worm-000054_146.npy
1,worm-000054_147.npy
1,worm-000054_148.npy
0,worm-000054_149.npy
1,worm-000054_150.npy
1,worm-000054_152.npy
5,worm-000054_153.npy
5,worm-000054_154.npy
1,worm-000054_156.npy
0,worm-000054_157.npy
1,worm-000054_158.npy
4,worm-000054_159.npy
2,worm-000054_160.npy
5,worm-000054_162.npy
4,worm-000054_163.npy
1,worm-000054_164.npy
1,worm-000054_166.npy
4,worm-000054_168.npy
5,worm-000054_170.npy
1,worm-000054_171.npy
1,worm-000054_173.npy
4,worm-000054_174.npy
1,worm-000054_175.npy
4,worm-000054_176.npy
5,worm-000054_177.npy
1,worm-000054_179.npy
1,worm-000054_180.npy
5,worm-000054_181.npy
4,worm-000054_185.npy
4,worm-000054_186.npy
5,worm-000054_187.npy
4,worm-000054_188.npy
5,worm-000054_190.npy
5,worm-000054_192.npy
4,worm-000054_194.npy
5,worm-000054_196.npy
1,worm-000054_198.npy
1,worm-000054_199.npy
1,worm-000054_200.npy
1,worm-000054_201.npy
1,worm-000054_202.npy
1,worm-000054_203.npy
1,worm-000054_204.npy
2,worm-000054_205.npy
1,worm-000054_206.npy
0,worm-000054_207.npy
1,worm-000054_208.npy
1,worm-000054_209.npy
1,worm-000054_210.npy
2,worm-000054_211.npy
1,worm-000054_212.npy
1,worm-000054_213.npy
1,worm-000054_214.npy
1,worm-000054_215.npy
1,worm-000054_216.npy
1,worm-000054_217.npy
1,worm-000054_218.npy
1,worm-000054_219.npy
1,worm-000054_220.npy
1,worm-000054_221.npy
1,worm-000054_222.npy
1,worm-000054_223.npy
1,worm-000054_224.npy
1,worm-000054_225.npy
1,worm-000054_226.npy
1,worm-000054_227.npy
1,worm-000054_228.npy
1,worm-000054_229.npy
1,worm-000054_230.npy
1,worm-000054_231.npy
1,worm-000054_232.npy
1,worm-000054_233.npy
1,worm-000054_234.npy
2,worm-000054_235.npy
1,worm-000054_236.npy
1,worm-000054_237.npy
1,worm-000054_238.npy
1,worm-000054_239.npy
1,worm-000054_240.npy
0,worm-000054_241.npy
1,worm-000054_242.npy
1,worm-000054_243.npy
0,worm-000054_244.npy
0,worm-000054_245.npy
1,worm-000054_246.npy
5,worm-000054_247.npy
1,worm-000054_248.npy
1,worm-000054_249.npy
2,worm-000054_251.npy
1,worm-000054_252.npy
0,worm-000054_253.npy
1,worm-000054_254.npy
5,worm-000054_255.npy
0,worm-000054_256.npy
1,worm-000054_257.npy
1,worm-000054_258.npy
5,worm-000054_259.npy
4,worm-000054_260.npy
5,worm-000054_261.npy
1,worm-000054_263.npy
0,worm-000054_264.npy
1,worm-000054_265.npy
1,worm-000054_266.npy
0,worm-000054_268.npy
4,worm-000054_269.npy
4,worm-000054_270.npy
4,worm-000054_271.npy
4,worm-000054_272.npy
1,worm-000054_273.npy
4,worm-000054_274.npy
1,worm-000054_275.npy
1,worm-000054_276.npy
4,worm-000054_278.npy
4,worm-000054_280.npy
1,worm-000054_281.npy
5,worm-000054_283.npy
5,worm-000054_284.npy
4,worm-000054_285.npy
1,worm-000054_286.npy
1,worm-000054_287.npy
1,worm-000054_288.npy
1,worm-000054_289.npy
2,worm-000054_290.npy
1,worm-000054_291.npy
0,worm-000054_292.npy
1,worm-000054_293.npy
0,worm-000054_295.npy
2,worm-000054_296.npy
2,worm-000054_297.npy
2,worm-000054_298.npy
1,worm-000054_299.npy
1,worm-000054_300.npy
1,worm-000054_301.npy
1,worm-000054_302.npy
1,worm-000054_303.npy
1,worm-000054_304.npy
1,worm-000054_305.npy
1,worm-000054_306.npy
1,worm-000054_307.npy
1,worm-000054_308.npy
1,worm-000054_309.npy
0,worm-000054_310.npy
1,worm-000054_311.npy
1,worm-000054_312.npy
1,worm-000054_313.npy
1,worm-000054_315.npy
2,worm-000054_316.npy
1,worm-000054_317.npy
1,worm-000054_318.npy
1,worm-000054_319.npy
0,worm-000054_320.npy
1,worm-000054_321.npy
1,worm-000054_322.npy
0,worm-000054_323.npy
2,worm-000054_324.npy
1,worm-000054_325.npy
0,worm-000054_326.npy
1,worm-000054_327.npy
1,worm-000054_328.npy
1,worm-000054_329.npy
1,worm-000054_330.npy
1,worm-000054_331.npy
1,worm-000054_332.npy
1,worm-000054_333.npy
4,worm-000054_334.npy
0,worm-000054_335.npy
1,worm-000054_336.npy
5,worm-000054_337.npy
0,worm-000054_338.npy
4,worm-000054_339.npy
1,worm-000054_340.npy
1,worm-000054_341.npy
1,worm-000054_342.npy
1,worm-000054_343.npy
1,worm-000054_344.npy
2,worm-000054_345.npy
5,worm-000054_346.npy
0,worm-000054_347.npy
0,worm-000054_348.npy
5,worm-000054_349.npy
0,worm-000054_350.npy
1,worm-000054_351.npy
4,worm-000054_352.npy
5,worm-000054_353.npy
0,worm-000054_354.npy
0,worm-000054_355.npy
4,worm-000054_356.npy
4,worm-000054_358.npy
0,worm-000054_360.npy
4,worm-000054_364.npy
4,worm-000054_365.npy
4,worm-000054_367.npy
1,worm-000054_368.npy
4,worm-000054_369.npy
4,worm-000054_370.npy
4,worm-000054_374.npy
4,worm-000054_375.npy
1,worm-000054_377.npy
1,worm-000054_378.npy
1,worm-000054_379.npy
1,worm-000054_380.npy
1,worm-000054_381.npy
1,worm-000054_382.npy
1,worm-000054_383.npy
1,worm-000054_384.npy
1,worm-000054_385.npy
2,worm-000054_386.npy
1,worm-000054_387.npy
2,worm-000054_388.npy
1,worm-000054_389.npy
1,worm-000054_390.npy
1,worm-000054_391.npy
0,worm-000054_392.npy
0,worm-000054_393.npy
1,worm-000054_394.npy
1,worm-000054_395.npy
1,worm-000054_396.npy
1,worm-000054_397.npy
1,worm-000054_398.npy
1,worm-000054_399.npy
0,worm-000054_400.npy
1,worm-000054_401.npy
1,worm-000054_402.npy
0,worm-000054_403.npy
2,worm-000054_404.npy
1,worm-000054_405.npy
1,worm-000054_406.npy
0,worm-000054_407.npy
1,worm-000054_408.npy
6,worm-000054_409.npy
0,worm-000054_410.npy
0,worm-000054_411.npy
1,worm-000054_412.npy
0,worm-000054_413.npy
4,worm-000054_414.npy
5,worm-000054_415.npy
5,worm-000054_419.npy
5,worm-000054_420.npy
4,worm-000054_421.npy
1,worm-000054_422.npy
4,worm-000054_423.npy
5,worm-000054_424.npy
4,worm-000054_425.npy
5,worm-000054_426.npy
1,worm-000054_427.npy
1,worm-000054_428.npy
5,worm-000054_430.npy
1,worm-000054_431.npy
1,worm-000054_432.npy
0,worm-000054_433.npy
5,worm-000054_434.npy
4,worm-000054_435.npy
5,worm-000054_436.npy
4,worm-000054_440.npy
1,worm-000054_442.npy
4,worm-000054_443.npy
4,worm-000054_447.npy
4,worm-000054_450.npy
1,worm-000054_454.npy
5,worm-000054_455.npy
4,worm-000054_457.npy
0,worm-000054_458.npy
4,worm-000054_460.npy
4,worm-000054_463.npy
4,worm-000054_465.npy
4,worm-000054_466.npy
4,worm-000054_467.npy
5,worm-000054_468.npy
4,worm-000054_471.npy
1,worm-000054_472.npy
4,worm-000054_475.npy
0,worm-000054_477.npy
0,worm-000054_478.npy
0,worm-000054_479.npy
5,worm-000054_480.npy
0,worm-000054_481.npy
5,worm-000054_482.npy
5,worm-000054_483.npy
1,worm-000054_484.npy
5,worm-000054_485.npy
1,worm-000054_486.npy
6,worm-000054_487.npy
1,worm-000055_000.npy
1,worm-000055_001.npy
2,worm-000055_002.npy
2,worm-000055_003.npy
1,worm-000055_004.npy
2,worm-000055_005.npy
1,worm-000055_006.npy
1,worm-000055_007.npy
2,worm-000055_008.npy
1,worm-000055_009.npy
1,worm-000055_010.npy
1,worm-000055_011.npy
1,worm-000055_012.npy
2,worm-000055_013.npy
1,worm-000055_014.npy
1,worm-000055_015.npy
1,worm-000055_016.npy
1,worm-000055_017.npy
2,worm-000055_018.npy
1,worm-000055_019.npy
1,worm-000055_020.npy
1,worm-000055_021.npy
1,worm-000055_022.npy
1,worm-000055_023.npy
1,worm-000055_024.npy
1,worm-000055_025.npy
1,worm-000055_026.npy
2,worm-000055_027.npy
1,worm-000055_028.npy
1,worm-000055_029.npy
1,worm-000055_030.npy
1,worm-000055_031.npy
1,worm-000055_032.npy
1,worm-000055_033.npy
2,worm-000055_034.npy
2,worm-000055_035.npy
1,worm-000055_036.npy
2,worm-000055_037.npy
1,worm-000055_038.npy
4,worm-000055_039.npy
5,worm-000055_040.npy
2,worm-000055_041.npy
1,worm-000055_042.npy
1,worm-000055_044.npy
2,worm-000055_045.npy
4,worm-000055_046.npy
1,worm-000055_048.npy
4,worm-000055_049.npy
1,worm-000055_050.npy
2,worm-000055_051.npy
4,worm-000055_052.npy
1,worm-000055_053.npy
6,worm-000055_054.npy
2,worm-000055_055.npy
2,worm-000055_056.npy
2,worm-000055_057.npy
6,worm-000055_058.npy
2,worm-000055_059.npy
1,worm-000055_060.npy
1,worm-000055_061.npy
1,worm-000055_062.npy
1,worm-000055_063.npy
6,worm-000055_064.npy
1,worm-000055_065.npy
4,worm-000055_066.npy
4,worm-000055_067.npy
4,worm-000055_068.npy
2,worm-000055_069.npy
1,worm-000055_070.npy
0,worm-000055_071.npy
1,worm-000055_073.npy
2,worm-000055_074.npy
6,worm-000055_075.npy
6,worm-000055_076.npy
4,worm-000055_077.npy
4,worm-000055_078.npy
4,worm-000055_079.npy
1,worm-000055_080.npy
4,worm-000055_081.npy
4,worm-000055_082.npy
1,worm-000055_083.npy
4,worm-000055_084.npy
3,worm-000055_085.npy
4,worm-000055_086.npy
2,worm-000055_087.npy
4,worm-000055_088.npy
4,worm-000055_089.npy
4,worm-000055_092.npy
4,worm-000055_093.npy
4,worm-000055_095.npy
4,worm-000055_096.npy
5,worm-000055_098.npy
4,worm-000055_100.npy
4,worm-000055_101.npy
4,worm-000055_102.npy
4,worm-000055_103.npy
4,worm-000055_104.npy
4,worm-000055_105.npy
4,worm-000055_106.npy
4,worm-000055_107.npy
1,worm-000055_109.npy
1,worm-000055_110.npy
2,worm-000055_111.npy
1,worm-000055_112.npy
1,worm-000055_113.npy
1,worm-000055_114.npy
1,worm-000055_115.npy
1,worm-000055_116.npy
1,worm-000055_117.npy
5,worm-000055_118.npy
1,worm-000055_119.npy
1,worm-000055_120.npy
1,worm-000055_121.npy
1,worm-000055_122.npy
1,worm-000055_123.npy
1,worm-000055_124.npy
1,worm-000055_125.npy
1,worm-000055_126.npy
1,worm-000055_127.npy
1,worm-000055_128.npy
2,worm-000055_129.npy
1,worm-000055_130.npy
1,worm-000055_131.npy
1,worm-000055_132.npy
1,worm-000055_133.npy
1,worm-000055_134.npy
1,worm-000055_135.npy
1,worm-000055_136.npy
2,worm-000055_137.npy
1,worm-000055_138.npy
1,worm-000055_139.npy
1,worm-000055_140.npy
1,worm-000055_141.npy
2,worm-000055_142.npy
1,worm-000055_143.npy
1,worm-000055_144.npy
1,worm-000055_145.npy
1,worm-000055_146.npy
1,worm-000055_147.npy
4,worm-000055_149.npy
4,worm-000055_150.npy
1,worm-000055_151.npy
4,worm-000055_152.npy
1,worm-000055_153.npy
1,worm-000055_154.npy
1,worm-000055_155.npy
1,worm-000055_156.npy
4,worm-000055_157.npy
4,worm-000055_158.npy
4,worm-000055_159.npy
4,worm-000055_160.npy
4,worm-000055_162.npy
4,worm-000055_163.npy
4,worm-000055_164.npy
4,worm-000055_165.npy
4,worm-000055_166.npy
5,worm-000055_167.npy
4,worm-000055_168.npy
2,worm-000055_169.npy
4,worm-000055_170.npy
3,worm-000055_172.npy
4,worm-000055_173.npy
4,worm-000055_174.npy
4,worm-000055_175.npy
4,worm-000055_176.npy
4,worm-000055_177.npy
4,worm-000055_178.npy
4,worm-000055_180.npy
3,worm-000055_181.npy
4,worm-000055_182.npy
4,worm-000055_183.npy
4,worm-000055_184.npy
4,worm-000055_185.npy
4,worm-000055_186.npy
4,worm-000055_188.npy
4,worm-000055_189.npy
4,worm-000055_190.npy
4,worm-000055_191.npy
4,worm-000055_192.npy
4,worm-000055_193.npy
5,worm-000055_194.npy
4,worm-000055_195.npy
4,worm-000055_196.npy
4,worm-000055_197.npy
4,worm-000055_198.npy
4,worm-000055_200.npy
4,worm-000055_201.npy
1,worm-000055_202.npy
1,worm-000055_203.npy
2,worm-000055_204.npy
1,worm-000055_205.npy
1,worm-000055_206.npy
1,worm-000055_207.npy
2,worm-000055_208.npy
1,worm-000055_209.npy
1,worm-000055_210.npy
1,worm-000055_211.npy
1,worm-000055_212.npy
1,worm-000055_213.npy
2,worm-000055_214.npy
1,worm-000055_215.npy
2,worm-000055_216.npy
1,worm-000055_217.npy
1,worm-000055_218.npy
1,worm-000055_219.npy
1,worm-000055_220.npy
1,worm-000055_221.npy
1,worm-000055_222.npy
1,worm-000055_223.npy
1,worm-000055_224.npy
1,worm-000055_225.npy
1,worm-000055_226.npy
2,worm-000055_227.npy
1,worm-000055_228.npy
1,worm-000055_229.npy
1,worm-000055_230.npy
1,worm-000055_231.npy
1,worm-000055_232.npy
2,worm-000055_233.npy
4,worm-000055_234.npy
1,worm-000055_235.npy
1,worm-000055_236.npy
4,worm-000055_237.npy
2,worm-000055_238.npy
2,worm-000055_239.npy
1,worm-000055_240.npy
1,worm-000055_241.npy
1,worm-000055_242.npy
1,worm-000055_243.npy
2,worm-000055_244.npy
0,worm-000055_245.npy
1,worm-000055_246.npy
1,worm-000055_247.npy
2,worm-000055_248.npy
4,worm-000055_250.npy
3,worm-000055_251.npy
2,worm-000055_252.npy
4,worm-000055_253.npy
5,worm-000055_255.npy
4,worm-000055_256.npy
4,worm-000055_257.npy
3,worm-000055_258.npy
4,worm-000055_259.npy
2,worm-000055_260.npy
1,worm-000055_261.npy
2,worm-000055_262.npy
2,worm-000055_263.npy
1,worm-000055_264.npy
1,worm-000055_265.npy
1,worm-000055_266.npy
1,worm-000055_267.npy
1,worm-000055_268.npy
1,worm-000055_270.npy
2,worm-000055_271.npy
1,worm-000055_272.npy
1,worm-000055_273.npy
1,worm-000055_274.npy
1,worm-000055_275.npy
1,worm-000055_276.npy
2,worm-000055_277.npy
1,worm-000055_278.npy
1,worm-000055_279.npy
1,worm-000055_280.npy
1,worm-000055_281.npy
2,worm-000055_282.npy
1,worm-000055_283.npy
1,worm-000055_284.npy
2,worm-000055_285.npy
1,worm-000055_286.npy
2,worm-000055_287.npy
2,worm-000055_288.npy
2,worm-000055_289.npy
2,worm-000055_290.npy
2,worm-000055_291.npy
1,worm-000055_292.npy
2,worm-000055_293.npy
4,worm-000055_294.npy
1,worm-000055_295.npy
4,worm-000055_297.npy
2,worm-000055_298.npy
4,worm-000055_299.npy
2,worm-000055_300.npy
4,worm-000055_301.npy
4,worm-000055_302.npy
4,worm-000055_303.npy
4,worm-000055_305.npy
2,worm-000055_307.npy
5,worm-000055_308.npy
6,worm-000055_310.npy
4,worm-000055_311.npy
4,worm-000055_312.npy
4,worm-000055_313.npy
4,worm-000055_314.npy
5,worm-000055_315.npy
4,worm-000055_316.npy
1,worm-000055_317.npy
1,worm-000055_318.npy
1,worm-000055_319.npy
4,worm-000055_320.npy
4,worm-000055_321.npy
4,worm-000055_322.npy
4,worm-000055_323.npy
1,worm-000055_325.npy
4,worm-000055_326.npy
4,worm-000055_327.npy
4,worm-000055_328.npy
4,worm-000055_329.npy
5,worm-000055_330.npy
4,worm-000055_331.npy
4,worm-000055_332.npy
4,worm-000055_333.npy
4,worm-000055_334.npy
4,worm-000055_335.npy
5,worm-000055_336.npy
5,worm-000055_337.npy
5,worm-000055_341.npy
4,worm-000055_342.npy
4,worm-000055_344.npy
4,worm-000055_345.npy
4,worm-000055_346.npy
4,worm-000055_347.npy
4,worm-000055_348.npy
4,worm-000055_353.npy
4,worm-000055_354.npy
4,worm-000055_355.npy
2,worm-000055_358.npy
2,worm-000055_359.npy
1,worm-000055_360.npy
1,worm-000055_361.npy
2,worm-000055_362.npy
4,worm-000055_363.npy
1,worm-000055_364.npy
4,worm-000055_365.npy
4,worm-000055_366.npy
1,worm-000056_000.npy
1,worm-000056_001.npy
1,worm-000056_002.npy
1,worm-000056_003.npy
1,worm-000056_004.npy
1,worm-000056_005.npy
1,worm-000056_006.npy
1,worm-000056_007.npy
1,worm-000056_008.npy
1,worm-000056_009.npy
1,worm-000056_010.npy
1,worm-000056_011.npy
1,worm-000056_012.npy
1,worm-000056_013.npy
1,worm-000056_014.npy
0,worm-000056_015.npy
1,worm-000056_016.npy
1,worm-000056_017.npy
1,worm-000056_018.npy
5,worm-000056_019.npy
1,worm-000056_020.npy
1,worm-000056_021.npy
1,worm-000056_022.npy
1,worm-000056_023.npy
1,worm-000056_024.npy
1,worm-000056_025.npy
1,worm-000056_026.npy
1,worm-000056_027.npy
1,worm-000056_028.npy
1,worm-000056_029.npy
1,worm-000056_030.npy
1,worm-000056_031.npy
1,worm-000056_032.npy
1,worm-000056_033.npy
1,worm-000056_034.npy
1,worm-000056_035.npy
1,worm-000056_036.npy
1,worm-000056_037.npy
1,worm-000056_038.npy
1,worm-000056_039.npy
1,worm-000056_040.npy
1,worm-000056_041.npy
6,worm-000056_042.npy
6,worm-000056_045.npy
6,worm-000056_046.npy
1,worm-000056_047.npy
1,worm-000056_048.npy
1,worm-000056_049.npy
1,worm-000056_050.npy
1,worm-000056_051.npy
0,worm-000056_053.npy
0,worm-000056_054.npy
4,worm-000056_055.npy
1,worm-000056_056.npy
0,worm-000056_057.npy
1,worm-000056_058.npy
1,worm-000056_059.npy
1,worm-000056_060.npy
4,worm-000056_061.npy
2,worm-000056_062.npy
1,worm-000056_063.npy
4,worm-000056_064.npy
0,worm-000056_066.npy
3,worm-000056_067.npy
0,worm-000056_068.npy
1,worm-000056_070.npy
1,worm-000056_071.npy
1,worm-000056_072.npy
1,worm-000056_074.npy
1,worm-000056_075.npy
3,worm-000056_076.npy
3,worm-000056_077.npy
3,worm-000056_078.npy
3,worm-000056_080.npy
1,worm-000056_081.npy
5,worm-000056_082.npy
1,worm-000056_083.npy
1,worm-000056_084.npy
0,worm-000056_085.npy
1,worm-000056_086.npy
1,worm-000056_087.npy
4,worm-000056_088.npy
4,worm-000056_089.npy
4,worm-000056_090.npy
4,worm-000056_091.npy
5,worm-000056_092.npy
4,worm-000056_094.npy
1,worm-000056_095.npy
4,worm-000056_096.npy
1,worm-000056_097.npy
4,worm-000056_098.npy
0,worm-000056_100.npy
1,worm-000056_101.npy
4,worm-000056_102.npy
4,worm-000056_103.npy
3,worm-000056_104.npy
1,worm-000056_105.npy
1,worm-000056_107.npy
0,worm-000056_108.npy
0,worm-000056_109.npy
4,worm-000056_110.npy
1,worm-000056_111.npy
4,worm-000056_113.npy
4,worm-000056_115.npy
2,worm-000056_116.npy
4,worm-000056_117.npy
4,worm-000056_118.npy
0,worm-000056_119.npy
4,worm-000056_121.npy
3,worm-000056_122.npy
4,worm-000056_123.npy
4,worm-000056_124.npy
4,worm-000056_125.npy
5,worm-000056_126.npy
4,worm-000056_127.npy
1,worm-000056_128.npy
3,worm-000056_129.npy
5,worm-000056_130.npy
1,worm-000056_131.npy
4,worm-000056_132.npy
0,worm-000056_133.npy
5,worm-000056_134.npy
4,worm-000056_135.npy
4,worm-000056_136.npy
2,worm-000056_137.npy
1,worm-000056_138.npy
1,worm-000056_139.npy
1,worm-000056_140.npy
0,worm-000056_141.npy
1,worm-000056_142.npy
1,worm-000056_143.npy
5,worm-000056_144.npy
2,worm-000056_145.npy
2,worm-000056_146.npy
1,worm-000056_147.npy
4,worm-000056_148.npy
1,worm-000056_149.npy
1,worm-000056_150.npy
1,worm-000056_151.npy
1,worm-000056_152.npy
4,worm-000056_154.npy
1,worm-000056_155.npy
4,worm-000056_157.npy
1,worm-000056_159.npy
0,worm-000056_160.npy
1,worm-000056_161.npy
1,worm-000056_162.npy
0,worm-000056_164.npy
1,worm-000056_165.npy
1,worm-000056_166.npy
4,worm-000056_167.npy
1,worm-000056_168.npy
4,worm-000056_169.npy
1,worm-000056_170.npy
4,worm-000056_172.npy
4,worm-000056_173.npy
5,worm-000056_174.npy
4,worm-000056_175.npy
4,worm-000056_176.npy
1,worm-000056_177.npy
3,worm-000056_178.npy
4,worm-000056_179.npy
4,worm-000056_180.npy
4,worm-000056_182.npy
4,worm-000056_183.npy
4,worm-000056_184.npy
4,worm-000056_185.npy
4,worm-000056_186.npy
4,worm-000056_187.npy
5,worm-000056_189.npy
1,worm-000056_190.npy
1,worm-000056_191.npy
1,worm-000056_192.npy
1,worm-000056_193.npy
1,worm-000056_194.npy
1,worm-000056_195.npy
1,worm-000056_196.npy
1,worm-000056_197.npy
1,worm-000056_198.npy
1,worm-000056_200.npy
1,worm-000056_201.npy
1,worm-000056_202.npy
1,worm-000056_203.npy
1,worm-000056_204.npy
1,worm-000056_205.npy
1,worm-000056_206.npy
1,worm-000056_207.npy
1,worm-000056_208.npy
1,worm-000056_209.npy
1,worm-000056_210.npy
1,worm-000056_211.npy
1,worm-000056_212.npy
1,worm-000056_213.npy
1,worm-000056_214.npy
1,worm-000056_215.npy
1,worm-000056_216.npy
1,worm-000056_217.npy
1,worm-000056_218.npy
1,worm-000056_219.npy
1,worm-000056_220.npy
1,worm-000056_221.npy
1,worm-000056_222.npy
1,worm-000056_224.npy
1,worm-000056_225.npy
1,worm-000056_226.npy
1,worm-000056_227.npy
1,worm-000056_228.npy
1,worm-000056_229.npy
1,worm-000056_230.npy
1,worm-000056_231.npy
1,worm-000056_232.npy
1,worm-000056_233.npy
0,worm-000056_234.npy
0,worm-000056_235.npy
0,worm-000056_236.npy
1,worm-000056_237.npy
1,worm-000056_238.npy
5,worm-000056_239.npy
0,worm-000056_240.npy
4,worm-000056_241.npy
1,worm-000056_242.npy
1,worm-000056_243.npy
1,worm-000056_244.npy
1,worm-000056_245.npy
1,worm-000056_246.npy
4,worm-000056_247.npy
5,worm-000056_248.npy
1,worm-000056_249.npy
4,worm-000056_250.npy
0,worm-000056_251.npy
1,worm-000056_253.npy
4,worm-000056_255.npy
4,worm-000056_256.npy
4,worm-000056_257.npy
4,worm-000056_258.npy
4,worm-000056_259.npy
1,worm-000056_261.npy
4,worm-000056_262.npy
1,worm-000056_263.npy
4,worm-000056_264.npy
5,worm-000056_265.npy
3,worm-000056_267.npy
5,worm-000056_269.npy
4,worm-000056_270.npy
1,worm-000056_272.npy
1,worm-000056_273.npy
1,worm-000056_274.npy
1,worm-000056_275.npy
1,worm-000056_276.npy
1,worm-000056_277.npy
1,worm-000056_278.npy
1,worm-000056_279.npy
1,worm-000056_280.npy
1,worm-000056_281.npy
1,worm-000056_282.npy
1,worm-000056_283.npy
1,worm-000056_284.npy
0,worm-000056_285.npy
1,worm-000056_286.npy
5,worm-000056_287.npy
1,worm-000056_288.npy
1,worm-000056_289.npy
0,worm-000056_290.npy
1,worm-000056_291.npy
0,worm-000056_292.npy
1,worm-000056_293.npy
1,worm-000056_294.npy
1,worm-000056_295.npy
1,worm-000056_296.npy
1,worm-000056_297.npy
1,worm-000056_298.npy
1,worm-000056_301.npy
1,worm-000056_303.npy
0,worm-000056_306.npy
3,worm-000056_307.npy
1,worm-000056_308.npy
4,worm-000056_309.npy
4,worm-000056_310.npy
1,worm-000056_311.npy
5,worm-000056_314.npy
5,worm-000056_316.npy
4,worm-000056_317.npy
4,worm-000056_319.npy
5,worm-000056_320.npy
5,worm-000056_321.npy
1,worm-000056_322.npy
5,worm-000056_323.npy
1,worm-000056_327.npy
5,worm-000056_328.npy
5,worm-000056_329.npy
4,worm-000056_331.npy
4,worm-000056_332.npy
4,worm-000056_333.npy
4,worm-000056_334.npy
4,worm-000056_337.npy
4,worm-000056_339.npy
4,worm-000056_341.npy
1,worm-000056_342.npy
1,worm-000056_344.npy
4,worm-000056_345.npy
4,worm-000056_346.npy
4,worm-000056_349.npy
5,worm-000056_350.npy
4,worm-000056_352.npy
4,worm-000056_355.npy
1,worm-000056_356.npy
4,worm-000056_357.npy
4,worm-000056_359.npy
4,worm-000056_360.npy
4,worm-000056_361.npy
4,worm-000056_362.npy
4,worm-000056_364.npy
5,worm-000056_365.npy
4,worm-000056_366.npy
4,worm-000056_369.npy
4,worm-000056_371.npy
4,worm-000056_372.npy
4,worm-000056_373.npy
1,worm-000056_376.npy
5,worm-000056_377.npy
1,worm-000056_378.npy
1,worm-000056_379.npy
0,worm-000056_380.npy
0,worm-000056_381.npy
1,worm-000057_000.npy
4,worm-000057_001.npy
2,worm-000057_002.npy
1,worm-000057_003.npy
2,worm-000057_004.npy
2,worm-000057_005.npy
2,worm-000057_006.npy
2,worm-000057_007.npy
4,worm-000057_008.npy
2,worm-000057_009.npy
2,worm-000057_010.npy
4,worm-000057_011.npy
1,worm-000057_012.npy
4,worm-000057_013.npy
1,worm-000057_014.npy
1,worm-000057_015.npy
4,worm-000057_016.npy
4,worm-000057_017.npy
4,worm-000057_018.npy
4,worm-000057_019.npy
4,worm-000057_021.npy
4,worm-000057_022.npy
1,worm-000057_023.npy
2,worm-000057_024.npy
4,worm-000057_025.npy
1,worm-000057_026.npy
0,worm-000057_027.npy
0,worm-000057_028.npy
1,worm-000057_029.npy
1,worm-000057_030.npy
4,worm-000057_031.npy
4,worm-000057_032.npy
1,worm-000057_033.npy
1,worm-000057_035.npy
1,worm-000057_036.npy
1,worm-000057_037.npy
4,worm-000057_038.npy
4,worm-000057_039.npy
1,worm-000057_040.npy
4,worm-000057_041.npy
1,worm-000057_042.npy
4,worm-000057_043.npy
4,worm-000057_044.npy
4,worm-000057_045.npy
4,worm-000057_046.npy
4,worm-000057_047.npy
1,worm-000057_048.npy
1,worm-000057_049.npy
1,worm-000057_050.npy
2,worm-000057_051.npy
4,worm-000057_052.npy
4,worm-000057_053.npy
4,worm-000057_054.npy
4,worm-000057_055.npy
4,worm-000057_056.npy
4,worm-000057_057.npy
4,worm-000057_058.npy
4,worm-000057_059.npy
4,worm-000057_060.npy
1,worm-000057_061.npy
4,worm-000057_062.npy
4,worm-000057_063.npy
4,worm-000057_064.npy
4,worm-000057_065.npy
4,worm-000057_066.npy
4,worm-000057_067.npy
0,worm-000057_068.npy
4,worm-000057_069.npy
4,worm-000057_070.npy
4,worm-000057_071.npy
4,worm-000057_072.npy
4,worm-000057_073.npy
4,worm-000057_074.npy
4,worm-000057_075.npy
1,worm-000057_076.npy
4,worm-000057_077.npy
4,worm-000057_078.npy
4,worm-000057_079.npy
4,worm-000057_080.npy
4,worm-000057_081.npy
4,worm-000057_082.npy
0,worm-000057_083.npy
4,worm-000057_084.npy
4,worm-000057_085.npy
4,worm-000057_087.npy
4,worm-000057_088.npy
3,worm-000057_089.npy
4,worm-000057_090.npy
4,worm-000057_091.npy
4,worm-000057_092.npy
4,worm-000057_094.npy
3,worm-000057_095.npy
4,worm-000057_096.npy
4,worm-000057_097.npy
4,worm-000057_098.npy
4,worm-000057_101.npy
4,worm-000057_102.npy
4,worm-000057_103.npy
4,worm-000057_104.npy
4,worm-000057_105.npy
4,worm-000057_107.npy
4,worm-000057_108.npy
4,worm-000057_109.npy
4,worm-000057_110.npy
4,worm-000057_112.npy
4,worm-000057_113.npy
4,worm-000057_114.npy
4,worm-000057_115.npy
4,worm-000057_118.npy
4,worm-000057_119.npy
4,worm-000057_120.npy
4,worm-000057_121.npy
4,worm-000057_122.npy
5,worm-000057_123.npy
4,worm-000057_126.npy
1,worm-000057_128.npy
2,worm-000057_129.npy
1,worm-000057_130.npy
1,worm-000057_131.npy
1,worm-000057_132.npy
1,worm-000057_133.npy
4,worm-000057_134.npy
4,worm-000057_135.npy
4,worm-000057_136.npy
0,worm-000057_137.npy
4,worm-000057_138.npy
4,worm-000057_139.npy
4,worm-000057_140.npy
4,worm-000057_141.npy
1,worm-000057_142.npy
2,worm-000057_143.npy
4,worm-000057_144.npy
2,worm-000057_145.npy
1,worm-000057_146.npy
2,worm-000057_147.npy
0,worm-000057_148.npy
4,worm-000057_149.npy
4,worm-000057_150.npy
4,worm-000057_151.npy
3,worm-000057_152.npy
4,worm-000057_153.npy
4,worm-000057_154.npy
4,worm-000057_155.npy
3,worm-000057_156.npy
4,worm-000057_157.npy
2,worm-000057_159.npy
4,worm-000057_160.npy
4,worm-000057_162.npy
4,worm-000057_163.npy
4,worm-000057_164.npy
4,worm-000057_165.npy
4,worm-000057_169.npy
4,worm-000057_170.npy
4,worm-000057_171.npy
4,worm-000057_172.npy
4,worm-000057_173.npy
4,worm-000057_174.npy
4,worm-000057_175.npy
4,worm-000057_176.npy
4,worm-000057_177.npy
4,worm-000057_178.npy
4,worm-000057_179.npy
4,worm-000057_180.npy
4,worm-000057_181.npy
4,worm-000057_183.npy
2,worm-000057_184.npy
4,worm-000057_185.npy
4,worm-000057_186.npy
4,worm-000057_188.npy
4,worm-000057_189.npy
4,worm-000057_191.npy
0,worm-000057_192.npy
4,worm-000057_194.npy
1,worm-000057_196.npy
2,worm-000057_197.npy
2,worm-000057_198.npy
1,worm-000057_199.npy
1,worm-000057_200.npy
2,worm-000057_201.npy
2,worm-000057_202.npy
1,worm-000057_203.npy
4,worm-000057_204.npy
2,worm-000057_205.npy
2,worm-000057_206.npy
2,worm-000057_207.npy
2,worm-000057_208.npy
2,worm-000057_209.npy
4,worm-000057_210.npy
4,worm-000057_211.npy
4,worm-000057_212.npy
4,worm-000057_213.npy
2,worm-000057_214.npy
4,worm-000057_215.npy
1,worm-000057_216.npy
4,worm-000057_217.npy
1,worm-000057_218.npy
1,worm-000057_219.npy
2,worm-000057_220.npy
2,worm-000057_221.npy
4,worm-000057_222.npy
4,worm-000057_225.npy
4,worm-000057_226.npy
4,worm-000057_227.npy
4,worm-000057_228.npy
3,worm-000057_229.npy
5,worm-000057_230.npy
4,worm-000057_231.npy
4,worm-000057_232.npy
2,worm-000057_233.npy
4,worm-000057_236.npy
4,worm-000057_237.npy
5,worm-000057_238.npy
4,worm-000057_239.npy
4,worm-000057_240.npy
4,worm-000057_242.npy
4,worm-000057_244.npy
4,worm-000057_245.npy
4,worm-000057_246.npy
4,worm-000057_247.npy
1,worm-000057_248.npy
1,worm-000057_249.npy
4,worm-000057_250.npy
4,worm-000057_251.npy
4,worm-000057_252.npy
4,worm-000057_253.npy
4,worm-000057_254.npy
2,worm-000057_255.npy
4,worm-000057_256.npy
4,worm-000057_258.npy
4,worm-000057_262.npy
2,worm-000057_263.npy
1,worm-000057_264.npy
4,worm-000057_268.npy
4,worm-000057_269.npy
4,worm-000057_270.npy
4,worm-000057_271.npy
4,worm-000057_272.npy
4,worm-000057_273.npy
4,worm-000057_275.npy
6,worm-000057_277.npy
4,worm-000057_279.npy
4,worm-000057_280.npy
4,worm-000057_282.npy
4,worm-000057_284.npy
4,worm-000057_286.npy
4,worm-000057_288.npy
4,worm-000057_289.npy
4,worm-000057_292.npy
5,worm-000057_295.npy
4,worm-000057_296.npy
4,worm-000057_297.npy
4,worm-000057_299.npy
4,worm-000057_301.npy
5,worm-000057_302.npy
4,worm-000057_303.npy
4,worm-000057_306.npy
4,worm-000057_307.npy
4,worm-000057_309.npy
4,worm-000057_312.npy
4,worm-000057_313.npy
4,worm-000057_314.npy
4,worm-000057_315.npy
4,worm-000057_316.npy
4,worm-000057_317.npy
4,worm-000057_318.npy
4,worm-000057_319.npy
4,worm-000057_320.npy
4,worm-000057_321.npy
4,worm-000057_322.npy
4,worm-000057_323.npy
4,worm-000057_324.npy
4,worm-000057_325.npy
4,worm-000057_326.npy
4,worm-000057_327.npy
4,worm-000057_328.npy
4,worm-000057_329.npy
0,worm-000058_000.npy
1,worm-000058_001.npy
1,worm-000058_002.npy
1,worm-000058_003.npy
1,worm-000058_004.npy
1,worm-000058_005.npy
2,worm-000058_006.npy
2,worm-000058_007.npy
1,worm-000058_008.npy
1,worm-000058_009.npy
1,worm-000058_010.npy
1,worm-000058_011.npy
1,worm-000058_012.npy
1,worm-000058_013.npy
1,worm-000058_014.npy
2,worm-000058_015.npy
1,worm-000058_016.npy
1,worm-000058_017.npy
1,worm-000058_018.npy
1,worm-000058_019.npy
1,worm-000058_020.npy
1,worm-000058_021.npy
1,worm-000058_022.npy
1,worm-000058_023.npy
1,worm-000058_024.npy
1,worm-000058_025.npy
1,worm-000058_026.npy
1,worm-000058_027.npy
1,worm-000058_028.npy
1,worm-000058_029.npy
1,worm-000058_030.npy
1,worm-000058_031.npy
2,worm-000058_032.npy
1,worm-000058_033.npy
2,worm-000058_034.npy
1,worm-000058_035.npy
5,worm-000058_036.npy
1,worm-000058_037.npy
5,worm-000058_038.npy
1,worm-000058_039.npy
0,worm-000058_040.npy
1,worm-000058_041.npy
1,worm-000058_042.npy
1,worm-000058_043.npy
1,worm-000058_044.npy
1,worm-000058_045.npy
1,worm-000058_046.npy
1,worm-000058_047.npy
1,worm-000058_048.npy
1,worm-000058_049.npy
1,worm-000058_050.npy
1,worm-000058_051.npy
1,worm-000058_052.npy
1,worm-000058_053.npy
1,worm-000058_054.npy
1,worm-000058_055.npy
1,worm-000058_056.npy
1,worm-000058_057.npy
1,worm-000058_058.npy
1,worm-000058_060.npy
1,worm-000058_061.npy
1,worm-000058_062.npy
1,worm-000058_063.npy
1,worm-000058_064.npy
1,worm-000058_065.npy
1,worm-000058_066.npy
1,worm-000058_067.npy
0,worm-000058_068.npy
1,worm-000058_069.npy
1,worm-000058_070.npy
0,worm-000058_071.npy
1,worm-000058_072.npy
1,worm-000058_073.npy
1,worm-000058_074.npy
1,worm-000058_076.npy
0,worm-000058_077.npy
1,worm-000058_078.npy
2,worm-000058_079.npy
2,worm-000058_080.npy
1,worm-000058_081.npy
1,worm-000058_082.npy
1,worm-000058_083.npy
1,worm-000058_084.npy
1,worm-000058_085.npy
5,worm-000058_086.npy
2,worm-000058_087.npy
1,worm-000058_088.npy
1,worm-000058_089.npy
5,worm-000058_090.npy
1,worm-000058_091.npy
1,worm-000058_092.npy
1,worm-000058_093.npy
1,worm-000058_094.npy
0,worm-000058_097.npy
0,worm-000058_098.npy
1,worm-000058_101.npy
1,worm-000058_102.npy
0,worm-000058_103.npy
0,worm-000058_104.npy
0,worm-000058_105.npy
1,worm-000058_106.npy
1,worm-000058_107.npy
1,worm-000058_108.npy
1,worm-000058_109.npy
1,worm-000058_110.npy
1,worm-000058_111.npy
1,worm-000058_112.npy
1,worm-000058_113.npy
1,worm-000058_114.npy
1,worm-000058_115.npy
1,worm-000058_117.npy
6,worm-000058_118.npy
5,worm-000058_120.npy
1,worm-000058_121.npy
1,worm-000058_122.npy
1,worm-000058_123.npy
1,worm-000058_124.npy
4,worm-000058_125.npy
1,worm-000058_126.npy
1,worm-000058_127.npy
1,worm-000058_128.npy
5,worm-000058_129.npy
5,worm-000058_130.npy
5,worm-000058_131.npy
5,worm-000058_132.npy
4,worm-000058_134.npy
0,worm-000058_136.npy
4,worm-000058_137.npy
4,worm-000058_138.npy
1,worm-000058_140.npy
4,worm-000058_141.npy
1,worm-000058_142.npy
5,worm-000058_143.npy
2,worm-000058_144.npy
4,worm-000058_145.npy
1,worm-000058_146.npy
1,worm-000058_149.npy
4,worm-000058_151.npy
4,worm-000058_155.npy
4,worm-000058_157.npy
1,worm-000058_163.npy
4,worm-000058_164.npy
4,worm-000058_165.npy
4,worm-000058_166.npy
4,worm-000058_167.npy
4,worm-000058_168.npy
4,worm-000058_169.npy
2,worm-000058_170.npy
1,worm-000058_171.npy
1,worm-000058_172.npy
1,worm-000058_173.npy
1,worm-000058_174.npy
1,worm-000058_175.npy
1,worm-000058_176.npy
1,worm-000058_177.npy
2,worm-000058_178.npy
0,worm-000058_179.npy
2,worm-000058_180.npy
1,worm-000058_181.npy
1,worm-000058_182.npy
1,worm-000058_183.npy
1,worm-000058_184.npy
1,worm-000058_185.npy
1,worm-000058_186.npy
1,worm-000058_187.npy
2,worm-000058_188.npy
1,worm-000058_189.npy
0,worm-000058_190.npy
0,worm-000058_191.npy
1,worm-000058_192.npy
1,worm-000058_193.npy
1,worm-000058_194.npy
1,worm-000058_195.npy
2,worm-000058_196.npy
2,worm-000058_197.npy
1,worm-000058_199.npy
1,worm-000058_200.npy
1,worm-000058_201.npy
1,worm-000058_202.npy
1,worm-000058_203.npy
2,worm-000058_204.npy
1,worm-000058_205.npy
1,worm-000058_206.npy
1,worm-000058_207.npy
1,worm-000058_208.npy
1,worm-000058_209.npy
0,worm-000058_210.npy
1,worm-000058_211.npy
1,worm-000058_212.npy
1,worm-000058_213.npy
1,worm-000058_214.npy
1,worm-000058_215.npy
1,worm-000058_216.npy
1,worm-000058_217.npy
0,worm-000058_218.npy
0,worm-000058_219.npy
0,worm-000058_220.npy
0,worm-000058_221.npy
0,worm-000058_222.npy
1,worm-000058_223.npy
1,worm-000058_224.npy
1,worm-000058_225.npy
1,worm-000058_226.npy
0,worm-000058_227.npy
0,worm-000058_229.npy
0,worm-000058_230.npy
0,worm-000058_231.npy
1,worm-000058_232.npy
1,worm-000058_233.npy
2,worm-000058_234.npy
1,worm-000058_235.npy
1,worm-000058_236.npy
1,worm-000058_237.npy
1,worm-000058_238.npy
1,worm-000058_239.npy
0,worm-000058_240.npy
1,worm-000058_241.npy
5,worm-000058_242.npy
4,worm-000058_243.npy
1,worm-000058_244.npy
1,worm-000058_247.npy
4,worm-000058_248.npy
4,worm-000058_249.npy
4,worm-000058_250.npy
5,worm-000058_252.npy
0,worm-000058_253.npy
5,worm-000058_254.npy
5,worm-000058_255.npy
4,worm-000058_256.npy
5,worm-000058_257.npy
4,worm-000058_261.npy
1,worm-000058_263.npy
1,worm-000058_264.npy
1,worm-000058_265.npy
1,worm-000058_266.npy
1,worm-000058_267.npy
1,worm-000058_268.npy
1,worm-000058_269.npy
1,worm-000058_270.npy
1,worm-000058_271.npy
1,worm-000058_272.npy
1,worm-000058_273.npy
1,worm-000058_274.npy
1,worm-000058_275.npy
1,worm-000058_276.npy
5,worm-000058_277.npy
1,worm-000058_278.npy
1,worm-000058_279.npy
1,worm-000058_280.npy
1,worm-000058_281.npy
1,worm-000058_282.npy
1,worm-000058_283.npy
2,worm-000058_284.npy
1,worm-000058_285.npy
1,worm-000058_286.npy
1,worm-000058_287.npy
1,worm-000058_288.npy
1,worm-000058_289.npy
1,worm-000058_290.npy
1,worm-000058_291.npy
1,worm-000058_292.npy
1,worm-000058_293.npy
1,worm-000058_294.npy
1,worm-000058_295.npy
2,worm-000058_296.npy
1,worm-000058_297.npy
1,worm-000058_298.npy
1,worm-000058_299.npy
1,worm-000058_300.npy
1,worm-000058_301.npy
4,worm-000058_302.npy
1,worm-000058_303.npy
1,worm-000058_304.npy
0,worm-000058_305.npy
1,worm-000058_306.npy
1,worm-000058_308.npy
1,worm-000058_309.npy
1,worm-000058_310.npy
1,worm-000058_311.npy
1,worm-000058_312.npy
1,worm-000058_313.npy
1,worm-000058_314.npy
1,worm-000058_315.npy
1,worm-000058_316.npy
0,worm-000058_317.npy
1,worm-000058_318.npy
4,worm-000058_319.npy
1,worm-000058_320.npy
4,worm-000058_321.npy
1,worm-000058_322.npy
1,worm-000058_323.npy
1,worm-000058_324.npy
0,worm-000058_327.npy
1,worm-000058_328.npy
1,worm-000058_329.npy
1,worm-000058_331.npy
5,worm-000058_333.npy
0,worm-000058_334.npy
5,worm-000058_335.npy
1,worm-000058_336.npy
1,worm-000058_337.npy
1,worm-000058_338.npy
1,worm-000058_339.npy
0,worm-000058_341.npy
4,worm-000058_344.npy
1,worm-000058_345.npy
5,worm-000058_346.npy
1,worm-000058_347.npy
4,worm-000058_348.npy
5,worm-000058_350.npy
4,worm-000058_352.npy
5,worm-000058_355.npy
4,worm-000058_357.npy
4,worm-000058_358.npy
5,worm-000058_359.npy
4,worm-000058_361.npy
4,worm-000058_362.npy
5,worm-000058_363.npy
4,worm-000058_365.npy
4,worm-000058_366.npy
1,worm-000058_367.npy
1,worm-000058_368.npy
1,worm-000058_369.npy
2,worm-000058_370.npy
1,worm-000058_371.npy
1,worm-000058_372.npy
1,worm-000058_373.npy
1,worm-000058_374.npy
1,worm-000058_375.npy
1,worm-000058_376.npy
1,worm-000058_377.npy
1,worm-000058_378.npy
1,worm-000058_379.npy
1,worm-000058_380.npy
1,worm-000058_381.npy
1,worm-000058_382.npy
1,worm-000058_383.npy
5,worm-000058_384.npy
1,worm-000058_385.npy
1,worm-000058_386.npy
1,worm-000058_387.npy
0,worm-000058_388.npy
1,worm-000058_389.npy
1,worm-000058_390.npy
1,worm-000058_391.npy
2,worm-000058_392.npy
1,worm-000058_393.npy
0,worm-000058_394.npy
1,worm-000058_395.npy
0,worm-000058_396.npy
1,worm-000058_398.npy
1,worm-000058_399.npy
4,worm-000058_400.npy
0,worm-000058_401.npy
4,worm-000058_402.npy
4,worm-000058_404.npy
4,worm-000058_405.npy
4,worm-000058_406.npy
4,worm-000058_408.npy
4,worm-000058_409.npy
6,worm-000058_410.npy
4,worm-000058_412.npy
4,worm-000058_413.npy
4,worm-000058_416.npy
4,worm-000058_417.npy
4,worm-000058_418.npy
4,worm-000058_419.npy
4,worm-000058_420.npy
1,worm-000058_421.npy
1,worm-000058_422.npy
2,worm-000058_423.npy
4,worm-000058_424.npy
1,worm-000058_425.npy
1,worm-000058_426.npy
4,worm-000058_427.npy
1,worm-000058_428.npy
4,worm-000058_430.npy
1,worm-000058_435.npy
5,worm-000058_436.npy
4,worm-000058_437.npy
5,worm-000058_440.npy
5,worm-000058_442.npy
4,worm-000058_443.npy
5,worm-000058_445.npy
4,worm-000058_446.npy
4,worm-000058_449.npy
4,worm-000058_451.npy
5,worm-000058_452.npy
5,worm-000058_453.npy
4,worm-000058_462.npy
4,worm-000058_463.npy
1,worm-000058_465.npy
1,worm-000058_466.npy
1,worm-000058_467.npy
1,worm-000058_468.npy
1,worm-000058_469.npy
1,worm-000058_470.npy
1,worm-000058_471.npy
2,worm-000058_472.npy
1,worm-000058_473.npy
1,worm-000058_474.npy
1,worm-000058_475.npy
2,worm-000059_000.npy
2,worm-000059_001.npy
1,worm-000059_002.npy
2,worm-000059_003.npy
1,worm-000059_004.npy
1,worm-000059_005.npy
2,worm-000059_006.npy
1,worm-000059_007.npy
1,worm-000059_008.npy
1,worm-000059_009.npy
1,worm-000059_010.npy
1,worm-000059_011.npy
1,worm-000059_012.npy
1,worm-000059_013.npy
2,worm-000059_014.npy
2,worm-000059_015.npy
2,worm-000059_016.npy
1,worm-000059_017.npy
2,worm-000059_018.npy
1,worm-000059_019.npy
1,worm-000059_020.npy
1,worm-000059_021.npy
1,worm-000059_022.npy
2,worm-000059_023.npy
1,worm-000059_024.npy
1,worm-000059_025.npy
1,worm-000059_026.npy
2,worm-000059_027.npy
1,worm-000059_028.npy
1,worm-000059_029.npy
1,worm-000059_030.npy
2,worm-000059_032.npy
1,worm-000059_033.npy
1,worm-000059_034.npy
2,worm-000059_035.npy
1,worm-000059_036.npy
1,worm-000059_037.npy
1,worm-000059_038.npy
1,worm-000059_039.npy
1,worm-000059_040.npy
2,worm-000059_041.npy
1,worm-000059_042.npy
0,worm-000059_043.npy
2,worm-000059_044.npy
1,worm-000059_045.npy
1,worm-000059_046.npy
1,worm-000059_047.npy
1,worm-000059_048.npy
1,worm-000059_049.npy
1,worm-000059_050.npy
2,worm-000059_051.npy
1,worm-000059_052.npy
2,worm-000059_053.npy
3,worm-000059_054.npy
3,worm-000059_055.npy
5,worm-000059_056.npy
1,worm-000059_057.npy
1,worm-000059_058.npy
1,worm-000059_059.npy
1,worm-000059_060.npy
6,worm-000059_061.npy
1,worm-000059_062.npy
0,worm-000059_063.npy
4,worm-000059_064.npy
1,worm-000059_065.npy
1,worm-000059_066.npy
4,worm-000059_067.npy
4,worm-000059_068.npy
4,worm-000059_069.npy
1,worm-000059_070.npy
1,worm-000059_071.npy
2,worm-000059_072.npy
1,worm-000059_073.npy
4,worm-000059_074.npy
2,worm-000059_075.npy
4,worm-000059_076.npy
1,worm-000059_077.npy
2,worm-000059_078.npy
1,worm-000059_079.npy
0,worm-000059_080.npy
1,worm-000059_081.npy
4,worm-000059_082.npy
4,worm-000059_083.npy
4,worm-000059_084.npy
0,worm-000059_085.npy
2,worm-000059_087.npy
1,worm-000059_088.npy
5,worm-000059_089.npy
4,worm-000059_090.npy
1,worm-000059_091.npy
4,worm-000059_092.npy
4,worm-000059_093.npy
4,worm-000059_094.npy
3,worm-000059_095.npy
1,worm-000059_096.npy
6,worm-000059_097.npy
4,worm-000059_099.npy
1,worm-000059_100.npy
4,worm-000059_101.npy
5,worm-000059_102.npy
2,worm-000059_103.npy
0,worm-000059_104.npy
2,worm-000059_105.npy
4,worm-000059_106.npy
5,worm-000059_107.npy
4,worm-000059_108.npy
4,worm-000059_110.npy
4,worm-000059_111.npy
4,worm-000059_113.npy
4,worm-000059_114.npy
4,worm-000059_115.npy
4,worm-000059_116.npy
4,worm-000059_117.npy
4,worm-000059_119.npy
4,worm-000059_121.npy
4,worm-000059_124.npy
4,worm-000059_125.npy
4,worm-000059_126.npy
4,worm-000059_127.npy
4,worm-000059_129.npy
4,worm-000059_130.npy
4,worm-000059_131.npy
4,worm-000059_133.npy
4,worm-000059_136.npy
4,worm-000059_139.npy
4,worm-000059_140.npy
4,worm-000059_141.npy
4,worm-000059_144.npy
1,worm-000059_145.npy
1,worm-000059_146.npy
1,worm-000059_147.npy
2,worm-000059_148.npy
1,worm-000059_149.npy
1,worm-000059_150.npy
2,worm-000059_151.npy
1,worm-000059_152.npy
1,worm-000059_153.npy
1,worm-000059_154.npy
1,worm-000059_155.npy
1,worm-000059_156.npy
2,worm-000059_157.npy
1,worm-000059_158.npy
1,worm-000059_159.npy
1,worm-000059_160.npy
1,worm-000059_161.npy
1,worm-000059_162.npy
0,worm-000059_163.npy
2,worm-000059_164.npy
1,worm-000059_165.npy
1,worm-000059_166.npy
2,worm-000059_167.npy
1,worm-000059_168.npy
2,worm-000059_169.npy
0,worm-000059_170.npy
1,worm-000059_171.npy
4,worm-000059_172.npy
0,worm-000059_173.npy
1,worm-000059_174.npy
1,worm-000059_175.npy
4,worm-000059_176.npy
4,worm-000059_177.npy
1,worm-000059_178.npy
4,worm-000059_179.npy
4,worm-000059_180.npy
4,worm-000059_182.npy
1,worm-000059_183.npy
4,worm-000059_184.npy
4,worm-000059_185.npy
4,worm-000059_187.npy
4,worm-000059_188.npy
0,worm-000059_189.npy
4,worm-000059_190.npy
4,worm-000059_191.npy
4,worm-000059_192.npy
4,worm-000059_193.npy
4,worm-000059_194.npy
0,worm-000059_195.npy
4,worm-000059_196.npy
4,worm-000059_197.npy
4,worm-000059_198.npy
4,worm-000059_199.npy
4,worm-000059_200.npy
4,worm-000059_202.npy
4,worm-000059_204.npy
4,worm-000059_205.npy
4,worm-000059_207.npy
4,worm-000059_209.npy
5,worm-000059_211.npy
4,worm-000059_212.npy
1,worm-000059_213.npy
1,worm-000059_214.npy
2,worm-000059_215.npy
1,worm-000059_216.npy
2,worm-000059_217.npy
2,worm-000059_218.npy
0,worm-000059_219.npy
1,worm-000059_220.npy
2,worm-000059_221.npy
1,worm-000059_223.npy
1,worm-000059_224.npy
2,worm-000059_225.npy
2,worm-000059_226.npy
2,worm-000059_227.npy
1,worm-000059_228.npy
0,worm-000059_229.npy
2,worm-000059_230.npy
1,worm-000059_231.npy
1,worm-000059_233.npy
1,worm-000059_234.npy
1,worm-000059_235.npy
1,worm-000059_236.npy
1,worm-000059_237.npy
1,worm-000059_238.npy
2,worm-000059_240.npy
4,worm-000059_241.npy
1,worm-000059_242.npy
4,worm-000059_244.npy
4,worm-000059_245.npy
4,worm-000059_246.npy
2,worm-000059_247.npy
4,worm-000059_248.npy
4,worm-000059_249.npy
6,worm-000059_250.npy
4,worm-000059_251.npy
1,worm-000059_252.npy
4,worm-000059_253.npy
4,worm-000059_255.npy
4,worm-000059_256.npy
4,worm-000059_257.npy
4,worm-000059_258.npy
4,worm-000059_259.npy
4,worm-000059_260.npy
4,worm-000059_261.npy
4,worm-000059_262.npy
4,worm-000059_263.npy
4,worm-000059_264.npy
4,worm-000059_266.npy
4,worm-000059_267.npy
4,worm-000059_268.npy
4,worm-000059_269.npy
4,worm-000059_270.npy
4,worm-000059_271.npy
4,worm-000059_272.npy
2,worm-000059_276.npy
2,worm-000059_277.npy
2,worm-000059_278.npy
1,worm-000059_279.npy
1,worm-000059_280.npy
2,worm-000059_281.npy
1,worm-000059_282.npy
2,worm-000059_283.npy
1,worm-000059_284.npy
2,worm-000059_285.npy
1,worm-000059_286.npy
2,worm-000059_287.npy
1,worm-000059_288.npy
1,worm-000059_289.npy
4,worm-000059_290.npy
4,worm-000059_291.npy
1,worm-000059_292.npy
4,worm-000059_293.npy
4,worm-000059_294.npy
1,worm-000059_295.npy
4,worm-000059_296.npy
4,worm-000059_297.npy
6,worm-000059_298.npy
4,worm-000059_299.npy
4,worm-000059_300.npy
0,worm-000059_301.npy
4,worm-000059_302.npy
4,worm-000059_303.npy
4,worm-000059_304.npy
4,worm-000059_305.npy
5,worm-000059_309.npy
4,worm-000059_310.npy
0,worm-000059_311.npy
4,worm-000059_312.npy
4,worm-000059_313.npy
4,worm-000059_315.npy
4,worm-000059_316.npy
4,worm-000059_317.npy
4,worm-000059_318.npy
4,worm-000059_319.npy
4,worm-000059_320.npy
5,worm-000059_321.npy
1,worm-000059_322.npy
5,worm-000059_323.npy
1,worm-000059_324.npy
5,worm-000059_325.npy
4,worm-000059_326.npy
1,worm-000059_328.npy
4,worm-000059_329.npy
4,worm-000059_330.npy
4,worm-000059_332.npy
4,worm-000059_333.npy
4,worm-000059_335.npy
4,worm-000059_336.npy
4,worm-000059_337.npy
4,worm-000059_343.npy
4,worm-000059_344.npy
4,worm-000059_346.npy
4,worm-000059_347.npy
4,worm-000059_348.npy
5,worm-000059_349.npy
4,worm-000059_350.npy
5,worm-000059_353.npy
4,worm-000059_354.npy
4,worm-000059_355.npy
4,worm-000059_358.npy
4,worm-000059_359.npy
4,worm-000059_361.npy
4,worm-000059_362.npy
4,worm-000059_365.npy
4,worm-000059_366.npy
5,worm-000059_368.npy
4,worm-000059_369.npy
4,worm-000059_370.npy
4,worm-000059_372.npy
2,worm-000059_373.npy
4,worm-000059_374.npy
4,worm-000059_375.npy
4,worm-000059_376.npy
4,worm-000059_377.npy
4,worm-000059_378.npy
4,worm-000059_379.npy
4,worm-000059_380.npy
4,worm-000059_381.npy
4,worm-000059_382.npy
1,worm-000059_383.npy
4,worm-000059_384.npy
1,worm-000060_000.npy
1,worm-000060_001.npy
1,worm-000060_002.npy
1,worm-000060_003.npy
1,worm-000060_004.npy
1,worm-000060_006.npy
1,worm-000060_007.npy
1,worm-000060_008.npy
1,worm-000060_009.npy
1,worm-000060_010.npy
1,worm-000060_011.npy
1,worm-000060_012.npy
1,worm-000060_013.npy
1,worm-000060_014.npy
1,worm-000060_015.npy
1,worm-000060_016.npy
1,worm-000060_017.npy
1,worm-000060_018.npy
1,worm-000060_019.npy
1,worm-000060_020.npy
1,worm-000060_021.npy
1,worm-000060_022.npy
1,worm-000060_023.npy
1,worm-000060_024.npy
1,worm-000060_025.npy
0,worm-000060_026.npy
0,worm-000060_027.npy
1,worm-000060_028.npy
1,worm-000060_029.npy
1,worm-000060_030.npy
1,worm-000060_032.npy
1,worm-000060_033.npy
1,worm-000060_034.npy
1,worm-000060_035.npy
0,worm-000060_036.npy
1,worm-000060_037.npy
1,worm-000060_038.npy
1,worm-000060_039.npy
1,worm-000060_040.npy
1,worm-000060_041.npy
0,worm-000060_042.npy
0,worm-000060_043.npy
1,worm-000060_044.npy
1,worm-000060_045.npy
1,worm-000060_046.npy
1,worm-000060_047.npy
1,worm-000060_048.npy
1,worm-000060_049.npy
0,worm-000060_050.npy
0,worm-000060_051.npy
0,worm-000060_052.npy
1,worm-000060_053.npy
1,worm-000060_054.npy
1,worm-000060_055.npy
1,worm-000060_056.npy
0,worm-000060_057.npy
1,worm-000060_058.npy
1,worm-000060_059.npy
4,worm-000060_060.npy
1,worm-000060_061.npy
1,worm-000060_062.npy
1,worm-000060_063.npy
1,worm-000060_064.npy
1,worm-000060_066.npy
0,worm-000060_067.npy
1,worm-000060_068.npy
0,worm-000060_069.npy
0,worm-000060_070.npy
1,worm-000060_071.npy
0,worm-000060_072.npy
1,worm-000060_073.npy
6,worm-000060_075.npy
0,worm-000060_076.npy
0,worm-000060_077.npy
0,worm-000060_078.npy
1,worm-000060_079.npy
4,worm-000060_080.npy
1,worm-000060_084.npy
0,worm-000060_085.npy
1,worm-000060_086.npy
1,worm-000060_087.npy
1,worm-000060_088.npy
0,worm-000060_089.npy
1,worm-000060_090.npy
1,worm-000060_091.npy
1,worm-000060_092.npy
0,worm-000060_093.npy
1,worm-000060_094.npy
1,worm-000060_095.npy
1,worm-000060_096.npy
0,worm-000060_097.npy
1,worm-000060_098.npy
1,worm-000060_099.npy
4,worm-000060_100.npy
0,worm-000060_101.npy
1,worm-000060_102.npy
0,worm-000060_103.npy
0,worm-000060_104.npy
0,worm-000060_105.npy
4,worm-000060_107.npy
1,worm-000060_108.npy
0,worm-000060_109.npy
1,worm-000060_110.npy
1,worm-000060_112.npy
0,worm-000060_113.npy
1,worm-000060_114.npy
3,worm-000060_115.npy
4,worm-000060_116.npy
5,worm-000060_117.npy
1,worm-000060_118.npy
5,worm-000060_120.npy
4,worm-000060_122.npy
5,worm-000060_123.npy
1,worm-000054_005.npy
5,worm-000060_125.npy
1,worm-000060_127.npy
5,worm-000060_128.npy
5,worm-000060_129.npy
4,worm-000060_131.npy
3,worm-000060_132.npy
4,worm-000060_134.npy
4,worm-000060_135.npy
5,worm-000060_136.npy
4,worm-000060_137.npy
4,worm-000060_139.npy
4,worm-000060_141.npy
0,worm-000060_143.npy
1,worm-000060_144.npy
1,worm-000060_145.npy
1,worm-000060_146.npy
1,worm-000060_147.npy
1,worm-000060_148.npy
1,worm-000060_149.npy
2,worm-000060_150.npy
1,worm-000060_151.npy
1,worm-000060_152.npy
1,worm-000060_153.npy
1,worm-000060_154.npy
1,worm-000060_155.npy
1,worm-000060_156.npy
1,worm-000060_157.npy
1,worm-000060_158.npy
6,worm-000060_159.npy
1,worm-000060_160.npy
1,worm-000060_161.npy
0,worm-000060_162.npy
1,worm-000060_163.npy
5,worm-000060_164.npy
1,worm-000060_165.npy
2,worm-000060_166.npy
1,worm-000060_167.npy
4,worm-000060_168.npy
4,worm-000060_169.npy
4,worm-000060_170.npy
1,worm-000060_171.npy
2,worm-000060_172.npy
2,worm-000060_173.npy
1,worm-000060_174.npy
0,worm-000060_175.npy
4,worm-000060_176.npy
4,worm-000060_177.npy
0,worm-000060_178.npy
1,worm-000060_179.npy
4,worm-000060_180.npy
4,worm-000060_181.npy
4,worm-000060_182.npy
1,worm-000060_183.npy
1,worm-000060_184.npy
5,worm-000060_185.npy
1,worm-000060_186.npy
4,worm-000060_187.npy
3,worm-000060_188.npy
4,worm-000060_189.npy
4,worm-000060_190.npy
0,worm-000060_191.npy
4,worm-000060_192.npy
1,worm-000060_193.npy
1,worm-000060_195.npy
4,worm-000060_196.npy
2,worm-000060_197.npy
3,worm-000060_198.npy
4,worm-000060_199.npy
4,worm-000060_200.npy
3,worm-000060_201.npy
4,worm-000060_202.npy
4,worm-000060_203.npy
4,worm-000060_204.npy
5,worm-000060_205.npy
4,worm-000060_206.npy
4,worm-000060_207.npy
4,worm-000060_208.npy
4,worm-000060_209.npy
4,worm-000060_210.npy
5,worm-000060_211.npy
4,worm-000060_212.npy
4,worm-000060_214.npy
4,worm-000060_215.npy
4,worm-000060_217.npy
4,worm-000060_218.npy
4,worm-000060_219.npy
2,worm-000060_220.npy
4,worm-000060_222.npy
4,worm-000060_224.npy
4,worm-000060_225.npy
4,worm-000060_226.npy
1,worm-000060_227.npy
1,worm-000060_228.npy
1,worm-000060_229.npy
1,worm-000060_230.npy
1,worm-000060_231.npy
1,worm-000060_232.npy
1,worm-000060_233.npy
1,worm-000060_234.npy
1,worm-000060_235.npy
1,worm-000060_236.npy
1,worm-000060_237.npy
1,worm-000060_238.npy
5,worm-000060_239.npy
1,worm-000060_240.npy
2,worm-000060_241.npy
1,worm-000060_242.npy
1,worm-000060_243.npy
1,worm-000060_244.npy
1,worm-000060_245.npy
1,worm-000060_246.npy
2,worm-000060_247.npy
1,worm-000060_248.npy
1,worm-000060_249.npy
1,worm-000060_250.npy
1,worm-000060_251.npy
1,worm-000060_252.npy
1,worm-000060_253.npy
1,worm-000060_254.npy
1,worm-000060_256.npy
0,worm-000060_257.npy
0,worm-000060_258.npy
1,worm-000060_259.npy
1,worm-000060_260.npy
5,worm-000060_261.npy
1,worm-000060_262.npy
1,worm-000060_263.npy
1,worm-000060_264.npy
1,worm-000060_266.npy
3,worm-000060_267.npy
2,worm-000060_268.npy
4,worm-000060_269.npy
0,worm-000060_270.npy
1,worm-000060_271.npy
0,worm-000060_272.npy
4,worm-000060_273.npy
4,worm-000060_274.npy
3,worm-000060_275.npy
4,worm-000060_276.npy
4,worm-000060_278.npy
4,worm-000060_279.npy
4,worm-000060_280.npy
4,worm-000060_281.npy
4,worm-000060_282.npy
1,worm-000060_285.npy
5,worm-000060_286.npy
1,worm-000060_289.npy
2,worm-000060_290.npy
1,worm-000060_291.npy
1,worm-000060_292.npy
1,worm-000060_293.npy
1,worm-000060_294.npy
1,worm-000060_296.npy
1,worm-000060_298.npy
4,worm-000060_299.npy
1,worm-000060_300.npy
4,worm-000060_301.npy
1,worm-000060_302.npy
4,worm-000060_303.npy
4,worm-000060_304.npy
4,worm-000060_305.npy
4,worm-000060_306.npy
3,worm-000060_307.npy
4,worm-000060_308.npy
4,worm-000060_309.npy
4,worm-000060_310.npy
4,worm-000060_312.npy
4,worm-000060_313.npy
4,worm-000060_314.npy
4,worm-000060_316.npy
1,worm-000060_317.npy
4,worm-000060_318.npy
1,worm-000060_320.npy
5,worm-000060_321.npy
0,worm-000060_322.npy
5,worm-000060_323.npy
4,worm-000060_324.npy
1,worm-000060_326.npy
5,worm-000060_327.npy
4,worm-000060_328.npy
5,worm-000060_332.npy
4,worm-000060_335.npy
4,worm-000060_336.npy
4,worm-000060_338.npy
4,worm-000060_339.npy
4,worm-000060_342.npy
4,worm-000060_345.npy
4,worm-000060_346.npy
4,worm-000060_349.npy
4,worm-000060_350.npy
4,worm-000060_353.npy
4,worm-000060_354.npy
4,worm-000060_355.npy
4,worm-000060_358.npy
4,worm-000060_360.npy
4,worm-000060_361.npy
1,worm-000060_362.npy
1,worm-000060_363.npy
1,worm-000060_364.npy
1,worm-000060_365.npy
1,worm-000060_366.npy
1,worm-000060_367.npy
1,worm-000060_368.npy
1,worm-000060_369.npy
1,worm-000060_370.npy
1,worm-000061_000.npy
2,worm-000061_001.npy
1,worm-000061_002.npy
4,worm-000061_003.npy
2,worm-000061_004.npy
2,worm-000061_005.npy
2,worm-000061_006.npy
2,worm-000061_007.npy
1,worm-000061_008.npy
1,worm-000061_009.npy
2,worm-000061_010.npy
1,worm-000061_011.npy
2,worm-000061_012.npy
1,worm-000061_013.npy
1,worm-000061_014.npy
1,worm-000061_015.npy
4,worm-000061_016.npy
1,worm-000061_017.npy
2,worm-000061_018.npy
4,worm-000061_019.npy
4,worm-000061_020.npy
1,worm-000061_021.npy
2,worm-000061_022.npy
4,worm-000061_023.npy
1,worm-000061_024.npy
4,worm-000061_025.npy
1,worm-000061_026.npy
0,worm-000061_027.npy
1,worm-000061_028.npy
2,worm-000061_029.npy
1,worm-000061_030.npy
4,worm-000061_031.npy
4,worm-000061_032.npy
4,worm-000061_033.npy
4,worm-000061_034.npy
4,worm-000061_035.npy
4,worm-000061_036.npy
4,worm-000061_037.npy
4,worm-000061_038.npy
4,worm-000061_039.npy
4,worm-000061_040.npy
3,worm-000061_041.npy
2,worm-000061_042.npy
4,worm-000061_043.npy
4,worm-000061_044.npy
2,worm-000061_045.npy
2,worm-000061_046.npy
4,worm-000061_047.npy
0,worm-000061_048.npy
4,worm-000061_049.npy
4,worm-000061_050.npy
4,worm-000061_051.npy
4,worm-000061_052.npy
2,worm-000061_053.npy
2,worm-000061_054.npy
4,worm-000061_055.npy
4,worm-000061_056.npy
4,worm-000061_057.npy
4,worm-000061_058.npy
4,worm-000061_059.npy
4,worm-000061_061.npy
4,worm-000061_062.npy
4,worm-000061_063.npy
4,worm-000061_064.npy
4,worm-000061_065.npy
4,worm-000061_066.npy
4,worm-000061_068.npy
4,worm-000061_069.npy
1,worm-000061_071.npy
0,worm-000061_072.npy
3,worm-000061_073.npy
4,worm-000061_074.npy
4,worm-000061_075.npy
4,worm-000061_076.npy
3,worm-000061_077.npy
4,worm-000061_078.npy
4,worm-000061_079.npy
5,worm-000061_080.npy
4,worm-000061_081.npy
4,worm-000061_082.npy
4,worm-000061_083.npy
4,worm-000061_085.npy
4,worm-000061_088.npy
4,worm-000061_089.npy
4,worm-000061_090.npy
4,worm-000061_091.npy
4,worm-000061_092.npy
4,worm-000061_093.npy
4,worm-000061_094.npy
4,worm-000061_096.npy
4,worm-000061_097.npy
4,worm-000061_098.npy
4,worm-000061_099.npy
4,worm-000061_100.npy
4,worm-000061_101.npy
4,worm-000061_102.npy
4,worm-000061_103.npy
4,worm-000061_104.npy
4,worm-000061_105.npy
2,worm-000061_106.npy
2,worm-000061_107.npy
2,worm-000061_108.npy
2,worm-000061_109.npy
6,worm-000061_110.npy
1,worm-000061_111.npy
1,worm-000061_112.npy
1,worm-000061_113.npy
2,worm-000061_114.npy
2,worm-000061_115.npy
2,worm-000061_116.npy
2,worm-000061_117.npy
1,worm-000061_118.npy
2,worm-000061_119.npy
2,worm-000061_120.npy
4,worm-000061_121.npy
4,worm-000061_122.npy
4,worm-000061_123.npy
4,worm-000061_124.npy
4,worm-000061_125.npy
4,worm-000061_126.npy
5,worm-000061_127.npy
4,worm-000061_128.npy
2,worm-000061_129.npy
4,worm-000061_130.npy
4,worm-000061_131.npy
4,worm-000061_132.npy
4,worm-000061_134.npy
4,worm-000061_135.npy
4,worm-000061_136.npy
5,worm-000061_137.npy
4,worm-000061_138.npy
4,worm-000061_139.npy
4,worm-000061_141.npy
4,worm-000061_142.npy
4,worm-000061_143.npy
4,worm-000061_144.npy
4,worm-000061_146.npy
4,worm-000061_147.npy
4,worm-000061_148.npy
4,worm-000061_149.npy
4,worm-000061_151.npy
2,worm-000061_152.npy
1,worm-000061_154.npy
2,worm-000061_155.npy
1,worm-000061_156.npy
2,worm-000061_157.npy
3,worm-000061_158.npy
2,worm-000061_159.npy
2,worm-000061_160.npy
1,worm-000061_161.npy
1,worm-000061_162.npy
1,worm-000061_163.npy
1,worm-000061_164.npy
1,worm-000061_165.npy
1,worm-000061_166.npy
1,worm-000061_167.npy
4,worm-000061_168.npy
2,worm-000061_169.npy
4,worm-000061_170.npy
4,worm-000061_171.npy
4,worm-000061_172.npy
1,worm-000061_175.npy
2,worm-000061_176.npy
4,worm-000061_177.npy
4,worm-000061_178.npy
6,worm-000061_179.npy
4,worm-000061_180.npy
4,worm-000061_181.npy
1,worm-000061_182.npy
3,worm-000061_183.npy
4,worm-000061_184.npy
4,worm-000061_185.npy
4,worm-000061_186.npy
1,worm-000061_187.npy
4,worm-000061_188.npy
4,worm-000061_189.npy
4,worm-000061_190.npy
4,worm-000061_191.npy
4,worm-000061_192.npy
0,worm-000061_193.npy
4,worm-000061_196.npy
4,worm-000061_197.npy
4,worm-000061_198.npy
4,worm-000061_200.npy
4,worm-000061_201.npy
4,worm-000061_202.npy
4,worm-000061_203.npy
4,worm-000061_204.npy
4,worm-000061_209.npy
1,worm-000061_210.npy
2,worm-000061_211.npy
4,worm-000061_212.npy
4,worm-000061_213.npy
2,worm-000061_214.npy
1,worm-000061_215.npy
2,worm-000061_216.npy
1,worm-000061_217.npy
4,worm-000061_218.npy
4,worm-000061_219.npy
1,worm-000061_220.npy
4,worm-000061_221.npy
4,worm-000061_222.npy
2,worm-000061_223.npy
4,worm-000061_224.npy
4,worm-000061_225.npy
4,worm-000061_226.npy
1,worm-000061_227.npy
2,worm-000061_229.npy
1,worm-000061_231.npy
2,worm-000061_232.npy
4,worm-000061_233.npy
4,worm-000061_234.npy
4,worm-000061_235.npy
4,worm-000061_236.npy
4,worm-000061_237.npy
4,worm-000061_239.npy
4,worm-000061_241.npy
4,worm-000061_242.npy
4,worm-000061_243.npy
4,worm-000061_244.npy
5,worm-000061_245.npy
4,worm-000061_246.npy
4,worm-000061_248.npy
4,worm-000061_249.npy
4,worm-000061_252.npy
5,worm-000061_253.npy
4,worm-000061_254.npy
4,worm-000061_255.npy
4,worm-000061_256.npy
4,worm-000061_257.npy
4,worm-000061_258.npy
4,worm-000061_259.npy
4,worm-000061_261.npy
4,worm-000061_262.npy
4,worm-000061_266.npy
4,worm-000061_267.npy
4,worm-000061_268.npy
4,worm-000061_269.npy
4,worm-000061_272.npy
4,worm-000061_273.npy
4,worm-000061_274.npy
4,worm-000061_275.npy
4,worm-000061_276.npy
4,worm-000061_277.npy
4,worm-000061_278.npy
5,worm-000061_282.npy
4,worm-000061_285.npy
4,worm-000061_286.npy
1,worm-000061_289.npy
4,worm-000061_290.npy
4,worm-000061_291.npy
4,worm-000061_292.npy
4,worm-000061_293.npy
4,worm-000061_294.npy
5,worm-000061_298.npy
4,worm-000061_301.npy
4,worm-000061_302.npy
4,worm-000061_303.npy
4,worm-000061_305.npy
4,worm-000061_308.npy
4,worm-000061_310.npy
3,worm-000061_311.npy
4,worm-000061_313.npy
4,worm-000061_314.npy
4,worm-000061_315.npy
4,worm-000061_317.npy
4,worm-000061_320.npy
4,worm-000061_321.npy
4,worm-000061_322.npy
4,worm-000061_325.npy
5,worm-000061_326.npy
0,worm-000061_332.npy
4,worm-000061_333.npy
4,worm-000061_334.npy
4,worm-000061_335.npy
4,worm-000061_336.npy
4,worm-000061_337.npy
4,worm-000061_338.npy
4,worm-000061_339.npy
4,worm-000061_340.npy
4,worm-000061_341.npy
3,worm-000061_342.npy
3,worm-000061_343.npy
4,worm-000061_344.npy
4,worm-000061_345.npy
1,worm-000061_346.npy
0,worm-000061_347.npy
3,worm-000061_348.npy
4,worm-000061_349.npy
4,worm-000061_350.npy
1,worm-000062_000.npy
1,worm-000062_001.npy
1,worm-000062_002.npy
1,worm-000062_003.npy
1,worm-000062_004.npy
1,worm-000062_005.npy
2,worm-000062_006.npy
1,worm-000062_007.npy
1,worm-000062_008.npy
1,worm-000062_009.npy
2,worm-000062_010.npy
2,worm-000062_011.npy
2,worm-000062_012.npy
1,worm-000062_013.npy
1,worm-000062_014.npy
1,worm-000062_015.npy
1,worm-000062_016.npy
1,worm-000062_017.npy
1,worm-000062_018.npy
1,worm-000062_019.npy
1,worm-000062_020.npy
1,worm-000062_021.npy
2,worm-000062_022.npy
1,worm-000062_023.npy
1,worm-000062_024.npy
1,worm-000062_025.npy
1,worm-000062_026.npy
1,worm-000062_027.npy
1,worm-000062_028.npy
1,worm-000062_029.npy
1,worm-000062_030.npy
1,worm-000062_031.npy
1,worm-000062_032.npy
1,worm-000062_033.npy
1,worm-000062_034.npy
1,worm-000062_035.npy
1,worm-000062_036.npy
1,worm-000062_037.npy
2,worm-000062_038.npy
1,worm-000062_040.npy
1,worm-000062_041.npy
1,worm-000062_042.npy
2,worm-000062_043.npy
1,worm-000062_044.npy
2,worm-000062_045.npy
2,worm-000062_046.npy
1,worm-000062_047.npy
2,worm-000062_048.npy
1,worm-000062_049.npy
1,worm-000062_050.npy
2,worm-000062_051.npy
1,worm-000062_052.npy
1,worm-000062_053.npy
1,worm-000062_054.npy
1,worm-000062_056.npy
1,worm-000062_057.npy
1,worm-000062_058.npy
1,worm-000062_059.npy
1,worm-000062_060.npy
1,worm-000062_061.npy
1,worm-000062_062.npy
1,worm-000062_063.npy
1,worm-000062_064.npy
1,worm-000062_065.npy
2,worm-000062_066.npy
1,worm-000062_067.npy
1,worm-000062_068.npy
1,worm-000062_069.npy
1,worm-000062_070.npy
1,worm-000062_071.npy
5,worm-000062_072.npy
1,worm-000062_073.npy
1,worm-000062_074.npy
1,worm-000062_075.npy
1,worm-000062_076.npy
1,worm-000062_077.npy
1,worm-000062_078.npy
1,worm-000062_079.npy
1,worm-000062_080.npy
1,worm-000062_081.npy
1,worm-000062_082.npy
1,worm-000062_083.npy
2,worm-000062_084.npy
1,worm-000062_085.npy
1,worm-000062_086.npy
1,worm-000062_087.npy
1,worm-000062_089.npy
1,worm-000062_090.npy
0,worm-000062_091.npy
1,worm-000062_092.npy
5,worm-000062_093.npy
1,worm-000062_094.npy
1,worm-000062_095.npy
1,worm-000062_096.npy
1,worm-000062_098.npy
0,worm-000062_099.npy
1,worm-000062_100.npy
0,worm-000062_101.npy
1,worm-000062_102.npy
1,worm-000062_103.npy
2,worm-000062_104.npy
1,worm-000062_107.npy
5,worm-000062_108.npy
1,worm-000062_109.npy
0,worm-000062_110.npy
0,worm-000062_111.npy
0,worm-000062_112.npy
1,worm-000062_113.npy
1,worm-000062_114.npy
1,worm-000062_116.npy
1,worm-000062_117.npy
0,worm-000062_118.npy
1,worm-000062_119.npy
1,worm-000062_120.npy
1,worm-000062_121.npy
1,worm-000062_122.npy
0,worm-000062_124.npy
1,worm-000062_125.npy
1,worm-000062_126.npy
1,worm-000062_128.npy
5,worm-000062_129.npy
0,worm-000062_130.npy
0,worm-000062_131.npy
1,worm-000062_132.npy
1,worm-000062_133.npy
2,worm-000062_134.npy
0,worm-000062_135.npy
1,worm-000062_136.npy
1,worm-000062_137.npy
0,worm-000062_138.npy
5,worm-000062_139.npy
5,worm-000062_140.npy
5,worm-000062_141.npy
1,worm-000062_142.npy
1,worm-000062_143.npy
1,worm-000062_144.npy
0,worm-000062_145.npy
1,worm-000062_146.npy
1,worm-000062_147.npy
1,worm-000062_149.npy
2,worm-000062_150.npy
1,worm-000062_151.npy
5,worm-000062_152.npy
4,worm-000062_153.npy
3,worm-000062_155.npy
0,worm-000062_156.npy
5,worm-000062_157.npy
1,worm-000062_158.npy
5,worm-000062_160.npy
5,worm-000062_162.npy
4,worm-000062_163.npy
4,worm-000062_164.npy
5,worm-000062_165.npy
1,worm-000062_166.npy
5,worm-000062_167.npy
5,worm-000062_168.npy
4,worm-000062_169.npy
4,worm-000062_170.npy
1,worm-000062_171.npy
1,worm-000062_172.npy
2,worm-000062_173.npy
1,worm-000062_174.npy
1,worm-000062_175.npy
1,worm-000062_176.npy
1,worm-000062_177.npy
1,worm-000062_178.npy
1,worm-000062_179.npy
1,worm-000062_180.npy
1,worm-000062_181.npy
1,worm-000062_182.npy
1,worm-000062_183.npy
1,worm-000062_184.npy
1,worm-000062_185.npy
1,worm-000062_186.npy
1,worm-000062_187.npy
1,worm-000062_188.npy
1,worm-000062_189.npy
1,worm-000062_190.npy
1,worm-000062_191.npy
2,worm-000062_192.npy
1,worm-000062_193.npy
1,worm-000062_194.npy
1,worm-000062_195.npy
1,worm-000062_196.npy
0,worm-000062_197.npy
1,worm-000062_198.npy
1,worm-000062_199.npy
1,worm-000062_201.npy
0,worm-000062_202.npy
1,worm-000062_203.npy
0,worm-000062_204.npy
1,worm-000062_205.npy
1,worm-000062_206.npy
1,worm-000062_207.npy
1,worm-000062_209.npy
1,worm-000062_210.npy
1,worm-000062_211.npy
1,worm-000062_212.npy
1,worm-000062_213.npy
1,worm-000062_214.npy
1,worm-000062_215.npy
1,worm-000062_216.npy
1,worm-000062_217.npy
1,worm-000062_218.npy
2,worm-000062_219.npy
1,worm-000062_220.npy
1,worm-000062_221.npy
1,worm-000062_223.npy
1,worm-000062_224.npy
5,worm-000062_225.npy
1,worm-000062_227.npy
1,worm-000062_228.npy
1,worm-000062_229.npy
1,worm-000062_230.npy
0,worm-000062_232.npy
1,worm-000062_233.npy
1,worm-000062_234.npy
0,worm-000062_235.npy
1,worm-000062_236.npy
1,worm-000062_238.npy
0,worm-000062_239.npy
1,worm-000062_240.npy
1,worm-000062_242.npy
4,worm-000062_243.npy
1,worm-000062_244.npy
5,worm-000062_245.npy
4,worm-000062_246.npy
0,worm-000062_247.npy
5,worm-000062_248.npy
5,worm-000062_249.npy
4,worm-000062_252.npy
0,worm-000062_253.npy
5,worm-000062_254.npy
0,worm-000062_257.npy
1,worm-000062_258.npy
4,worm-000062_260.npy
4,worm-000062_263.npy
4,worm-000062_264.npy
4,worm-000062_265.npy
4,worm-000062_266.npy
4,worm-000062_267.npy
4,worm-000062_268.npy
4,worm-000062_269.npy
1,worm-000062_270.npy
4,worm-000062_272.npy
4,worm-000062_273.npy
0,worm-000062_274.npy
4,worm-000062_275.npy
0,worm-000062_276.npy
4,worm-000062_279.npy
4,worm-000062_280.npy
4,worm-000062_281.npy
4,worm-000062_282.npy
4,worm-000062_283.npy
4,worm-000062_284.npy
4,worm-000062_285.npy
4,worm-000062_286.npy
4,worm-000062_287.npy
4,worm-000062_288.npy
4,worm-000062_291.npy
1,worm-000062_292.npy
2,worm-000062_293.npy
1,worm-000062_294.npy
1,worm-000062_295.npy
1,worm-000062_296.npy
1,worm-000062_297.npy
1,worm-000062_298.npy
1,worm-000062_299.npy
1,worm-000062_300.npy
1,worm-000062_301.npy
1,worm-000062_302.npy
1,worm-000062_303.npy
1,worm-000062_304.npy
1,worm-000062_305.npy
1,worm-000062_306.npy
1,worm-000062_307.npy
0,worm-000062_308.npy
1,worm-000062_309.npy
1,worm-000062_310.npy
1,worm-000062_311.npy
2,worm-000062_312.npy
1,worm-000062_313.npy
1,worm-000062_314.npy
1,worm-000062_315.npy
1,worm-000062_316.npy
1,worm-000062_317.npy
0,worm-000062_319.npy
1,worm-000062_322.npy
1,worm-000062_323.npy
0,worm-000062_324.npy
0,worm-000062_325.npy
0,worm-000062_326.npy
1,worm-000062_328.npy
1,worm-000062_329.npy
2,worm-000062_330.npy
1,worm-000062_331.npy
1,worm-000062_332.npy
1,worm-000062_333.npy
0,worm-000062_334.npy
1,worm-000062_335.npy
1,worm-000062_336.npy
1,worm-000062_337.npy
0,worm-000062_338.npy
1,worm-000062_339.npy
4,worm-000062_342.npy
0,worm-000062_343.npy
1,worm-000062_344.npy
0,worm-000062_345.npy
0,worm-000062_346.npy
2,worm-000062_347.npy
1,worm-000062_351.npy
5,worm-000062_353.npy
1,worm-000062_354.npy
5,worm-000062_355.npy
5,worm-000062_356.npy
0,worm-000062_357.npy
1,worm-000062_359.npy
5,worm-000062_363.npy
4,worm-000062_364.npy
1,worm-000062_365.npy
5,worm-000062_366.npy
4,worm-000062_369.npy
5,worm-000062_371.npy
1,worm-000062_372.npy
4,worm-000062_373.npy
5,worm-000062_377.npy
1,worm-000062_378.npy
1,worm-000062_379.npy
1,worm-000062_380.npy
1,worm-000062_381.npy
1,worm-000062_382.npy
1,worm-000062_383.npy
1,worm-000062_384.npy
1,worm-000062_385.npy
1,worm-000062_386.npy
1,worm-000062_387.npy
1,worm-000062_388.npy
1,worm-000062_389.npy
1,worm-000062_390.npy
1,worm-000062_391.npy
1,worm-000062_392.npy
2,worm-000062_393.npy
1,worm-000062_394.npy
1,worm-000062_395.npy
1,worm-000062_396.npy
1,worm-000062_397.npy
1,worm-000062_398.npy
1,worm-000062_399.npy
1,worm-000062_400.npy
2,worm-000062_402.npy
2,worm-000062_403.npy
5,worm-000062_404.npy
1,worm-000062_405.npy
1,worm-000062_406.npy
1,worm-000062_407.npy
1,worm-000062_408.npy
1,worm-000062_409.npy
1,worm-000062_410.npy
1,worm-000062_411.npy
1,worm-000062_412.npy
1,worm-000062_413.npy
1,worm-000062_414.npy
1,worm-000062_415.npy
1,worm-000062_416.npy
1,worm-000062_417.npy
1,worm-000062_418.npy
1,worm-000062_420.npy
0,worm-000062_421.npy
1,worm-000062_422.npy
1,worm-000062_423.npy
1,worm-000062_424.npy
4,worm-000062_425.npy
1,worm-000062_426.npy
0,worm-000062_427.npy
5,worm-000062_430.npy
1,worm-000062_431.npy
1,worm-000062_433.npy
4,worm-000062_435.npy
1,worm-000062_437.npy
4,worm-000062_438.npy
5,worm-000062_440.npy
4,worm-000062_441.npy
4,worm-000062_444.npy
4,worm-000062_445.npy
4,worm-000062_446.npy
4,worm-000062_447.npy
4,worm-000062_448.npy
5,worm-000062_449.npy
5,worm-000062_450.npy
1,worm-000062_451.npy
1,worm-000062_452.npy
5,worm-000062_453.npy
5,worm-000062_454.npy
5,worm-000062_457.npy
3,worm-000062_461.npy
5,worm-000062_463.npy
5,worm-000062_464.npy
4,worm-000062_465.npy
5,worm-000062_469.npy
4,worm-000062_471.npy
4,worm-000062_472.npy
4,worm-000062_474.npy
4,worm-000062_476.npy
5,worm-000062_482.npy
5,worm-000062_483.npy
4,worm-000062_484.npy
4,worm-000062_485.npy
4,worm-000062_487.npy
4,worm-000062_491.npy
4,worm-000062_492.npy
4,worm-000062_496.npy
4,worm-000062_497.npy
4,worm-000062_498.npy
1,worm-000062_499.npy
0,worm-000062_500.npy
1,worm-000062_501.npy
5,worm-000062_502.npy
1,worm-000062_503.npy
1,worm-000062_504.npy
1,worm-000062_505.npy
5,worm-000062_506.npy
1,worm-000062_507.npy
0,worm-000062_508.npy
1,worm-000062_509.npy
1,worm-000063_000.npy
1,worm-000063_001.npy
2,worm-000063_002.npy
2,worm-000063_003.npy
2,worm-000063_004.npy
1,worm-000063_005.npy
2,worm-000063_006.npy
1,worm-000063_007.npy
2,worm-000063_008.npy
1,worm-000063_009.npy
1,worm-000063_010.npy
2,worm-000063_011.npy
2,worm-000063_012.npy
2,worm-000063_013.npy
2,worm-000063_014.npy
0,worm-000063_015.npy
1,worm-000063_016.npy
1,worm-000063_017.npy
2,worm-000063_018.npy
1,worm-000063_019.npy
1,worm-000063_020.npy
1,worm-000063_021.npy
1,worm-000063_022.npy
2,worm-000063_023.npy
1,worm-000063_024.npy
1,worm-000063_025.npy
2,worm-000063_026.npy
6,worm-000063_027.npy
2,worm-000063_028.npy
4,worm-000063_029.npy
2,worm-000063_030.npy
6,worm-000063_031.npy
4,worm-000063_032.npy
1,worm-000063_033.npy
2,worm-000063_034.npy
1,worm-000063_035.npy
1,worm-000063_036.npy
1,worm-000063_037.npy
1,worm-000063_038.npy
1,worm-000063_039.npy
4,worm-000063_041.npy
2,worm-000063_042.npy
2,worm-000063_043.npy
1,worm-000063_044.npy
1,worm-000063_045.npy
1,worm-000063_046.npy
4,worm-000063_047.npy
1,worm-000063_048.npy
0,worm-000063_049.npy
2,worm-000063_050.npy
4,worm-000063_052.npy
4,worm-000063_053.npy
0,worm-000063_054.npy
1,worm-000063_055.npy
4,worm-000063_056.npy
4,worm-000063_058.npy
4,worm-000063_059.npy
4,worm-000063_060.npy
4,worm-000063_062.npy
4,worm-000063_063.npy
0,worm-000063_064.npy
4,worm-000063_065.npy
4,worm-000063_066.npy
4,worm-000063_067.npy
4,worm-000063_068.npy
4,worm-000063_069.npy
0,worm-000063_071.npy
4,worm-000063_073.npy
4,worm-000063_075.npy
4,worm-000063_077.npy
4,worm-000063_078.npy
4,worm-000063_079.npy
6,worm-000063_082.npy
4,worm-000063_083.npy
4,worm-000063_084.npy
4,worm-000063_088.npy
4,worm-000063_091.npy
4,worm-000063_092.npy
4,worm-000063_093.npy
1,worm-000063_094.npy
2,worm-000063_095.npy
2,worm-000063_096.npy
1,worm-000063_097.npy
1,worm-000063_098.npy
1,worm-000063_099.npy
2,worm-000063_100.npy
2,worm-000063_101.npy
2,worm-000063_102.npy
1,worm-000063_103.npy
1,worm-000063_104.npy
2,worm-000063_105.npy
2,worm-000063_106.npy
1,worm-000063_107.npy
1,worm-000063_108.npy
1,worm-000063_109.npy
1,worm-000063_110.npy
2,worm-000063_111.npy
1,worm-000063_112.npy
1,worm-000063_113.npy
1,worm-000063_114.npy
2,worm-000063_115.npy
1,worm-000063_116.npy
0,worm-000063_117.npy
2,worm-000063_118.npy
1,worm-000063_119.npy
4,worm-000063_120.npy
2,worm-000063_121.npy
2,worm-000063_122.npy
1,worm-000063_124.npy
6,worm-000063_125.npy
1,worm-000063_126.npy
1,worm-000063_127.npy
1,worm-000063_128.npy
1,worm-000063_129.npy
1,worm-000063_130.npy
2,worm-000063_131.npy
1,worm-000063_132.npy
1,worm-000063_133.npy
2,worm-000063_134.npy
3,worm-000063_135.npy
3,worm-000063_137.npy
4,worm-000063_138.npy
4,worm-000063_139.npy
0,worm-000063_141.npy
4,worm-000063_142.npy
4,worm-000063_143.npy
4,worm-000063_144.npy
3,worm-000063_145.npy
4,worm-000063_146.npy
4,worm-000063_147.npy
4,worm-000063_148.npy
4,worm-000063_150.npy
4,worm-000063_151.npy
4,worm-000063_152.npy
4,worm-000063_153.npy
4,worm-000063_154.npy
4,worm-000063_155.npy
4,worm-000063_156.npy
4,worm-000063_157.npy
4,worm-000063_159.npy
4,worm-000063_162.npy
4,worm-000063_163.npy
4,worm-000063_166.npy
4,worm-000063_167.npy
4,worm-000063_168.npy
4,worm-000063_170.npy
4,worm-000063_171.npy
4,worm-000063_172.npy
4,worm-000063_173.npy
4,worm-000063_174.npy
1,worm-000063_175.npy
1,worm-000063_176.npy
2,worm-000063_177.npy
2,worm-000063_178.npy
1,worm-000063_179.npy
1,worm-000063_180.npy
2,worm-000063_181.npy
1,worm-000063_183.npy
2,worm-000063_184.npy
1,worm-000063_185.npy
1,worm-000063_186.npy
1,worm-000063_187.npy
1,worm-000063_188.npy
2,worm-000063_189.npy
1,worm-000063_190.npy
1,worm-000063_191.npy
1,worm-000063_192.npy
2,worm-000063_193.npy
1,worm-000063_194.npy
2,worm-000063_195.npy
1,worm-000063_196.npy
1,worm-000063_197.npy
2,worm-000063_198.npy
6,worm-000063_199.npy
0,worm-000063_200.npy
1,worm-000063_201.npy
1,worm-000063_202.npy
1,worm-000063_203.npy
1,worm-000063_204.npy
0,worm-000063_206.npy
2,worm-000063_207.npy
1,worm-000063_208.npy
1,worm-000063_209.npy
1,worm-000063_210.npy
1,worm-000063_211.npy
4,worm-000063_212.npy
1,worm-000063_213.npy
1,worm-000063_214.npy
1,worm-000063_215.npy
4,worm-000063_216.npy
4,worm-000063_217.npy
1,worm-000063_218.npy
4,worm-000063_219.npy
4,worm-000063_220.npy
1,worm-000063_221.npy
4,worm-000063_222.npy
0,worm-000063_223.npy
4,worm-000063_224.npy
4,worm-000063_225.npy
4,worm-000063_227.npy
4,worm-000063_228.npy
4,worm-000063_229.npy
4,worm-000063_230.npy
2,worm-000063_231.npy
4,worm-000063_232.npy
4,worm-000063_233.npy
4,worm-000063_234.npy
4,worm-000063_237.npy
5,worm-000063_238.npy
4,worm-000063_239.npy
0,worm-000063_240.npy
4,worm-000063_241.npy
5,worm-000063_242.npy
3,worm-000063_244.npy
4,worm-000063_245.npy
4,worm-000063_246.npy
4,worm-000063_249.npy
4,worm-000063_250.npy
4,worm-000063_251.npy
4,worm-000063_252.npy
4,worm-000063_254.npy
4,worm-000063_258.npy
1,worm-000063_259.npy
5,worm-000063_260.npy
2,worm-000063_261.npy
1,worm-000063_262.npy
1,worm-000063_263.npy
1,worm-000063_264.npy
1,worm-000063_265.npy
1,worm-000063_266.npy
1,worm-000063_267.npy
1,worm-000063_268.npy
2,worm-000063_269.npy
2,worm-000063_270.npy
1,worm-000063_271.npy
1,worm-000063_272.npy
1,worm-000063_273.npy
1,worm-000063_274.npy
1,worm-000063_275.npy
1,worm-000063_276.npy
1,worm-000063_277.npy
1,worm-000063_278.npy
1,worm-000063_279.npy
2,worm-000063_280.npy
1,worm-000063_281.npy
4,worm-000063_282.npy
1,worm-000063_283.npy
4,worm-000063_284.npy
6,worm-000063_285.npy
1,worm-000063_286.npy
0,worm-000063_287.npy
6,worm-000063_288.npy
4,worm-000063_290.npy
5,worm-000063_291.npy
4,worm-000063_292.npy
3,worm-000063_293.npy
2,worm-000063_294.npy
2,worm-000063_295.npy
4,worm-000063_296.npy
1,worm-000063_297.npy
0,worm-000063_298.npy
4,worm-000063_299.npy
4,worm-000063_301.npy
0,worm-000063_302.npy
5,worm-000063_303.npy
4,worm-000063_304.npy
4,worm-000063_305.npy
4,worm-000063_306.npy
2,worm-000063_307.npy
1,worm-000063_308.npy
1,worm-000063_309.npy
4,worm-000063_311.npy
2,worm-000063_312.npy
2,worm-000063_313.npy
4,worm-000063_314.npy
4,worm-000063_315.npy
4,worm-000063_317.npy
4,worm-000063_320.npy
4,worm-000063_321.npy
4,worm-000063_323.npy
4,worm-000063_329.npy
4,worm-000063_330.npy
4,worm-000063_332.npy
4,worm-000063_333.npy
4,worm-000063_334.npy
4,worm-000063_335.npy
4,worm-000063_338.npy
4,worm-000063_339.npy
4,worm-000063_340.npy
4,worm-000063_341.npy
4,worm-000063_342.npy
4,worm-000063_343.npy
5,worm-000063_344.npy
4,worm-000063_345.npy
1,worm-000063_346.npy
4,worm-000063_349.npy
4,worm-000063_350.npy
4,worm-000063_351.npy
5,worm-000063_352.npy
4,worm-000063_353.npy
4,worm-000063_354.npy
4,worm-000063_355.npy
2,worm-000063_356.npy
1,worm-000063_357.npy
6,worm-000063_358.npy
4,worm-000063_359.npy
4,worm-000063_360.npy
4,worm-000063_361.npy
4,worm-000063_362.npy
4,worm-000063_363.npy
4,worm-000063_364.npy
4,worm-000063_365.npy
4,worm-000063_366.npy
4,worm-000063_367.npy
4,worm-000063_368.npy
4,worm-000063_369.npy
2,worm-000064_000.npy
2,worm-000064_001.npy
2,worm-000064_002.npy
2,worm-000064_003.npy
1,worm-000064_004.npy
1,worm-000064_005.npy
1,worm-000064_006.npy
1,worm-000064_007.npy
1,worm-000064_009.npy
1,worm-000064_010.npy
1,worm-000064_011.npy
1,worm-000064_012.npy
5,worm-000064_013.npy
1,worm-000064_014.npy
1,worm-000064_015.npy
1,worm-000064_016.npy
1,worm-000064_017.npy
1,worm-000064_018.npy
1,worm-000064_019.npy
1,worm-000064_020.npy
1,worm-000064_021.npy
1,worm-000064_022.npy
2,worm-000064_023.npy
1,worm-000064_024.npy
1,worm-000064_025.npy
1,worm-000064_026.npy
1,worm-000064_027.npy
1,worm-000064_028.npy
1,worm-000064_029.npy
1,worm-000064_030.npy
1,worm-000064_031.npy
1,worm-000064_032.npy
5,worm-000064_033.npy
1,worm-000064_034.npy
1,worm-000064_036.npy
1,worm-000064_037.npy
1,worm-000064_038.npy
1,worm-000064_039.npy
1,worm-000064_040.npy
0,worm-000064_041.npy
1,worm-000064_042.npy
1,worm-000064_043.npy
1,worm-000064_044.npy
1,worm-000064_045.npy
1,worm-000064_046.npy
1,worm-000064_047.npy
1,worm-000064_048.npy
1,worm-000064_049.npy
1,worm-000064_050.npy
2,worm-000064_051.npy
1,worm-000064_052.npy
1,worm-000064_054.npy
1,worm-000064_055.npy
1,worm-000064_056.npy
1,worm-000064_057.npy
0,worm-000064_058.npy
1,worm-000064_059.npy
1,worm-000064_060.npy
1,worm-000064_061.npy
1,worm-000064_062.npy
1,worm-000064_063.npy
1,worm-000064_064.npy
1,worm-000064_065.npy
1,worm-000064_066.npy
5,worm-000064_067.npy
1,worm-000064_068.npy
1,worm-000064_069.npy
0,worm-000064_070.npy
1,worm-000064_071.npy
1,worm-000064_072.npy
0,worm-000064_073.npy
1,worm-000064_074.npy
0,worm-000064_075.npy
1,worm-000064_076.npy
0,worm-000064_078.npy
1,worm-000064_079.npy
1,worm-000064_080.npy
1,worm-000064_081.npy
1,worm-000064_082.npy
1,worm-000064_083.npy
1,worm-000064_084.npy
1,worm-000064_085.npy
1,worm-000064_086.npy
5,worm-000064_087.npy
1,worm-000064_088.npy
1,worm-000064_090.npy
1,worm-000064_091.npy
1,worm-000064_092.npy
2,worm-000064_093.npy
0,worm-000064_094.npy
1,worm-000064_095.npy
0,worm-000064_096.npy
1,worm-000064_097.npy
1,worm-000064_098.npy
1,worm-000064_099.npy
1,worm-000064_100.npy
0,worm-000064_101.npy
3,worm-000064_102.npy
1,worm-000064_103.npy
1,worm-000064_104.npy
5,worm-000064_105.npy
1,worm-000064_106.npy
1,worm-000064_107.npy
1,worm-000064_108.npy
1,worm-000064_109.npy
1,worm-000064_110.npy
1,worm-000064_111.npy
1,worm-000064_112.npy
1,worm-000064_113.npy
1,worm-000064_114.npy
1,worm-000064_115.npy
0,worm-000064_116.npy
5,worm-000064_117.npy
3,worm-000064_118.npy
0,worm-000064_119.npy
4,worm-000064_120.npy
1,worm-000064_121.npy
1,worm-000064_122.npy
3,worm-000064_124.npy
4,worm-000064_125.npy
2,worm-000064_126.npy
4,worm-000064_127.npy
4,worm-000064_128.npy
5,worm-000064_129.npy
1,worm-000064_130.npy
5,worm-000064_132.npy
1,worm-000064_133.npy
5,worm-000064_134.npy
4,worm-000064_135.npy
3,worm-000064_137.npy
4,worm-000064_140.npy
5,worm-000064_141.npy
4,worm-000064_145.npy
4,worm-000064_146.npy
4,worm-000064_147.npy
4,worm-000064_148.npy
4,worm-000064_149.npy
4,worm-000064_150.npy
4,worm-000064_151.npy
1,worm-000064_153.npy
1,worm-000064_154.npy
1,worm-000064_155.npy
1,worm-000064_156.npy
1,worm-000064_157.npy
1,worm-000064_158.npy
1,worm-000064_159.npy
1,worm-000064_160.npy
1,worm-000064_161.npy
1,worm-000064_162.npy
1,worm-000064_163.npy
1,worm-000064_164.npy
1,worm-000064_165.npy
1,worm-000064_166.npy
1,worm-000064_167.npy
1,worm-000064_168.npy
1,worm-000064_169.npy
1,worm-000064_170.npy
1,worm-000064_171.npy
1,worm-000064_172.npy
0,worm-000064_173.npy
1,worm-000064_175.npy
1,worm-000064_176.npy
1,worm-000064_177.npy
0,worm-000064_178.npy
1,worm-000064_179.npy
1,worm-000064_180.npy
0,worm-000064_181.npy
1,worm-000064_182.npy
1,worm-000064_183.npy
1,worm-000064_184.npy
1,worm-000064_185.npy
0,worm-000064_186.npy
1,worm-000064_187.npy
1,worm-000064_188.npy
0,worm-000064_189.npy
0,worm-000064_190.npy
1,worm-000064_191.npy
0,worm-000064_192.npy
1,worm-000064_193.npy
1,worm-000064_194.npy
1,worm-000064_195.npy
0,worm-000064_196.npy
1,worm-000064_197.npy
0,worm-000064_198.npy
0,worm-000064_200.npy
0,worm-000064_201.npy
4,worm-000064_203.npy
4,worm-000064_204.npy
4,worm-000064_206.npy
0,worm-000064_207.npy
1,worm-000064_208.npy
4,worm-000064_209.npy
4,worm-000064_210.npy
4,worm-000064_211.npy
1,worm-000064_212.npy
4,worm-000064_214.npy
4,worm-000064_216.npy
4,worm-000064_217.npy
4,worm-000064_218.npy
5,worm-000064_219.npy
4,worm-000064_220.npy
5,worm-000064_222.npy
1,worm-000064_223.npy
1,worm-000064_224.npy
1,worm-000064_225.npy
1,worm-000064_226.npy
1,worm-000064_227.npy
1,worm-000064_228.npy
1,worm-000064_229.npy
0,worm-000064_230.npy
1,worm-000064_231.npy
1,worm-000064_232.npy
1,worm-000064_233.npy
1,worm-000064_234.npy
1,worm-000064_235.npy
1,worm-000064_236.npy
1,worm-000064_237.npy
1,worm-000064_238.npy
1,worm-000064_239.npy
1,worm-000064_240.npy
1,worm-000064_241.npy
1,worm-000064_242.npy
1,worm-000064_243.npy
1,worm-000064_245.npy
1,worm-000064_246.npy
1,worm-000064_247.npy
0,worm-000064_248.npy
1,worm-000064_249.npy
1,worm-000064_250.npy
1,worm-000064_251.npy
0,worm-000064_252.npy
1,worm-000064_253.npy
1,worm-000064_254.npy
1,worm-000064_255.npy
5,worm-000064_256.npy
1,worm-000064_257.npy
4,worm-000064_258.npy
4,worm-000064_259.npy
3,worm-000064_260.npy
1,worm-000064_261.npy
4,worm-000064_262.npy
5,worm-000064_264.npy
4,worm-000064_266.npy
4,worm-000064_267.npy
4,worm-000064_268.npy
3,worm-000064_269.npy
4,worm-000064_270.npy
4,worm-000064_271.npy
4,worm-000064_274.npy
4,worm-000064_275.npy
5,worm-000064_277.npy
3,worm-000064_278.npy
1,worm-000064_279.npy
1,worm-000064_280.npy
1,worm-000064_281.npy
1,worm-000064_282.npy
0,worm-000064_283.npy
1,worm-000064_284.npy
4,worm-000064_285.npy
0,worm-000064_286.npy
0,worm-000064_287.npy
1,worm-000064_288.npy
4,worm-000064_289.npy
4,worm-000064_290.npy
4,worm-000064_291.npy
4,worm-000064_292.npy
4,worm-000064_294.npy
4,worm-000064_295.npy
4,worm-000064_296.npy
4,worm-000064_297.npy
4,worm-000064_298.npy
4,worm-000064_299.npy
4,worm-000064_300.npy
4,worm-000064_302.npy
4,worm-000064_303.npy
4,worm-000064_304.npy
4,worm-000064_307.npy
4,worm-000064_308.npy
5,worm-000064_310.npy
1,worm-000064_312.npy
4,worm-000064_316.npy
4,worm-000064_323.npy
3,worm-000064_327.npy
4,worm-000064_328.npy
4,worm-000064_330.npy
4,worm-000064_331.npy
1,worm-000064_332.npy
5,worm-000064_334.npy
4,worm-000064_335.npy
4,worm-000064_336.npy
4,worm-000064_337.npy
4,worm-000064_338.npy
4,worm-000064_339.npy
4,worm-000064_340.npy
4,worm-000064_341.npy
4,worm-000064_342.npy
4,worm-000064_343.npy
4,worm-000064_344.npy
4,worm-000064_345.npy
4,worm-000064_347.npy
4,worm-000064_348.npy
4,worm-000064_350.npy
5,worm-000064_351.npy
4,worm-000064_352.npy
4,worm-000064_353.npy
4,worm-000064_354.npy
1,worm-000064_355.npy
1,worm-000064_356.npy
1,worm-000064_357.npy
1,worm-000064_358.npy
0,worm-000064_359.npy
1,worm-000064_360.npy
5,worm-000064_361.npy
1,worm-000065_000.npy
2,worm-000065_001.npy
2,worm-000065_002.npy
2,worm-000065_003.npy
2,worm-000065_004.npy
2,worm-000065_005.npy
2,worm-000065_006.npy
2,worm-000065_007.npy
5,worm-000065_008.npy
2,worm-000065_009.npy
2,worm-000065_010.npy
2,worm-000065_011.npy
2,worm-000065_012.npy
2,worm-000065_013.npy
2,worm-000065_014.npy
2,worm-000065_015.npy
2,worm-000065_016.npy
2,worm-000065_017.npy
2,worm-000065_018.npy
2,worm-000065_019.npy
2,worm-000065_020.npy
2,worm-000065_021.npy
1,worm-000065_022.npy
2,worm-000065_023.npy
2,worm-000065_024.npy
1,worm-000065_025.npy
2,worm-000065_026.npy
2,worm-000065_027.npy
2,worm-000065_028.npy
2,worm-000065_029.npy
2,worm-000065_030.npy
2,worm-000065_031.npy
2,worm-000065_032.npy
1,worm-000065_033.npy
2,worm-000065_034.npy
2,worm-000065_035.npy
1,worm-000065_036.npy
0,worm-000065_037.npy
2,worm-000065_038.npy
2,worm-000065_039.npy
2,worm-000065_040.npy
2,worm-000065_041.npy
2,worm-000065_042.npy
2,worm-000065_043.npy
2,worm-000065_044.npy
2,worm-000065_045.npy
6,worm-000065_046.npy
1,worm-000065_047.npy
2,worm-000065_048.npy
2,worm-000065_049.npy
2,worm-000065_050.npy
2,worm-000065_051.npy
2,worm-000065_052.npy
2,worm-000065_053.npy
2,worm-000065_054.npy
5,worm-000065_056.npy
2,worm-000065_057.npy
2,worm-000065_058.npy
1,worm-000065_059.npy
0,worm-000065_061.npy
1,worm-000065_062.npy
1,worm-000065_063.npy
2,worm-000065_064.npy
2,worm-000065_065.npy
2,worm-000065_066.npy
5,worm-000065_067.npy
4,worm-000065_068.npy
4,worm-000065_069.npy
0,worm-000065_071.npy
0,worm-000065_072.npy
2,worm-000065_074.npy
1,worm-000065_075.npy
0,worm-000065_076.npy
2,worm-000065_077.npy
2,worm-000065_078.npy
2,worm-000065_079.npy
4,worm-000065_080.npy
2,worm-000065_081.npy
2,worm-000065_084.npy
6,worm-000065_086.npy
0,worm-000065_087.npy
2,worm-000065_088.npy
4,worm-000065_089.npy
4,worm-000065_090.npy
4,worm-000065_091.npy
4,worm-000065_092.npy
1,worm-000065_093.npy
2,worm-000065_095.npy
2,worm-000065_096.npy
1,worm-000065_097.npy
1,worm-000065_098.npy
5,worm-000065_099.npy
1,worm-000065_100.npy
4,worm-000065_101.npy
4,worm-000065_102.npy
1,worm-000065_103.npy
2,worm-000065_104.npy
2,worm-000065_105.npy
0,worm-000065_107.npy
4,worm-000065_108.npy
0,worm-000065_109.npy
2,worm-000065_110.npy
0,worm-000065_111.npy
2,worm-000065_112.npy
4,worm-000065_113.npy
5,worm-000065_114.npy
4,worm-000065_115.npy
4,worm-000065_117.npy
4,worm-000065_118.npy
1,worm-000065_119.npy
2,worm-000065_120.npy
1,worm-000065_121.npy
4,worm-000065_122.npy
2,worm-000065_123.npy
2,worm-000065_124.npy
4,worm-000065_126.npy
4,worm-000065_127.npy
5,worm-000065_129.npy
4,worm-000065_130.npy
4,worm-000065_131.npy
4,worm-000065_132.npy
4,worm-000065_136.npy
4,worm-000065_137.npy
4,worm-000065_138.npy
4,worm-000065_139.npy
4,worm-000065_140.npy
1,worm-000065_141.npy
1,worm-000065_142.npy
2,worm-000065_143.npy
1,worm-000065_144.npy
2,worm-000065_145.npy
2,worm-000065_146.npy
1,worm-000065_147.npy
1,worm-000065_148.npy
2,worm-000065_149.npy
2,worm-000065_150.npy
0,worm-000065_151.npy
0,worm-000065_152.npy
1,worm-000065_153.npy
1,worm-000065_154.npy
1,worm-000065_155.npy
1,worm-000065_156.npy
2,worm-000065_157.npy
1,worm-000065_158.npy
1,worm-000065_159.npy
2,worm-000065_160.npy
2,worm-000065_161.npy
1,worm-000065_162.npy
0,worm-000065_163.npy
1,worm-000065_164.npy
1,worm-000065_165.npy
1,worm-000065_166.npy
0,worm-000065_167.npy
0,worm-000065_168.npy
1,worm-000065_169.npy
1,worm-000065_170.npy
3,worm-000065_171.npy
4,worm-000065_172.npy
4,worm-000065_173.npy
4,worm-000065_174.npy
1,worm-000065_175.npy
4,worm-000065_176.npy
4,worm-000065_177.npy
4,worm-000065_178.npy
4,worm-000065_179.npy
0,worm-000065_180.npy
4,worm-000065_181.npy
4,worm-000065_182.npy
4,worm-000065_183.npy
4,worm-000065_184.npy
4,worm-000065_185.npy
4,worm-000065_186.npy
4,worm-000065_188.npy
4,worm-000065_189.npy
4,worm-000065_190.npy
4,worm-000065_191.npy
4,worm-000065_192.npy
2,worm-000065_193.npy
2,worm-000065_194.npy
2,worm-000065_195.npy
2,worm-000065_196.npy
2,worm-000065_197.npy
2,worm-000065_198.npy
2,worm-000065_199.npy
2,worm-000065_200.npy
2,worm-000065_201.npy
2,worm-000065_202.npy
2,worm-000065_203.npy
2,worm-000065_204.npy
1,worm-000065_205.npy
2,worm-000065_206.npy
2,worm-000065_207.npy
2,worm-000065_208.npy
1,worm-000065_209.npy
2,worm-000065_210.npy
1,worm-000065_211.npy
2,worm-000065_212.npy
2,worm-000065_213.npy
2,worm-000065_214.npy
2,worm-000065_215.npy
5,worm-000065_216.npy
2,worm-000065_217.npy
1,worm-000065_219.npy
2,worm-000065_220.npy
1,worm-000065_221.npy
1,worm-000065_222.npy
1,worm-000065_224.npy
2,worm-000065_225.npy
2,worm-000065_226.npy
1,worm-000065_227.npy
2,worm-000065_228.npy
1,worm-000065_229.npy
2,worm-000065_230.npy
2,worm-000065_231.npy
1,worm-000065_232.npy
6,worm-000065_233.npy
2,worm-000065_234.npy
1,worm-000065_235.npy
5,worm-000065_236.npy
2,worm-000065_237.npy
2,worm-000065_238.npy
1,worm-000065_240.npy
1,worm-000065_241.npy
2,worm-000065_242.npy
2,worm-000065_243.npy
4,worm-000065_244.npy
2,worm-000065_245.npy
1,worm-000065_246.npy
1,worm-000065_247.npy
1,worm-000065_248.npy
4,worm-000065_249.npy
4,worm-000065_251.npy
0,worm-000065_252.npy
2,worm-000065_253.npy
4,worm-000065_254.npy
4,worm-000065_255.npy
5,worm-000065_256.npy
5,worm-000065_257.npy
2,worm-000065_258.npy
0,worm-000065_262.npy
3,worm-000065_264.npy
5,worm-000065_265.npy
2,worm-000065_266.npy
4,worm-000065_267.npy
4,worm-000065_270.npy
4,worm-000065_271.npy
4,worm-000065_273.npy
5,worm-000065_276.npy
2,worm-000065_277.npy
2,worm-000065_278.npy
2,worm-000065_279.npy
1,worm-000065_280.npy
2,worm-000065_281.npy
2,worm-000065_282.npy
2,worm-000065_283.npy
3,worm-000065_284.npy
5,worm-000065_285.npy
2,worm-000065_286.npy
1,worm-000065_287.npy
2,worm-000065_288.npy
2,worm-000065_289.npy
1,worm-000065_290.npy
2,worm-000065_291.npy
1,worm-000065_292.npy
1,worm-000065_293.npy
2,worm-000065_294.npy
1,worm-000065_295.npy
2,worm-000065_296.npy
6,worm-000065_297.npy
1,worm-000065_298.npy
4,worm-000065_299.npy
5,worm-000065_300.npy
1,worm-000065_301.npy
4,worm-000065_303.npy
4,worm-000065_304.npy
4,worm-000065_305.npy
4,worm-000065_306.npy
5,worm-000065_307.npy
4,worm-000065_308.npy
4,worm-000065_309.npy
5,worm-000065_311.npy
5,worm-000065_312.npy
2,worm-000065_313.npy
4,worm-000065_314.npy
4,worm-000065_315.npy
4,worm-000065_316.npy
5,worm-000065_317.npy
4,worm-000065_318.npy
4,worm-000065_319.npy
4,worm-000065_320.npy
5,worm-000065_321.npy
4,worm-000065_322.npy
4,worm-000065_323.npy
5,worm-000065_324.npy
4,worm-000065_325.npy
4,worm-000065_326.npy
5,worm-000065_328.npy
4,worm-000065_329.npy
4,worm-000065_330.npy
4,worm-000065_331.npy
4,worm-000065_333.npy
4,worm-000065_334.npy
4,worm-000065_335.npy
4,worm-000065_336.npy
2,worm-000065_338.npy
2,worm-000065_339.npy
2,worm-000065_343.npy
5,worm-000065_345.npy
5,worm-000065_348.npy
4,worm-000065_349.npy
4,worm-000065_351.npy
5,worm-000065_352.npy
4,worm-000065_353.npy
5,worm-000065_354.npy
4,worm-000065_355.npy
5,worm-000065_356.npy
4,worm-000065_358.npy
5,worm-000065_360.npy
4,worm-000065_364.npy
4,worm-000065_366.npy
4,worm-000065_367.npy
4,worm-000065_368.npy
4,worm-000065_370.npy
4,worm-000065_372.npy
4,worm-000065_374.npy
4,worm-000065_377.npy
4,worm-000065_378.npy
4,worm-000065_379.npy
4,worm-000065_380.npy
2,worm-000065_073.npy
4,worm-000065_382.npy
4,worm-000065_385.npy
4,worm-000065_386.npy
5,worm-000065_387.npy
4,worm-000065_388.npy
4,worm-000065_390.npy
4,worm-000065_392.npy
4,worm-000065_393.npy
2,worm-000065_394.npy
2,worm-000065_395.npy
1,worm-000065_396.npy
1,worm-000065_397.npy
0,worm-000065_398.npy
6,worm-000065_399.npy
2,worm-000065_400.npy
4,worm-000065_401.npy
4,worm-000065_402.npy
4,worm-000065_403.npy
1,worm-000066_000.npy
1,worm-000066_001.npy
1,worm-000066_002.npy
1,worm-000066_003.npy
1,worm-000066_004.npy
1,worm-000066_005.npy
1,worm-000066_006.npy
1,worm-000066_008.npy
1,worm-000066_009.npy
1,worm-000066_010.npy
1,worm-000066_011.npy
1,worm-000066_012.npy
1,worm-000066_013.npy
1,worm-000066_014.npy
1,worm-000066_015.npy
1,worm-000066_016.npy
1,worm-000066_017.npy
1,worm-000066_018.npy
1,worm-000066_019.npy
1,worm-000066_020.npy
1,worm-000066_021.npy
0,worm-000066_022.npy
1,worm-000066_023.npy
1,worm-000066_024.npy
1,worm-000066_025.npy
1,worm-000066_026.npy
1,worm-000066_027.npy
1,worm-000066_028.npy
1,worm-000066_029.npy
0,worm-000066_030.npy
1,worm-000066_031.npy
1,worm-000066_032.npy
1,worm-000066_033.npy
1,worm-000066_034.npy
1,worm-000066_035.npy
1,worm-000066_036.npy
1,worm-000066_037.npy
1,worm-000066_038.npy
1,worm-000066_039.npy
1,worm-000066_040.npy
1,worm-000066_041.npy
1,worm-000066_042.npy
1,worm-000066_043.npy
1,worm-000066_044.npy
1,worm-000066_045.npy
1,worm-000066_046.npy
1,worm-000066_047.npy
1,worm-000066_048.npy
1,worm-000066_049.npy
1,worm-000066_050.npy
1,worm-000066_051.npy
1,worm-000066_052.npy
1,worm-000066_053.npy
0,worm-000066_054.npy
1,worm-000066_056.npy
1,worm-000066_057.npy
1,worm-000066_058.npy
1,worm-000066_059.npy
1,worm-000066_060.npy
1,worm-000066_062.npy
0,worm-000066_063.npy
5,worm-000066_064.npy
1,worm-000066_065.npy
0,worm-000066_066.npy
1,worm-000066_067.npy
3,worm-000066_068.npy
0,worm-000066_069.npy
0,worm-000066_070.npy
0,worm-000066_071.npy
0,worm-000066_072.npy
4,worm-000066_073.npy
0,worm-000066_074.npy
0,worm-000066_075.npy
0,worm-000066_076.npy
0,worm-000066_077.npy
1,worm-000066_078.npy
2,worm-000066_079.npy
1,worm-000066_080.npy
1,worm-000066_081.npy
0,worm-000066_082.npy
4,worm-000066_085.npy
1,worm-000066_086.npy
1,worm-000066_087.npy
5,worm-000066_088.npy
1,worm-000066_089.npy
4,worm-000066_090.npy
0,worm-000066_091.npy
5,worm-000066_092.npy
1,worm-000066_093.npy
1,worm-000066_094.npy
5,worm-000066_095.npy
1,worm-000066_096.npy
0,worm-000066_097.npy
0,worm-000066_098.npy
4,worm-000066_099.npy
1,worm-000066_100.npy
0,worm-000066_101.npy
0,worm-000066_102.npy
4,worm-000066_103.npy
0,worm-000066_104.npy
4,worm-000066_105.npy
0,worm-000066_106.npy
5,worm-000066_108.npy
5,worm-000066_109.npy
4,worm-000066_110.npy
4,worm-000066_114.npy
4,worm-000066_115.npy
1,worm-000066_116.npy
4,worm-000066_117.npy
4,worm-000066_118.npy
4,worm-000066_121.npy
4,worm-000066_122.npy
4,worm-000066_124.npy
6,worm-000066_125.npy
5,worm-000066_127.npy
1,worm-000066_128.npy
1,worm-000066_129.npy
1,worm-000066_130.npy
1,worm-000066_131.npy
1,worm-000066_132.npy
1,worm-000066_133.npy
1,worm-000066_134.npy
1,worm-000066_135.npy
1,worm-000066_136.npy
1,worm-000066_137.npy
1,worm-000066_138.npy
1,worm-000066_139.npy
1,worm-000066_140.npy
2,worm-000066_141.npy
1,worm-000066_142.npy
0,worm-000066_143.npy
1,worm-000066_144.npy
1,worm-000066_145.npy
1,worm-000066_146.npy
1,worm-000066_147.npy
1,worm-000066_149.npy
1,worm-000066_150.npy
1,worm-000066_151.npy
0,worm-000066_152.npy
1,worm-000066_153.npy
0,worm-000066_154.npy
1,worm-000066_155.npy
0,worm-000066_156.npy
1,worm-000066_157.npy
1,worm-000066_158.npy
1,worm-000066_159.npy
1,worm-000066_160.npy
1,worm-000066_161.npy
1,worm-000066_162.npy
1,worm-000066_163.npy
0,worm-000066_164.npy
1,worm-000066_165.npy
1,worm-000066_167.npy
1,worm-000066_168.npy
4,worm-000066_169.npy
0,worm-000066_170.npy
1,worm-000066_171.npy
0,worm-000066_172.npy
1,worm-000066_173.npy
1,worm-000066_174.npy
1,worm-000066_175.npy
1,worm-000066_176.npy
1,worm-000066_177.npy
1,worm-000066_178.npy
0,worm-000066_179.npy
4,worm-000066_180.npy
4,worm-000066_181.npy
4,worm-000066_182.npy
0,worm-000066_183.npy
0,worm-000066_184.npy
1,worm-000066_185.npy
4,worm-000066_186.npy
5,worm-000066_187.npy
5,worm-000066_188.npy
4,worm-000066_189.npy
0,worm-000066_190.npy
3,worm-000066_191.npy
1,worm-000066_192.npy
4,worm-000066_193.npy
4,worm-000066_198.npy
4,worm-000066_199.npy
1,worm-000066_201.npy
1,worm-000066_202.npy
4,worm-000066_203.npy
4,worm-000066_204.npy
4,worm-000066_206.npy
1,worm-000066_208.npy
1,worm-000066_209.npy
1,worm-000066_210.npy
1,worm-000066_211.npy
1,worm-000066_212.npy
1,worm-000066_213.npy
1,worm-000066_214.npy
1,worm-000066_215.npy
1,worm-000066_216.npy
1,worm-000066_217.npy
1,worm-000066_218.npy
1,worm-000066_219.npy
1,worm-000066_220.npy
1,worm-000066_221.npy
1,worm-000066_222.npy
1,worm-000066_223.npy
1,worm-000066_224.npy
0,worm-000066_225.npy
1,worm-000066_226.npy
1,worm-000066_227.npy
1,worm-000066_228.npy
1,worm-000066_229.npy
1,worm-000066_230.npy
2,worm-000066_231.npy
6,worm-000066_232.npy
1,worm-000066_233.npy
1,worm-000066_234.npy
6,worm-000066_235.npy
1,worm-000066_236.npy
2,worm-000066_237.npy
1,worm-000066_238.npy
1,worm-000066_239.npy
5,worm-000066_240.npy
0,worm-000066_241.npy
0,worm-000066_242.npy
1,worm-000066_243.npy
2,worm-000066_244.npy
1,worm-000066_245.npy
1,worm-000066_246.npy
0,worm-000066_247.npy
5,worm-000066_248.npy
0,worm-000066_249.npy
1,worm-000066_250.npy
1,worm-000066_251.npy
0,worm-000066_252.npy
1,worm-000066_253.npy
4,worm-000066_255.npy
1,worm-000066_256.npy
1,worm-000066_257.npy
1,worm-000066_258.npy
1,worm-000066_259.npy
0,worm-000066_260.npy
5,worm-000066_261.npy
0,worm-000066_262.npy
0,worm-000066_264.npy
4,worm-000066_265.npy
1,worm-000066_269.npy
5,worm-000066_271.npy
4,worm-000066_274.npy
0,worm-000066_275.npy
4,worm-000066_280.npy
5,worm-000066_283.npy
1,worm-000066_284.npy
5,worm-000066_285.npy
4,worm-000066_288.npy
5,worm-000066_289.npy
1,worm-000066_290.npy
1,worm-000066_291.npy
1,worm-000066_292.npy
1,worm-000066_293.npy
1,worm-000066_294.npy
1,worm-000066_295.npy
1,worm-000066_296.npy
1,worm-000066_297.npy
1,worm-000066_298.npy
4,worm-000066_299.npy
1,worm-000066_300.npy
2,worm-000066_301.npy
1,worm-000066_302.npy
1,worm-000066_303.npy
1,worm-000066_304.npy
1,worm-000066_305.npy
1,worm-000066_306.npy
1,worm-000066_308.npy
1,worm-000066_309.npy
4,worm-000066_310.npy
1,worm-000066_311.npy
1,worm-000066_312.npy
5,worm-000066_313.npy
1,worm-000066_315.npy
4,worm-000066_316.npy
0,worm-000066_317.npy
3,worm-000066_318.npy
4,worm-000066_320.npy
1,worm-000066_322.npy
4,worm-000066_324.npy
4,worm-000066_325.npy
5,worm-000066_326.npy
4,worm-000066_327.npy
5,worm-000066_329.npy
4,worm-000066_330.npy
1,worm-000066_332.npy
4,worm-000066_333.npy
1,worm-000066_335.npy
5,worm-000066_337.npy
5,worm-000066_338.npy
4,worm-000066_341.npy
4,worm-000066_348.npy
4,worm-000066_349.npy
4,worm-000066_350.npy
1,worm-000066_351.npy
4,worm-000066_352.npy
4,worm-000066_353.npy
4,worm-000066_354.npy
5,worm-000066_356.npy
4,worm-000066_359.npy
0,worm-000066_363.npy
4,worm-000066_365.npy
1,worm-000066_367.npy
3,worm-000066_370.npy
4,worm-000066_371.npy
4,worm-000066_372.npy
4,worm-000066_373.npy
5,worm-000066_375.npy
4,worm-000066_376.npy
4,worm-000066_377.npy
0,worm-000066_378.npy
0,worm-000066_379.npy
4,worm-000066_380.npy
0,worm-000066_381.npy
0,worm-000066_382.npy
4,worm-000066_383.npy
1,worm-000066_384.npy
4,worm-000066_385.npy
1,worm-000066_386.npy
0,worm-000066_387.npy
1,worm-000067_000.npy
1,worm-000067_001.npy
1,worm-000067_002.npy
2,worm-000067_003.npy
1,worm-000067_004.npy
1,worm-000067_005.npy
1,worm-000067_006.npy
1,worm-000067_007.npy
1,worm-000067_008.npy
2,worm-000067_009.npy
1,worm-000067_010.npy
2,worm-000067_011.npy
1,worm-000067_012.npy
1,worm-000067_013.npy
1,worm-000067_014.npy
1,worm-000067_015.npy
1,worm-000067_016.npy
1,worm-000067_017.npy
1,worm-000067_018.npy
2,worm-000067_019.npy
2,worm-000067_021.npy
1,worm-000067_022.npy
4,worm-000067_023.npy
2,worm-000067_024.npy
1,worm-000067_026.npy
1,worm-000067_027.npy
1,worm-000067_028.npy
1,worm-000067_029.npy
1,worm-000067_030.npy
1,worm-000067_031.npy
1,worm-000067_032.npy
2,worm-000067_034.npy
1,worm-000067_035.npy
1,worm-000067_036.npy
1,worm-000067_037.npy
1,worm-000067_038.npy
1,worm-000067_039.npy
2,worm-000067_040.npy
1,worm-000067_041.npy
1,worm-000067_042.npy
2,worm-000067_043.npy
6,worm-000067_044.npy
0,worm-000067_045.npy
2,worm-000067_046.npy
1,worm-000067_047.npy
1,worm-000067_048.npy
1,worm-000067_049.npy
1,worm-000067_050.npy
1,worm-000067_051.npy
4,worm-000067_052.npy
1,worm-000067_054.npy
2,worm-000067_055.npy
1,worm-000067_056.npy
5,worm-000067_058.npy
4,worm-000067_060.npy
2,worm-000067_061.npy
0,worm-000067_062.npy
1,worm-000067_063.npy
4,worm-000067_064.npy
4,worm-000067_065.npy
1,worm-000067_066.npy
1,worm-000067_067.npy
1,worm-000067_069.npy
4,worm-000067_070.npy
1,worm-000067_071.npy
1,worm-000067_072.npy
4,worm-000067_073.npy
1,worm-000067_074.npy
5,worm-000067_075.npy
4,worm-000067_076.npy
1,worm-000067_077.npy
1,worm-000067_078.npy
0,worm-000067_079.npy
1,worm-000067_080.npy
4,worm-000067_081.npy
1,worm-000067_082.npy
2,worm-000067_083.npy
4,worm-000067_084.npy
1,worm-000067_085.npy
4,worm-000067_086.npy
4,worm-000067_087.npy
4,worm-000067_088.npy
4,worm-000067_089.npy
4,worm-000067_090.npy
4,worm-000067_092.npy
1,worm-000067_094.npy
4,worm-000067_095.npy
4,worm-000067_096.npy
5,worm-000067_097.npy
4,worm-000067_098.npy
4,worm-000067_099.npy
0,worm-000067_100.npy
4,worm-000067_102.npy
1,worm-000067_103.npy
4,worm-000067_104.npy
4,worm-000067_105.npy
4,worm-000067_110.npy
4,worm-000067_112.npy
4,worm-000067_113.npy
4,worm-000067_114.npy
4,worm-000067_116.npy
5,worm-000067_118.npy
4,worm-000067_119.npy
4,worm-000067_120.npy
4,worm-000067_121.npy
4,worm-000067_123.npy
5,worm-000067_124.npy
4,worm-000067_125.npy
4,worm-000067_129.npy
4,worm-000067_133.npy
1,worm-000067_134.npy
1,worm-000067_135.npy
2,worm-000067_136.npy
2,worm-000067_137.npy
1,worm-000067_138.npy
1,worm-000067_139.npy
2,worm-000067_140.npy
1,worm-000067_141.npy
2,worm-000067_142.npy
1,worm-000067_143.npy
0,worm-000067_144.npy
2,worm-000067_145.npy
1,worm-000067_146.npy
1,worm-000067_147.npy
1,worm-000067_148.npy
1,worm-000067_149.npy
1,worm-000067_150.npy
2,worm-000067_151.npy
2,worm-000067_152.npy
1,worm-000067_153.npy
2,worm-000067_154.npy
1,worm-000067_155.npy
1,worm-000067_156.npy
2,worm-000067_157.npy
2,worm-000067_158.npy
1,worm-000067_159.npy
1,worm-000067_160.npy
1,worm-000067_161.npy
1,worm-000067_162.npy
4,worm-000067_163.npy
1,worm-000067_164.npy
2,worm-000067_165.npy
2,worm-000067_166.npy
4,worm-000067_167.npy
4,worm-000067_168.npy
4,worm-000067_169.npy
4,worm-000067_170.npy
0,worm-000067_171.npy
0,worm-000067_172.npy
4,worm-000067_173.npy
4,worm-000067_174.npy
4,worm-000067_175.npy
4,worm-000067_176.npy
4,worm-000067_177.npy
4,worm-000067_178.npy
4,worm-000067_179.npy
4,worm-000067_181.npy
4,worm-000067_182.npy
4,worm-000067_183.npy
4,worm-000067_184.npy
4,worm-000067_185.npy
2,worm-000067_186.npy
4,worm-000067_188.npy
2,worm-000067_189.npy
4,worm-000067_190.npy
4,worm-000067_191.npy
4,worm-000067_192.npy
4,worm-000067_193.npy
4,worm-000067_194.npy
4,worm-000067_195.npy
4,worm-000067_196.npy
4,worm-000067_197.npy
4,worm-000067_198.npy
4,worm-000067_199.npy
4,worm-000067_200.npy
4,worm-000067_201.npy
4,worm-000067_202.npy
1,worm-000067_204.npy
2,worm-000067_205.npy
1,worm-000067_206.npy
1,worm-000067_207.npy
1,worm-000067_208.npy
1,worm-000067_209.npy
2,worm-000067_210.npy
1,worm-000067_211.npy
1,worm-000067_212.npy
1,worm-000067_213.npy
1,worm-000067_214.npy
1,worm-000067_215.npy
2,worm-000067_216.npy
1,worm-000067_217.npy
2,worm-000067_218.npy
1,worm-000067_219.npy
1,worm-000067_220.npy
1,worm-000067_221.npy
1,worm-000067_222.npy
1,worm-000067_223.npy
1,worm-000067_224.npy
1,worm-000067_225.npy
1,worm-000067_226.npy
1,worm-000067_227.npy
1,worm-000067_228.npy
2,worm-000067_229.npy
1,worm-000067_230.npy
1,worm-000067_231.npy
2,worm-000067_232.npy
1,worm-000067_233.npy
1,worm-000067_234.npy
2,worm-000067_235.npy
2,worm-000067_236.npy
1,worm-000067_237.npy
1,worm-000067_238.npy
1,worm-000067_239.npy
2,worm-000067_240.npy
1,worm-000067_241.npy
1,worm-000067_242.npy
1,worm-000067_243.npy
1,worm-000067_244.npy
0,worm-000067_245.npy
2,worm-000067_246.npy
2,worm-000067_247.npy
1,worm-000067_248.npy
1,worm-000067_249.npy
0,worm-000067_250.npy
0,worm-000067_251.npy
1,worm-000067_252.npy
2,worm-000067_253.npy
1,worm-000067_254.npy
2,worm-000067_255.npy
2,worm-000067_256.npy
1,worm-000067_257.npy
1,worm-000067_258.npy
4,worm-000067_259.npy
4,worm-000067_260.npy
4,worm-000067_261.npy
4,worm-000067_262.npy
5,worm-000067_263.npy
4,worm-000067_264.npy
5,worm-000067_265.npy
4,worm-000067_266.npy
4,worm-000067_267.npy
4,worm-000067_268.npy
0,worm-000067_269.npy
4,worm-000067_272.npy
4,worm-000067_273.npy
4,worm-000067_274.npy
4,worm-000067_275.npy
4,worm-000067_276.npy
4,worm-000067_277.npy
5,worm-000067_279.npy
4,worm-000067_280.npy
4,worm-000067_282.npy
1,worm-000067_283.npy
2,worm-000067_284.npy
1,worm-000067_285.npy
2,worm-000067_286.npy
2,worm-000067_287.npy
1,worm-000067_288.npy
1,worm-000067_289.npy
1,worm-000067_290.npy
1,worm-000067_291.npy
2,worm-000067_292.npy
1,worm-000067_293.npy
1,worm-000067_294.npy
1,worm-000067_295.npy
1,worm-000067_296.npy
1,worm-000067_297.npy
1,worm-000067_298.npy
1,worm-000067_299.npy
1,worm-000067_300.npy
2,worm-000067_301.npy
1,worm-000067_302.npy
1,worm-000067_303.npy
2,worm-000067_304.npy
1,worm-000067_305.npy
1,worm-000067_306.npy
6,worm-000067_307.npy
4,worm-000067_308.npy
4,worm-000067_309.npy
4,worm-000067_310.npy
2,worm-000067_311.npy
4,worm-000067_312.npy
4,worm-000067_313.npy
4,worm-000067_314.npy
4,worm-000067_315.npy
5,worm-000067_316.npy
4,worm-000067_317.npy
4,worm-000067_318.npy
4,worm-000067_319.npy
4,worm-000067_320.npy
4,worm-000067_321.npy
5,worm-000067_322.npy
4,worm-000067_324.npy
1,worm-000067_326.npy
5,worm-000067_328.npy
5,worm-000067_330.npy
4,worm-000067_332.npy
4,worm-000067_333.npy
4,worm-000067_334.npy
4,worm-000067_336.npy
4,worm-000067_338.npy
4,worm-000067_342.npy
4,worm-000067_343.npy
4,worm-000067_345.npy
4,worm-000067_347.npy
4,worm-000067_349.npy
4,worm-000067_352.npy
4,worm-000067_355.npy
4,worm-000067_356.npy
2,worm-000067_359.npy
4,worm-000067_360.npy
4,worm-000067_361.npy
4,worm-000067_362.npy
4,worm-000067_364.npy
4,worm-000067_370.npy
4,worm-000067_371.npy
5,worm-000067_372.npy
4,worm-000067_373.npy
1,worm-000067_374.npy
4,worm-000067_375.npy
1,worm-000067_376.npy
4,worm-000067_377.npy
5,worm-000067_378.npy
4,worm-000067_379.npy
2,worm-000067_380.npy
1,worm-000068_000.npy
1,worm-000068_001.npy
1,worm-000068_002.npy
1,worm-000068_003.npy
1,worm-000068_004.npy
1,worm-000068_005.npy
1,worm-000068_006.npy
1,worm-000068_007.npy
1,worm-000068_008.npy
1,worm-000068_009.npy
1,worm-000068_010.npy
1,worm-000068_011.npy
2,worm-000068_012.npy
1,worm-000068_013.npy
1,worm-000068_014.npy
2,worm-000068_015.npy
1,worm-000068_016.npy
1,worm-000068_017.npy
1,worm-000068_018.npy
1,worm-000068_019.npy
1,worm-000068_020.npy
1,worm-000068_021.npy
2,worm-000068_022.npy
1,worm-000068_023.npy
1,worm-000068_024.npy
1,worm-000068_025.npy
1,worm-000068_026.npy
1,worm-000068_029.npy
1,worm-000068_030.npy
1,worm-000068_031.npy
1,worm-000068_033.npy
1,worm-000068_034.npy
2,worm-000068_035.npy
1,worm-000068_036.npy
0,worm-000068_037.npy
1,worm-000068_039.npy
1,worm-000068_041.npy
1,worm-000068_042.npy
1,worm-000068_043.npy
2,worm-000068_044.npy
1,worm-000068_046.npy
0,worm-000068_047.npy
1,worm-000068_048.npy
1,worm-000068_049.npy
1,worm-000068_050.npy
1,worm-000068_052.npy
1,worm-000068_053.npy
1,worm-000068_054.npy
1,worm-000068_055.npy
1,worm-000068_057.npy
1,worm-000068_058.npy
0,worm-000068_059.npy
1,worm-000068_060.npy
0,worm-000068_061.npy
1,worm-000068_062.npy
5,worm-000068_064.npy
2,worm-000068_065.npy
1,worm-000068_066.npy
1,worm-000068_067.npy
1,worm-000068_068.npy
1,worm-000068_069.npy
1,worm-000068_070.npy
1,worm-000068_071.npy
4,worm-000068_072.npy
1,worm-000068_073.npy
1,worm-000068_074.npy
1,worm-000068_075.npy
5,worm-000068_076.npy
5,worm-000068_077.npy
4,worm-000068_078.npy
1,worm-000068_079.npy
1,worm-000068_080.npy
0,worm-000068_082.npy
1,worm-000068_083.npy
1,worm-000068_084.npy
1,worm-000068_085.npy
4,worm-000068_087.npy
4,worm-000068_088.npy
0,worm-000068_089.npy
1,worm-000068_090.npy
1,worm-000068_091.npy
4,worm-000068_092.npy
0,worm-000068_093.npy
4,worm-000068_094.npy
0,worm-000068_095.npy
0,worm-000068_097.npy
4,worm-000068_099.npy
0,worm-000068_100.npy
0,worm-000068_101.npy
4,worm-000068_102.npy
4,worm-000068_103.npy
4,worm-000068_104.npy
5,worm-000068_105.npy
4,worm-000068_107.npy
4,worm-000068_109.npy
4,worm-000068_110.npy
4,worm-000068_111.npy
4,worm-000068_113.npy
3,worm-000068_114.npy
3,worm-000068_115.npy
3,worm-000068_116.npy
4,worm-000068_117.npy
5,worm-000068_119.npy
4,worm-000068_120.npy
4,worm-000068_121.npy
4,worm-000068_122.npy
4,worm-000068_126.npy
4,worm-000068_127.npy
4,worm-000068_128.npy
5,worm-000068_131.npy
4,worm-000068_132.npy
4,worm-000068_133.npy
4,worm-000068_134.npy
4,worm-000068_135.npy
5,worm-000068_137.npy
4,worm-000068_138.npy
4,worm-000068_139.npy
4,worm-000068_140.npy
4,worm-000068_142.npy
1,worm-000068_143.npy
1,worm-000068_144.npy
1,worm-000068_145.npy
1,worm-000068_146.npy
1,worm-000068_147.npy
1,worm-000068_148.npy
1,worm-000068_149.npy
1,worm-000068_150.npy
1,worm-000068_151.npy
1,worm-000068_152.npy
1,worm-000068_154.npy
1,worm-000068_155.npy
1,worm-000068_156.npy
1,worm-000068_157.npy
1,worm-000068_158.npy
1,worm-000068_160.npy
1,worm-000068_161.npy
1,worm-000068_162.npy
1,worm-000068_163.npy
1,worm-000068_164.npy
1,worm-000068_165.npy
1,worm-000068_166.npy
1,worm-000068_167.npy
1,worm-000068_168.npy
1,worm-000068_169.npy
1,worm-000068_170.npy
1,worm-000068_171.npy
1,worm-000068_172.npy
1,worm-000068_173.npy
1,worm-000068_174.npy
5,worm-000068_175.npy
1,worm-000068_176.npy
0,worm-000068_177.npy
0,worm-000068_178.npy
1,worm-000068_179.npy
1,worm-000068_180.npy
1,worm-000068_181.npy
1,worm-000068_182.npy
1,worm-000068_183.npy
1,worm-000068_184.npy
1,worm-000068_185.npy
1,worm-000068_186.npy
1,worm-000068_187.npy
0,worm-000068_188.npy
1,worm-000068_189.npy
1,worm-000068_190.npy
1,worm-000068_191.npy
0,worm-000068_192.npy
1,worm-000068_193.npy
1,worm-000068_194.npy
1,worm-000068_195.npy
0,worm-000068_196.npy
1,worm-000068_197.npy
0,worm-000068_198.npy
4,worm-000068_199.npy
1,worm-000068_200.npy
0,worm-000068_202.npy
1,worm-000068_203.npy
1,worm-000068_204.npy
1,worm-000068_205.npy
1,worm-000068_206.npy
4,worm-000068_207.npy
5,worm-000068_208.npy
1,worm-000068_209.npy
1,worm-000068_210.npy
1,worm-000068_211.npy
1,worm-000068_212.npy
1,worm-000068_213.npy
4,worm-000068_214.npy
4,worm-000068_215.npy
3,worm-000068_217.npy
1,worm-000068_218.npy
4,worm-000068_219.npy
4,worm-000068_220.npy
1,worm-000068_221.npy
4,worm-000068_223.npy
1,worm-000068_224.npy
4,worm-000068_225.npy
4,worm-000068_226.npy
1,worm-000068_227.npy
3,worm-000068_228.npy
4,worm-000068_229.npy
4,worm-000068_230.npy
4,worm-000068_231.npy
1,worm-000068_232.npy
3,worm-000068_236.npy
5,worm-000068_238.npy
4,worm-000068_239.npy
5,worm-000068_240.npy
3,worm-000068_241.npy
1,worm-000068_245.npy
4,worm-000068_246.npy
4,worm-000068_247.npy
1,worm-000068_248.npy
1,worm-000068_250.npy
1,worm-000068_251.npy
1,worm-000068_252.npy
1,worm-000068_253.npy
1,worm-000068_254.npy
1,worm-000068_255.npy
2,worm-000068_256.npy
1,worm-000068_257.npy
5,worm-000068_258.npy
1,worm-000068_259.npy
1,worm-000068_261.npy
1,worm-000068_262.npy
1,worm-000068_263.npy
1,worm-000068_264.npy
4,worm-000068_265.npy
1,worm-000068_266.npy
1,worm-000068_267.npy
1,worm-000068_268.npy
0,worm-000068_269.npy
0,worm-000068_270.npy
0,worm-000068_271.npy
2,worm-000068_272.npy
4,worm-000068_273.npy
1,worm-000068_274.npy
1,worm-000068_275.npy
1,worm-000068_276.npy
5,worm-000068_277.npy
4,worm-000068_278.npy
4,worm-000068_279.npy
4,worm-000068_280.npy
4,worm-000068_281.npy
4,worm-000068_283.npy
3,worm-000068_284.npy
4,worm-000068_285.npy
4,worm-000068_287.npy
4,worm-000068_288.npy
0,worm-000068_289.npy
1,worm-000068_290.npy
4,worm-000068_291.npy
4,worm-000068_294.npy
1,worm-000068_295.npy
4,worm-000068_296.npy
4,worm-000068_297.npy
4,worm-000068_298.npy
4,worm-000068_299.npy
1,worm-000068_302.npy
1,worm-000068_303.npy
1,worm-000068_304.npy
1,worm-000068_305.npy
1,worm-000068_306.npy
1,worm-000068_308.npy
1,worm-000068_309.npy
1,worm-000068_310.npy
1,worm-000068_311.npy
1,worm-000068_312.npy
1,worm-000068_313.npy
1,worm-000068_314.npy
1,worm-000068_315.npy
1,worm-000068_316.npy
1,worm-000068_317.npy
1,worm-000068_318.npy
0,worm-000068_319.npy
1,worm-000068_320.npy
0,worm-000068_321.npy
1,worm-000068_322.npy
0,worm-000068_323.npy
4,worm-000068_324.npy
2,worm-000068_325.npy
4,worm-000068_326.npy
4,worm-000068_327.npy
1,worm-000068_328.npy
4,worm-000068_329.npy
4,worm-000068_332.npy
4,worm-000068_335.npy
4,worm-000068_337.npy
5,worm-000068_338.npy
4,worm-000068_339.npy
5,worm-000068_341.npy
5,worm-000068_342.npy
4,worm-000068_343.npy
1,worm-000068_346.npy
5,worm-000068_348.npy
5,worm-000068_350.npy
5,worm-000068_351.npy
4,worm-000068_352.npy
4,worm-000068_353.npy
4,worm-000068_358.npy
4,worm-000068_360.npy
1,worm-000068_361.npy
4,worm-000068_362.npy
4,worm-000068_363.npy
4,worm-000068_364.npy
4,worm-000068_365.npy
5,worm-000068_367.npy
4,worm-000068_369.npy
4,worm-000068_374.npy
4,worm-000068_375.npy
1,worm-000068_376.npy
4,worm-000068_380.npy
4,worm-000068_381.npy
4,worm-000068_387.npy
4,worm-000068_388.npy
4,worm-000068_390.npy
4,worm-000068_392.npy
5,worm-000068_393.npy
5,worm-000068_394.npy
1,worm-000068_395.npy
1,worm-000068_396.npy
1,worm-000068_397.npy
1,worm-000068_398.npy
1,worm-000068_399.npy
1,worm-000068_400.npy
1,worm-000068_401.npy
4,worm-000068_402.npy
1,worm-000068_403.npy
1,worm-000068_404.npy
4,worm-000068_405.npy
4,worm-000068_406.npy
4,worm-000068_407.npy
0,worm-000068_408.npy
4,worm-000068_409.npy
4,worm-000068_410.npy
4,worm-000068_411.npy
2,worm-000069_000.npy
2,worm-000069_001.npy
2,worm-000069_002.npy
2,worm-000069_003.npy
2,worm-000069_004.npy
2,worm-000069_005.npy
2,worm-000069_006.npy
1,worm-000069_007.npy
1,worm-000069_008.npy
1,worm-000069_009.npy
2,worm-000069_010.npy
2,worm-000069_011.npy
1,worm-000069_012.npy
2,worm-000069_013.npy
2,worm-000069_014.npy
5,worm-000069_015.npy
1,worm-000069_016.npy
2,worm-000069_017.npy
2,worm-000069_018.npy
2,worm-000069_019.npy
2,worm-000069_020.npy
3,worm-000069_021.npy
1,worm-000069_022.npy
1,worm-000069_024.npy
2,worm-000069_025.npy
2,worm-000069_026.npy
1,worm-000069_027.npy
1,worm-000069_028.npy
0,worm-000069_029.npy
2,worm-000069_030.npy
2,worm-000069_032.npy
1,worm-000069_033.npy
2,worm-000069_034.npy
2,worm-000069_035.npy
2,worm-000069_036.npy
2,worm-000069_037.npy
2,worm-000069_038.npy
0,worm-000069_039.npy
2,worm-000069_040.npy
0,worm-000069_041.npy
2,worm-000069_042.npy
2,worm-000069_043.npy
2,worm-000069_044.npy
2,worm-000069_045.npy
2,worm-000069_046.npy
2,worm-000069_047.npy
1,worm-000069_048.npy
2,worm-000069_049.npy
2,worm-000069_050.npy
1,worm-000069_051.npy
2,worm-000069_052.npy
1,worm-000069_053.npy
2,worm-000069_054.npy
1,worm-000069_055.npy
1,worm-000069_056.npy
0,worm-000069_057.npy
4,worm-000069_058.npy
2,worm-000069_059.npy
2,worm-000069_060.npy
4,worm-000069_061.npy
2,worm-000069_062.npy
4,worm-000069_063.npy
0,worm-000069_064.npy
2,worm-000069_066.npy
2,worm-000069_067.npy
4,worm-000069_068.npy
4,worm-000069_069.npy
1,worm-000069_070.npy
2,worm-000069_071.npy
3,worm-000069_072.npy
0,worm-000069_073.npy
0,worm-000069_074.npy
2,worm-000069_075.npy
4,worm-000069_076.npy
4,worm-000069_077.npy
4,worm-000069_079.npy
4,worm-000069_080.npy
3,worm-000069_081.npy
4,worm-000069_082.npy
2,worm-000069_083.npy
3,worm-000069_084.npy
4,worm-000069_085.npy
4,worm-000069_086.npy
4,worm-000069_087.npy
5,worm-000069_089.npy
1,worm-000069_090.npy
4,worm-000069_091.npy
4,worm-000069_092.npy
2,worm-000069_093.npy
2,worm-000069_095.npy
2,worm-000069_096.npy
4,worm-000069_098.npy
4,worm-000069_099.npy
3,worm-000069_100.npy
4,worm-000069_101.npy
4,worm-000069_103.npy
5,worm-000069_104.npy
5,worm-000069_108.npy
5,worm-000069_109.npy
5,worm-000069_110.npy
1,worm-000069_111.npy
2,worm-000069_112.npy
2,worm-000069_113.npy
2,worm-000069_114.npy
2,worm-000069_115.npy
1,worm-000069_116.npy
2,worm-000069_117.npy
1,worm-000069_118.npy
2,worm-000069_119.npy
2,worm-000069_120.npy
2,worm-000069_121.npy
2,worm-000069_122.npy
2,worm-000069_123.npy
2,worm-000069_124.npy
1,worm-000069_125.npy
2,worm-000069_126.npy
2,worm-000069_127.npy
2,worm-000069_128.npy
2,worm-000069_129.npy
2,worm-000069_130.npy
2,worm-000069_131.npy
2,worm-000069_132.npy
1,worm-000069_133.npy
1,worm-000069_134.npy
2,worm-000069_135.npy
2,worm-000069_136.npy
2,worm-000069_137.npy
1,worm-000069_138.npy
1,worm-000069_139.npy
1,worm-000069_140.npy
2,worm-000069_141.npy
2,worm-000069_142.npy
2,worm-000069_143.npy
1,worm-000069_144.npy
5,worm-000069_145.npy
2,worm-000069_146.npy
2,worm-000069_147.npy
2,worm-000069_148.npy
2,worm-000069_149.npy
2,worm-000069_151.npy
2,worm-000069_152.npy
2,worm-000069_153.npy
2,worm-000069_154.npy
2,worm-000069_155.npy
2,worm-000069_156.npy
2,worm-000069_158.npy
5,worm-000069_159.npy
5,worm-000069_160.npy
5,worm-000069_161.npy
1,worm-000069_162.npy
0,worm-000069_165.npy
4,worm-000069_166.npy
4,worm-000069_167.npy
1,worm-000069_168.npy
1,worm-000069_169.npy
2,worm-000069_170.npy
2,worm-000069_172.npy
2,worm-000069_173.npy
4,worm-000069_174.npy
4,worm-000069_175.npy
2,worm-000069_176.npy
4,worm-000069_177.npy
1,worm-000069_178.npy
2,worm-000069_180.npy
1,worm-000069_181.npy
2,worm-000069_182.npy
4,worm-000069_183.npy
4,worm-000069_185.npy
4,worm-000069_186.npy
3,worm-000069_187.npy
4,worm-000069_188.npy
5,worm-000069_189.npy
4,worm-000069_191.npy
4,worm-000069_192.npy
4,worm-000069_194.npy
5,worm-000069_195.npy
4,worm-000069_196.npy
4,worm-000069_199.npy
5,worm-000069_200.npy
5,worm-000069_201.npy
2,worm-000069_203.npy
4,worm-000069_204.npy
4,worm-000069_205.npy
4,worm-000069_206.npy
2,worm-000069_207.npy
4,worm-000069_208.npy
4,worm-000069_210.npy
4,worm-000069_211.npy
4,worm-000069_212.npy
4,worm-000069_213.npy
1,worm-000069_215.npy
1,worm-000069_216.npy
2,worm-000069_217.npy
1,worm-000069_218.npy
1,worm-000069_219.npy
1,worm-000069_220.npy
1,worm-000069_221.npy
2,worm-000069_222.npy
1,worm-000069_223.npy
2,worm-000069_224.npy
2,worm-000069_225.npy
2,worm-000069_226.npy
2,worm-000069_228.npy
4,worm-000069_229.npy
1,worm-000069_230.npy
1,worm-000069_231.npy
2,worm-000069_232.npy
2,worm-000069_233.npy
2,worm-000069_234.npy
2,worm-000069_235.npy
1,worm-000069_236.npy
1,worm-000069_237.npy
2,worm-000069_238.npy
2,worm-000069_239.npy
2,worm-000069_240.npy
0,worm-000069_242.npy
2,worm-000069_243.npy
1,worm-000069_244.npy
4,worm-000069_246.npy
3,worm-000069_247.npy
2,worm-000069_249.npy
1,worm-000069_250.npy
1,worm-000069_251.npy
5,worm-000069_252.npy
1,worm-000069_253.npy
2,worm-000069_254.npy
2,worm-000069_255.npy
0,worm-000069_256.npy
0,worm-000069_257.npy
4,worm-000069_258.npy
2,worm-000069_259.npy
2,worm-000069_260.npy
0,worm-000069_261.npy
4,worm-000069_263.npy
4,worm-000069_264.npy
1,worm-000069_265.npy
2,worm-000069_266.npy
2,worm-000069_267.npy
2,worm-000069_268.npy
1,worm-000069_269.npy
4,worm-000069_270.npy
5,worm-000069_271.npy
4,worm-000069_272.npy
4,worm-000069_273.npy
2,worm-000069_274.npy
4,worm-000069_277.npy
2,worm-000069_278.npy
4,worm-000069_279.npy
4,worm-000069_280.npy
5,worm-000069_281.npy
5,worm-000069_282.npy
4,worm-000069_285.npy
2,worm-000069_286.npy
4,worm-000069_287.npy
4,worm-000069_288.npy
5,worm-000069_289.npy
4,worm-000069_291.npy
4,worm-000069_292.npy
5,worm-000069_293.npy
5,worm-000069_295.npy
2,worm-000069_296.npy
2,worm-000069_297.npy
1,worm-000069_298.npy
1,worm-000069_299.npy
1,worm-000069_300.npy
2,worm-000069_301.npy
2,worm-000069_302.npy
2,worm-000069_303.npy
2,worm-000069_305.npy
1,worm-000069_307.npy
2,worm-000069_308.npy
2,worm-000069_309.npy
2,worm-000069_310.npy
1,worm-000069_311.npy
2,worm-000069_312.npy
1,worm-000069_313.npy
2,worm-000069_314.npy
1,worm-000069_315.npy
1,worm-000069_316.npy
5,worm-000069_317.npy
1,worm-000069_318.npy
2,worm-000069_319.npy
2,worm-000069_320.npy
3,worm-000069_321.npy
2,worm-000069_322.npy
4,worm-000069_323.npy
4,worm-000069_324.npy
3,worm-000069_326.npy
4,worm-000069_327.npy
3,worm-000069_328.npy
4,worm-000069_329.npy
0,worm-000069_330.npy
4,worm-000069_331.npy
6,worm-000069_332.npy
4,worm-000069_335.npy
4,worm-000069_338.npy
2,worm-000069_342.npy
4,worm-000069_343.npy
5,worm-000069_344.npy
4,worm-000069_346.npy
4,worm-000069_347.npy
4,worm-000069_349.npy
4,worm-000069_350.npy
4,worm-000069_351.npy
4,worm-000069_353.npy
2,worm-000069_354.npy
1,worm-000069_355.npy
2,worm-000069_357.npy
4,worm-000069_358.npy
2,worm-000069_360.npy
4,worm-000069_362.npy
5,worm-000069_365.npy
6,worm-000069_368.npy
4,worm-000069_369.npy
4,worm-000069_370.npy
4,worm-000069_372.npy
4,worm-000069_373.npy
5,worm-000069_374.npy
4,worm-000069_375.npy
4,worm-000069_379.npy
4,worm-000069_383.npy
5,worm-000069_385.npy
5,worm-000069_390.npy
4,worm-000069_392.npy
4,worm-000069_393.npy
4,worm-000069_394.npy
4,worm-000069_395.npy
4,worm-000069_396.npy
4,worm-000069_397.npy
4,worm-000069_398.npy
4,worm-000069_400.npy
4,worm-000069_401.npy
4,worm-000069_402.npy
4,worm-000069_404.npy
5,worm-000069_410.npy
4,worm-000069_411.npy
4,worm-000069_412.npy
5,worm-000069_413.npy
4,worm-000069_414.npy
4,worm-000069_415.npy
2,worm-000069_416.npy
4,worm-000069_417.npy
1,worm-000069_418.npy
1,worm-000069_419.npy
1,worm-000069_420.npy
1,worm-000069_421.npy
1,worm-000069_422.npy
2,worm-000069_423.npy
2,worm-000069_424.npy
2,worm-000069_425.npy
0,worm-000069_426.npy
1,worm-000069_427.npy
1,worm-000069_428.npy
1,worm-000069_429.npy
2,worm-000069_430.npy
0,worm-000069_431.npy
1,worm-000070_000.npy
1,worm-000070_001.npy
1,worm-000070_002.npy
1,worm-000070_003.npy
1,worm-000070_004.npy
1,worm-000070_005.npy
1,worm-000070_006.npy
1,worm-000070_007.npy
1,worm-000070_008.npy
1,worm-000070_009.npy
1,worm-000070_010.npy
1,worm-000070_011.npy
1,worm-000070_012.npy
1,worm-000070_013.npy
1,worm-000070_014.npy
1,worm-000070_015.npy
1,worm-000070_016.npy
1,worm-000070_017.npy
1,worm-000070_018.npy
1,worm-000070_019.npy
1,worm-000070_020.npy
5,worm-000070_021.npy
1,worm-000070_022.npy
1,worm-000070_023.npy
1,worm-000070_024.npy
2,worm-000070_025.npy
1,worm-000070_026.npy
1,worm-000070_027.npy
1,worm-000070_028.npy
2,worm-000070_029.npy
1,worm-000070_030.npy
1,worm-000070_031.npy
1,worm-000070_032.npy
1,worm-000070_033.npy
1,worm-000070_034.npy
1,worm-000070_035.npy
1,worm-000070_036.npy
1,worm-000070_037.npy
1,worm-000070_038.npy
1,worm-000070_039.npy
1,worm-000070_040.npy
0,worm-000070_041.npy
1,worm-000070_042.npy
0,worm-000070_043.npy
1,worm-000070_044.npy
1,worm-000070_045.npy
1,worm-000070_046.npy
1,worm-000070_047.npy
1,worm-000070_048.npy
1,worm-000070_050.npy
0,worm-000070_051.npy
1,worm-000070_052.npy
1,worm-000070_053.npy
1,worm-000070_054.npy
1,worm-000070_055.npy
1,worm-000070_056.npy
4,worm-000070_057.npy
0,worm-000070_058.npy
1,worm-000070_059.npy
1,worm-000070_060.npy
1,worm-000070_061.npy
1,worm-000070_062.npy
1,worm-000070_063.npy
1,worm-000070_064.npy
1,worm-000070_065.npy
0,worm-000070_066.npy
1,worm-000070_067.npy
1,worm-000070_068.npy
1,worm-000070_069.npy
1,worm-000070_070.npy
1,worm-000070_071.npy
2,worm-000070_073.npy
1,worm-000070_074.npy
1,worm-000070_075.npy
1,worm-000070_078.npy
1,worm-000070_079.npy
4,worm-000070_080.npy
1,worm-000070_081.npy
1,worm-000070_082.npy
1,worm-000070_083.npy
1,worm-000070_084.npy
0,worm-000070_085.npy
1,worm-000070_086.npy
1,worm-000070_087.npy
1,worm-000070_088.npy
1,worm-000070_089.npy
0,worm-000070_090.npy
1,worm-000070_091.npy
0,worm-000070_092.npy
0,worm-000070_093.npy
0,worm-000070_094.npy
4,worm-000070_095.npy
0,worm-000070_096.npy
6,worm-000070_097.npy
1,worm-000070_098.npy
4,worm-000070_099.npy
1,worm-000070_100.npy
0,worm-000070_101.npy
1,worm-000070_102.npy
1,worm-000070_104.npy
1,worm-000070_106.npy
4,worm-000070_107.npy
1,worm-000070_108.npy
1,worm-000070_109.npy
0,worm-000070_110.npy
4,worm-000070_111.npy
1,worm-000070_112.npy
0,worm-000070_113.npy
1,worm-000070_114.npy
5,worm-000070_115.npy
0,worm-000070_116.npy
5,worm-000070_117.npy
0,worm-000070_118.npy
0,worm-000070_119.npy
4,worm-000070_120.npy
4,worm-000070_121.npy
2,worm-000070_122.npy
5,worm-000070_123.npy
0,worm-000070_124.npy
5,worm-000070_125.npy
4,worm-000070_126.npy
5,worm-000070_127.npy
1,worm-000070_128.npy
0,worm-000070_130.npy
1,worm-000070_133.npy
1,worm-000070_134.npy
4,worm-000070_136.npy
5,worm-000070_138.npy
4,worm-000070_141.npy
1,worm-000070_142.npy
3,worm-000070_143.npy
4,worm-000070_145.npy
5,worm-000070_146.npy
5,worm-000070_147.npy
3,worm-000070_149.npy
4,worm-000070_151.npy
4,worm-000070_153.npy
1,worm-000070_154.npy
4,worm-000070_155.npy
1,worm-000070_156.npy
4,worm-000070_157.npy
2,worm-000070_158.npy
1,worm-000070_159.npy
1,worm-000070_160.npy
1,worm-000070_161.npy
1,worm-000070_162.npy
1,worm-000070_163.npy
1,worm-000070_164.npy
1,worm-000070_165.npy
1,worm-000070_166.npy
1,worm-000070_167.npy
2,worm-000070_169.npy
1,worm-000070_171.npy
2,worm-000070_172.npy
1,worm-000070_173.npy
1,worm-000070_174.npy
1,worm-000070_175.npy
1,worm-000070_176.npy
4,worm-000070_177.npy
1,worm-000070_178.npy
1,worm-000070_179.npy
1,worm-000070_180.npy
1,worm-000070_182.npy
1,worm-000070_184.npy
1,worm-000070_185.npy
1,worm-000070_186.npy
1,worm-000070_187.npy
1,worm-000070_188.npy
5,worm-000070_189.npy
1,worm-000070_190.npy
1,worm-000070_191.npy
1,worm-000070_192.npy
1,worm-000070_193.npy
0,worm-000070_194.npy
5,worm-000070_195.npy
1,worm-000070_196.npy
1,worm-000070_197.npy
1,worm-000070_198.npy
4,worm-000070_200.npy
4,worm-000070_201.npy
4,worm-000070_204.npy
4,worm-000070_205.npy
5,worm-000070_206.npy
5,worm-000070_207.npy
5,worm-000070_208.npy
5,worm-000070_209.npy
0,worm-000070_210.npy
5,worm-000070_211.npy
4,worm-000070_213.npy
3,worm-000070_214.npy
4,worm-000070_215.npy
4,worm-000070_216.npy
5,worm-000070_217.npy
4,worm-000070_218.npy
1,worm-000070_219.npy
4,worm-000070_220.npy
4,worm-000070_222.npy
4,worm-000070_224.npy
4,worm-000070_227.npy
5,worm-000070_229.npy
3,worm-000070_230.npy
0,worm-000070_231.npy
3,worm-000070_232.npy
3,worm-000070_233.npy
4,worm-000070_234.npy
5,worm-000070_237.npy
4,worm-000070_238.npy
1,worm-000070_240.npy
1,worm-000070_241.npy
1,worm-000070_242.npy
0,worm-000070_243.npy
1,worm-000070_244.npy
1,worm-000070_245.npy
1,worm-000070_246.npy
1,worm-000070_247.npy
1,worm-000070_248.npy
1,worm-000070_249.npy
1,worm-000070_250.npy
1,worm-000070_251.npy
6,worm-000070_252.npy
1,worm-000070_253.npy
1,worm-000070_254.npy
1,worm-000070_255.npy
1,worm-000070_256.npy
1,worm-000070_257.npy
1,worm-000070_258.npy
1,worm-000070_259.npy
1,worm-000070_260.npy
1,worm-000070_261.npy
0,worm-000070_262.npy
0,worm-000070_263.npy
1,worm-000070_264.npy
0,worm-000070_265.npy
0,worm-000070_266.npy
2,worm-000070_267.npy
1,worm-000070_269.npy
5,worm-000070_270.npy
5,worm-000070_271.npy
4,worm-000070_272.npy
1,worm-000070_273.npy
0,worm-000070_274.npy
0,worm-000070_275.npy
4,worm-000070_276.npy
5,worm-000070_277.npy
0,worm-000070_278.npy
0,worm-000070_279.npy
5,worm-000070_280.npy
4,worm-000070_281.npy
4,worm-000070_283.npy
4,worm-000070_284.npy
4,worm-000070_288.npy
1,worm-000070_289.npy
1,worm-000070_290.npy
1,worm-000070_291.npy
1,worm-000070_292.npy
1,worm-000070_293.npy
1,worm-000070_294.npy
1,worm-000070_295.npy
1,worm-000070_296.npy
1,worm-000070_297.npy
1,worm-000070_298.npy
1,worm-000070_299.npy
1,worm-000070_300.npy
1,worm-000070_301.npy
1,worm-000070_302.npy
1,worm-000070_303.npy
2,worm-000070_304.npy
6,worm-000070_305.npy
1,worm-000070_306.npy
1,worm-000070_307.npy
3,worm-000070_308.npy
0,worm-000070_309.npy
1,worm-000070_310.npy
0,worm-000070_312.npy
0,worm-000070_313.npy
0,worm-000070_314.npy
5,worm-000070_315.npy
1,worm-000070_316.npy
1,worm-000070_317.npy
0,worm-000070_318.npy
0,worm-000070_319.npy
0,worm-000070_320.npy
5,worm-000070_321.npy
2,worm-000070_322.npy
0,worm-000070_323.npy
0,worm-000070_324.npy
4,worm-000070_325.npy
4,worm-000070_326.npy
4,worm-000070_330.npy
0,worm-000070_331.npy
4,worm-000070_332.npy
5,worm-000070_333.npy
4,worm-000070_335.npy
4,worm-000070_338.npy
4,worm-000070_339.npy
4,worm-000070_340.npy
1,worm-000070_342.npy
5,worm-000070_343.npy
4,worm-000070_344.npy
5,worm-000070_346.npy
4,worm-000070_347.npy
1,worm-000070_349.npy
4,worm-000070_352.npy
4,worm-000070_354.npy
5,worm-000070_355.npy
4,worm-000070_368.npy
4,worm-000070_369.npy
4,worm-000070_371.npy
4,worm-000070_373.npy
4,worm-000070_375.npy
4,worm-000070_376.npy
4,worm-000070_381.npy
5,worm-000070_382.npy
4,worm-000070_383.npy
3,worm-000070_387.npy
4,worm-000070_389.npy
4,worm-000070_390.npy
0,worm-000070_393.npy
1,worm-000070_394.npy
1,worm-000070_395.npy
0,worm-000070_396.npy
4,worm-000070_397.npy
0,worm-000070_398.npy
4,worm-000070_399.npy
2,worm-000071_000.npy
2,worm-000071_001.npy
2,worm-000071_002.npy
2,worm-000071_003.npy
1,worm-000071_004.npy
2,worm-000071_005.npy
2,worm-000071_006.npy
1,worm-000071_007.npy
1,worm-000071_008.npy
1,worm-000071_009.npy
2,worm-000071_010.npy
2,worm-000071_011.npy
2,worm-000071_012.npy
1,worm-000071_013.npy
1,worm-000071_014.npy
1,worm-000071_015.npy
1,worm-000071_016.npy
1,worm-000071_017.npy
1,worm-000071_018.npy
1,worm-000071_019.npy
1,worm-000071_020.npy
1,worm-000071_021.npy
1,worm-000071_022.npy
2,worm-000071_023.npy
1,worm-000071_024.npy
1,worm-000071_025.npy
1,worm-000071_026.npy
2,worm-000071_027.npy
1,worm-000071_028.npy
1,worm-000071_029.npy
1,worm-000071_030.npy
2,worm-000071_031.npy
1,worm-000071_032.npy
2,worm-000071_033.npy
2,worm-000071_034.npy
1,worm-000071_035.npy
1,worm-000071_036.npy
1,worm-000071_037.npy
2,worm-000071_038.npy
2,worm-000071_039.npy
1,worm-000071_040.npy
2,worm-000071_041.npy
2,worm-000071_042.npy
1,worm-000071_043.npy
1,worm-000071_044.npy
1,worm-000071_045.npy
1,worm-000071_046.npy
2,worm-000071_047.npy
2,worm-000071_048.npy
1,worm-000071_049.npy
1,worm-000071_050.npy
1,worm-000071_051.npy
1,worm-000071_052.npy
1,worm-000071_054.npy
1,worm-000071_055.npy
1,worm-000071_056.npy
2,worm-000071_057.npy
0,worm-000071_058.npy
1,worm-000071_059.npy
1,worm-000071_060.npy
2,worm-000071_061.npy
0,worm-000071_062.npy
1,worm-000071_063.npy
4,worm-000071_064.npy
0,worm-000071_065.npy
4,worm-000071_066.npy
4,worm-000071_067.npy
4,worm-000071_068.npy
4,worm-000071_069.npy
4,worm-000071_070.npy
4,worm-000071_071.npy
3,worm-000071_072.npy
3,worm-000071_073.npy
3,worm-000071_074.npy
0,worm-000071_075.npy
4,worm-000071_076.npy
4,worm-000071_077.npy
4,worm-000071_078.npy
4,worm-000071_079.npy
4,worm-000071_080.npy
4,worm-000071_081.npy
3,worm-000071_082.npy
4,worm-000071_083.npy
4,worm-000071_085.npy
5,worm-000071_086.npy
4,worm-000071_087.npy
4,worm-000071_089.npy
4,worm-000071_090.npy
4,worm-000071_091.npy
4,worm-000071_092.npy
4,worm-000071_093.npy
4,worm-000071_095.npy
4,worm-000071_096.npy
4,worm-000071_097.npy
4,worm-000071_098.npy
4,worm-000071_099.npy
4,worm-000071_100.npy
4,worm-000071_101.npy
4,worm-000071_102.npy
4,worm-000071_103.npy
4,worm-000071_104.npy
1,worm-000071_105.npy
1,worm-000071_106.npy
1,worm-000071_107.npy
1,worm-000071_108.npy
1,worm-000071_109.npy
1,worm-000071_110.npy
1,worm-000071_111.npy
1,worm-000071_112.npy
1,worm-000071_113.npy
1,worm-000071_115.npy
2,worm-000071_116.npy
2,worm-000071_117.npy
1,worm-000071_118.npy
2,worm-000071_119.npy
1,worm-000071_120.npy
1,worm-000071_121.npy
1,worm-000071_122.npy
1,worm-000071_123.npy
1,worm-000071_124.npy
2,worm-000071_125.npy
1,worm-000071_126.npy
1,worm-000071_127.npy
2,worm-000071_129.npy
1,worm-000071_130.npy
2,worm-000071_131.npy
1,worm-000071_132.npy
1,worm-000071_133.npy
1,worm-000071_134.npy
1,worm-000071_135.npy
1,worm-000071_136.npy
2,worm-000071_137.npy
1,worm-000071_138.npy
6,worm-000071_139.npy
1,worm-000071_140.npy
1,worm-000071_142.npy
1,worm-000071_143.npy
2,worm-000071_144.npy
5,worm-000071_145.npy
1,worm-000071_146.npy
2,worm-000071_147.npy
0,worm-000071_148.npy
4,worm-000071_149.npy
4,worm-000071_151.npy
1,worm-000071_152.npy
4,worm-000071_154.npy
2,worm-000071_155.npy
2,worm-000071_156.npy
4,worm-000071_157.npy
4,worm-000071_160.npy
1,worm-000071_161.npy
4,worm-000071_163.npy
4,worm-000071_164.npy
1,worm-000071_165.npy
5,worm-000071_166.npy
1,worm-000071_167.npy
3,worm-000071_168.npy
1,worm-000071_170.npy
3,worm-000071_171.npy
0,worm-000071_172.npy
5,worm-000071_173.npy
1,worm-000071_175.npy
2,worm-000071_176.npy
4,worm-000071_177.npy
4,worm-000071_178.npy
4,worm-000071_179.npy
4,worm-000071_180.npy
4,worm-000071_181.npy
5,worm-000071_182.npy
4,worm-000071_184.npy
4,worm-000071_185.npy
4,worm-000071_187.npy
4,worm-000071_188.npy
4,worm-000071_190.npy
2,worm-000071_191.npy
4,worm-000071_195.npy
4,worm-000071_197.npy
4,worm-000071_199.npy
4,worm-000071_201.npy
4,worm-000071_203.npy
4,worm-000071_204.npy
4,worm-000071_205.npy
4,worm-000071_207.npy
4,worm-000071_208.npy
4,worm-000071_210.npy
4,worm-000071_211.npy
4,worm-000071_212.npy
2,worm-000071_213.npy
1,worm-000071_214.npy
1,worm-000071_215.npy
1,worm-000071_216.npy
1,worm-000071_218.npy
2,worm-000071_219.npy
1,worm-000071_220.npy
2,worm-000071_221.npy
1,worm-000071_222.npy
6,worm-000071_223.npy
1,worm-000071_224.npy
1,worm-000071_225.npy
2,worm-000071_226.npy
1,worm-000071_227.npy
1,worm-000071_228.npy
1,worm-000071_229.npy
1,worm-000071_230.npy
2,worm-000071_231.npy
1,worm-000071_232.npy
1,worm-000071_233.npy
2,worm-000071_234.npy
1,worm-000071_235.npy
0,worm-000071_236.npy
1,worm-000071_237.npy
2,worm-000071_238.npy
2,worm-000071_239.npy
4,worm-000071_240.npy
1,worm-000071_241.npy
4,worm-000071_242.npy
4,worm-000071_243.npy
4,worm-000071_244.npy
4,worm-000071_246.npy
0,worm-000071_247.npy
4,worm-000071_248.npy
4,worm-000071_249.npy
4,worm-000071_250.npy
4,worm-000071_251.npy
4,worm-000071_252.npy
4,worm-000071_253.npy
4,worm-000071_254.npy
4,worm-000071_255.npy
0,worm-000071_257.npy
4,worm-000071_258.npy
4,worm-000071_259.npy
4,worm-000071_261.npy
4,worm-000071_262.npy
4,worm-000071_265.npy
4,worm-000071_266.npy
1,worm-000071_267.npy
1,worm-000071_268.npy
1,worm-000071_269.npy
1,worm-000071_270.npy
1,worm-000071_271.npy
1,worm-000071_272.npy
1,worm-000071_273.npy
1,worm-000071_274.npy
2,worm-000071_275.npy
1,worm-000071_277.npy
1,worm-000071_278.npy
1,worm-000071_279.npy
1,worm-000071_280.npy
1,worm-000071_281.npy
2,worm-000071_282.npy
1,worm-000071_283.npy
2,worm-000071_284.npy
2,worm-000071_285.npy
1,worm-000071_287.npy
1,worm-000071_288.npy
1,worm-000071_289.npy
1,worm-000071_290.npy
1,worm-000071_291.npy
1,worm-000071_292.npy
0,worm-000071_293.npy
4,worm-000071_294.npy
1,worm-000071_295.npy
4,worm-000071_296.npy
2,worm-000071_297.npy
2,worm-000071_298.npy
4,worm-000071_299.npy
3,worm-000071_300.npy
0,worm-000071_301.npy
5,worm-000071_303.npy
4,worm-000071_304.npy
4,worm-000071_305.npy
4,worm-000071_306.npy
4,worm-000071_307.npy
4,worm-000071_308.npy
4,worm-000071_309.npy
4,worm-000071_311.npy
4,worm-000071_312.npy
4,worm-000071_313.npy
4,worm-000071_314.npy
4,worm-000071_315.npy
4,worm-000071_317.npy
4,worm-000071_318.npy
4,worm-000071_324.npy
1,worm-000071_326.npy
5,worm-000071_327.npy
1,worm-000071_328.npy
4,worm-000071_331.npy
4,worm-000071_333.npy
4,worm-000071_336.npy
4,worm-000071_338.npy
4,worm-000071_339.npy
4,worm-000071_340.npy
4,worm-000071_342.npy
5,worm-000071_345.npy
4,worm-000071_346.npy
4,worm-000071_348.npy
4,worm-000071_349.npy
4,worm-000071_351.npy
5,worm-000071_353.npy
4,worm-000071_354.npy
4,worm-000071_355.npy
4,worm-000071_356.npy
2,worm-000071_358.npy
4,worm-000071_359.npy
4,worm-000071_360.npy
4,worm-000071_362.npy
4,worm-000071_366.npy
4,worm-000071_367.npy
4,worm-000071_368.npy
4,worm-000071_370.npy
4,worm-000071_371.npy
4,worm-000071_372.npy
4,worm-000071_373.npy
4,worm-000071_376.npy
4,worm-000071_377.npy
1,worm-000071_378.npy
1,worm-000071_379.npy
4,worm-000071_380.npy
4,worm-000071_381.npy
4,worm-000071_382.npy
4,worm-000071_383.npy
1,worm-000071_384.npy
0,worm-000071_385.npy
4,worm-000071_386.npy
1,worm-000071_387.npy
1,worm-000071_388.npy
4,worm-000071_389.npy
4,worm-000071_390.npy
1,worm-000071_391.npy
1,worm-000071_392.npy
1,worm-000071_393.npy
0,worm-000071_394.npy
4,worm-000071_395.npy
4,worm-000071_396.npy
4,worm-000071_397.npy
1,worm-000071_398.npy
2,worm-000072_000.npy
1,worm-000072_001.npy
1,worm-000072_002.npy
1,worm-000072_003.npy
2,worm-000072_004.npy
1,worm-000072_005.npy
1,worm-000072_006.npy
1,worm-000072_007.npy
1,worm-000072_008.npy
1,worm-000072_009.npy
1,worm-000072_010.npy
1,worm-000072_011.npy
1,worm-000072_012.npy
1,worm-000072_013.npy
1,worm-000072_014.npy
1,worm-000072_015.npy
1,worm-000072_016.npy
2,worm-000072_017.npy
1,worm-000072_018.npy
1,worm-000072_019.npy
1,worm-000072_020.npy
1,worm-000072_021.npy
1,worm-000072_022.npy
3,worm-000072_023.npy
1,worm-000072_024.npy
1,worm-000072_025.npy
1,worm-000072_026.npy
1,worm-000072_027.npy
0,worm-000072_028.npy
2,worm-000072_029.npy
6,worm-000072_030.npy
1,worm-000072_032.npy
1,worm-000072_033.npy
1,worm-000072_034.npy
1,worm-000072_035.npy
1,worm-000072_036.npy
1,worm-000072_037.npy
1,worm-000072_038.npy
1,worm-000072_039.npy
1,worm-000072_040.npy
1,worm-000072_041.npy
0,worm-000072_042.npy
1,worm-000072_043.npy
0,worm-000072_044.npy
1,worm-000072_045.npy
0,worm-000072_046.npy
0,worm-000072_047.npy
1,worm-000072_048.npy
1,worm-000072_049.npy
1,worm-000072_050.npy
1,worm-000072_051.npy
0,worm-000072_052.npy
1,worm-000072_053.npy
1,worm-000072_054.npy
0,worm-000072_055.npy
1,worm-000072_056.npy
1,worm-000072_057.npy
1,worm-000072_058.npy
1,worm-000072_059.npy
2,worm-000072_060.npy
1,worm-000072_061.npy
1,worm-000072_062.npy
0,worm-000072_063.npy
1,worm-000072_064.npy
1,worm-000072_066.npy
1,worm-000072_067.npy
4,worm-000072_068.npy
3,worm-000072_069.npy
0,worm-000072_070.npy
2,worm-000072_072.npy
1,worm-000072_073.npy
0,worm-000072_074.npy
1,worm-000072_075.npy
0,worm-000072_076.npy
2,worm-000072_077.npy
2,worm-000072_078.npy
0,worm-000072_079.npy
1,worm-000072_080.npy
2,worm-000072_081.npy
1,worm-000072_082.npy
1,worm-000072_083.npy
4,worm-000072_084.npy
1,worm-000072_085.npy
4,worm-000072_086.npy
1,worm-000072_087.npy
5,worm-000072_088.npy
2,worm-000072_089.npy
4,worm-000072_090.npy
0,worm-000072_091.npy
0,worm-000072_092.npy
5,worm-000072_093.npy
4,worm-000072_095.npy
2,worm-000072_097.npy
1,worm-000072_098.npy
3,worm-000072_100.npy
3,worm-000072_101.npy
4,worm-000072_102.npy
4,worm-000072_103.npy
4,worm-000072_104.npy
0,worm-000072_105.npy
1,worm-000072_106.npy
0,worm-000072_107.npy
3,worm-000072_108.npy
3,worm-000072_109.npy
1,worm-000072_110.npy
4,worm-000072_111.npy
4,worm-000072_112.npy
4,worm-000072_113.npy
4,worm-000072_114.npy
4,worm-000072_116.npy
4,worm-000072_118.npy
5,worm-000072_119.npy
4,worm-000072_120.npy
1,worm-000072_122.npy
1,worm-000072_123.npy
1,worm-000072_124.npy
1,worm-000072_125.npy
1,worm-000072_126.npy
1,worm-000072_127.npy
1,worm-000072_128.npy
1,worm-000072_129.npy
1,worm-000072_130.npy
1,worm-000072_131.npy
4,worm-000072_132.npy
0,worm-000072_133.npy
1,worm-000072_134.npy
1,worm-000072_135.npy
5,worm-000072_136.npy
5,worm-000072_137.npy
5,worm-000072_138.npy
5,worm-000072_139.npy
5,worm-000072_140.npy
0,worm-000072_141.npy
0,worm-000072_142.npy
2,worm-000072_143.npy
1,worm-000072_144.npy
5,worm-000072_145.npy
4,worm-000072_146.npy
4,worm-000072_147.npy
4,worm-000072_148.npy
0,worm-000072_149.npy
4,worm-000072_150.npy
0,worm-000072_151.npy
0,worm-000072_152.npy
0,worm-000072_153.npy
0,worm-000072_154.npy
4,worm-000072_155.npy
0,worm-000072_156.npy
4,worm-000072_157.npy
4,worm-000072_158.npy
4,worm-000072_159.npy
4,worm-000072_160.npy
4,worm-000072_161.npy
4,worm-000072_162.npy
4,worm-000072_163.npy
1,worm-000072_164.npy
4,worm-000072_166.npy
4,worm-000072_167.npy
0,worm-000072_168.npy
4,worm-000072_169.npy
4,worm-000072_171.npy
4,worm-000072_172.npy
4,worm-000072_173.npy
4,worm-000072_175.npy
4,worm-000072_177.npy
1,worm-000072_178.npy
4,worm-000072_179.npy
4,worm-000072_180.npy
3,worm-000072_181.npy
4,worm-000072_182.npy
1,worm-000072_183.npy
1,worm-000072_184.npy
1,worm-000072_185.npy
1,worm-000072_186.npy
1,worm-000072_187.npy
1,worm-000072_188.npy
1,worm-000072_189.npy
1,worm-000072_190.npy
0,worm-000072_191.npy
1,worm-000072_192.npy
1,worm-000072_193.npy
1,worm-000072_194.npy
1,worm-000072_195.npy
2,worm-000072_196.npy
2,worm-000072_197.npy
0,worm-000072_198.npy
0,worm-000072_199.npy
1,worm-000072_200.npy
1,worm-000072_201.npy
1,worm-000072_202.npy
0,worm-000072_203.npy
0,worm-000072_204.npy
1,worm-000072_205.npy
1,worm-000072_207.npy
1,worm-000072_208.npy
0,worm-000072_209.npy
0,worm-000072_210.npy
0,worm-000072_211.npy
1,worm-000072_212.npy
0,worm-000072_213.npy
1,worm-000072_214.npy
0,worm-000072_215.npy
1,worm-000072_216.npy
0,worm-000072_218.npy
0,worm-000072_219.npy
0,worm-000072_220.npy
1,worm-000072_221.npy
0,worm-000072_222.npy
1,worm-000072_223.npy
4,worm-000072_224.npy
0,worm-000072_225.npy
0,worm-000072_226.npy
1,worm-000072_227.npy
5,worm-000072_228.npy
4,worm-000072_229.npy
5,worm-000072_230.npy
0,worm-000072_231.npy
1,worm-000072_232.npy
5,worm-000072_233.npy
0,worm-000072_234.npy
1,worm-000072_235.npy
0,worm-000072_236.npy
3,worm-000072_237.npy
0,worm-000072_238.npy
4,worm-000072_239.npy
4,worm-000072_240.npy
4,worm-000072_241.npy
4,worm-000072_243.npy
3,worm-000072_244.npy
3,worm-000072_245.npy
4,worm-000072_246.npy
4,worm-000072_248.npy
1,worm-000072_250.npy
4,worm-000072_251.npy
5,worm-000072_253.npy
4,worm-000072_254.npy
5,worm-000072_255.npy
4,worm-000072_256.npy
1,worm-000072_257.npy
1,worm-000072_258.npy
1,worm-000072_259.npy
1,worm-000072_260.npy
1,worm-000072_261.npy
1,worm-000072_262.npy
0,worm-000072_263.npy
1,worm-000072_264.npy
4,worm-000072_265.npy
1,worm-000072_266.npy
1,worm-000072_267.npy
1,worm-000072_268.npy
2,worm-000072_269.npy
1,worm-000072_270.npy
0,worm-000072_271.npy
4,worm-000072_272.npy
4,worm-000072_273.npy
0,worm-000072_274.npy
0,worm-000072_275.npy
4,worm-000072_276.npy
4,worm-000072_278.npy
4,worm-000072_281.npy
4,worm-000072_284.npy
4,worm-000072_285.npy
1,worm-000072_286.npy
2,worm-000072_287.npy
4,worm-000072_288.npy
3,worm-000072_290.npy
4,worm-000072_291.npy
0,worm-000072_292.npy
5,worm-000072_293.npy
4,worm-000072_295.npy
4,worm-000072_298.npy
4,worm-000072_300.npy
4,worm-000072_301.npy
4,worm-000072_302.npy
1,worm-000072_304.npy
4,worm-000072_305.npy
4,worm-000072_306.npy
4,worm-000072_307.npy
0,worm-000072_308.npy
4,worm-000072_314.npy
4,worm-000072_315.npy
4,worm-000072_317.npy
4,worm-000072_318.npy
1,worm-000072_324.npy
4,worm-000072_325.npy
4,worm-000072_326.npy
4,worm-000072_327.npy
0,worm-000072_328.npy
1,worm-000072_329.npy
0,worm-000072_330.npy
2,worm-000073_000.npy
2,worm-000073_001.npy
2,worm-000073_002.npy
2,worm-000073_003.npy
2,worm-000073_004.npy
2,worm-000073_005.npy
2,worm-000073_007.npy
1,worm-000073_008.npy
2,worm-000073_009.npy
1,worm-000073_010.npy
2,worm-000073_011.npy
2,worm-000073_012.npy
2,worm-000073_013.npy
1,worm-000073_014.npy
2,worm-000073_016.npy
2,worm-000073_017.npy
2,worm-000073_018.npy
2,worm-000073_019.npy
3,worm-000073_020.npy
2,worm-000073_021.npy
2,worm-000073_022.npy
2,worm-000073_023.npy
1,worm-000073_024.npy
1,worm-000073_025.npy
2,worm-000073_026.npy
2,worm-000073_027.npy
2,worm-000073_028.npy
2,worm-000073_029.npy
2,worm-000073_030.npy
1,worm-000073_031.npy
2,worm-000073_032.npy
2,worm-000073_033.npy
2,worm-000073_034.npy
2,worm-000073_035.npy
2,worm-000073_036.npy
2,worm-000073_037.npy
2,worm-000073_038.npy
2,worm-000073_039.npy
2,worm-000073_040.npy
2,worm-000073_041.npy
2,worm-000073_042.npy
6,worm-000073_043.npy
2,worm-000073_044.npy
2,worm-000073_046.npy
2,worm-000073_047.npy
2,worm-000073_048.npy
2,worm-000073_049.npy
2,worm-000073_050.npy
2,worm-000073_051.npy
2,worm-000073_052.npy
2,worm-000073_053.npy
2,worm-000073_054.npy
2,worm-000073_055.npy
2,worm-000073_056.npy
1,worm-000073_057.npy
2,worm-000073_058.npy
2,worm-000073_059.npy
2,worm-000073_060.npy
1,worm-000073_061.npy
2,worm-000073_062.npy
1,worm-000073_063.npy
1,worm-000073_064.npy
2,worm-000073_065.npy
2,worm-000073_066.npy
1,worm-000073_067.npy
2,worm-000073_068.npy
1,worm-000073_071.npy
5,worm-000073_072.npy
5,worm-000073_073.npy
5,worm-000073_074.npy
4,worm-000073_075.npy
4,worm-000073_076.npy
1,worm-000073_077.npy
2,worm-000073_080.npy
4,worm-000073_081.npy
4,worm-000073_083.npy
1,worm-000073_084.npy
5,worm-000073_085.npy
4,worm-000073_086.npy
2,worm-000073_087.npy
4,worm-000073_088.npy
6,worm-000073_089.npy
6,worm-000073_090.npy
6,worm-000073_091.npy
4,worm-000073_092.npy
4,worm-000073_093.npy
3,worm-000073_094.npy
4,worm-000073_095.npy
4,worm-000073_096.npy
2,worm-000073_100.npy
4,worm-000073_101.npy
1,worm-000073_102.npy
2,worm-000073_104.npy
2,worm-000073_105.npy
4,worm-000073_106.npy
4,worm-000073_107.npy
4,worm-000073_108.npy
4,worm-000073_109.npy
4,worm-000073_110.npy
4,worm-000073_111.npy
4,worm-000073_112.npy
4,worm-000073_113.npy
6,worm-000073_114.npy
6,worm-000073_116.npy
4,worm-000073_117.npy
4,worm-000073_118.npy
5,worm-000073_119.npy
4,worm-000073_120.npy
4,worm-000073_121.npy
5,worm-000073_122.npy
4,worm-000073_123.npy
2,worm-000073_125.npy
2,worm-000073_126.npy
1,worm-000073_127.npy
1,worm-000073_128.npy
2,worm-000073_129.npy
6,worm-000073_130.npy
2,worm-000073_131.npy
2,worm-000073_132.npy
6,worm-000073_133.npy
2,worm-000073_134.npy
1,worm-000073_135.npy
2,worm-000073_136.npy
1,worm-000073_138.npy
1,worm-000073_139.npy
1,worm-000073_140.npy
2,worm-000073_141.npy
1,worm-000073_142.npy
2,worm-000073_143.npy
1,worm-000073_144.npy
2,worm-000073_145.npy
2,worm-000073_146.npy
2,worm-000073_147.npy
1,worm-000073_149.npy
2,worm-000073_150.npy
2,worm-000073_151.npy
2,worm-000073_152.npy
2,worm-000073_153.npy
2,worm-000073_154.npy
2,worm-000073_155.npy
6,worm-000073_156.npy
4,worm-000073_157.npy
1,worm-000073_158.npy
2,worm-000073_159.npy
1,worm-000073_160.npy
4,worm-000073_161.npy
4,worm-000073_162.npy
5,worm-000073_163.npy
1,worm-000073_164.npy
1,worm-000073_165.npy
2,worm-000073_166.npy
2,worm-000073_167.npy
1,worm-000073_168.npy
4,worm-000073_169.npy
2,worm-000073_170.npy
1,worm-000073_172.npy
5,worm-000073_173.npy
4,worm-000073_174.npy
4,worm-000073_175.npy
6,worm-000073_176.npy
1,worm-000073_177.npy
4,worm-000073_178.npy
4,worm-000073_179.npy
4,worm-000073_180.npy
4,worm-000073_181.npy
4,worm-000073_182.npy
6,worm-000073_183.npy
5,worm-000073_184.npy
4,worm-000073_185.npy
2,worm-000073_186.npy
3,worm-000073_188.npy
4,worm-000073_190.npy
4,worm-000073_191.npy
4,worm-000073_192.npy
5,worm-000073_193.npy
4,worm-000073_195.npy
4,worm-000073_198.npy
4,worm-000073_199.npy
4,worm-000073_200.npy
4,worm-000073_201.npy
4,worm-000073_202.npy
4,worm-000073_203.npy
4,worm-000073_205.npy
4,worm-000073_208.npy
4,worm-000073_209.npy
5,worm-000073_210.npy
5,worm-000073_211.npy
1,worm-000073_212.npy
2,worm-000073_213.npy
1,worm-000073_214.npy
1,worm-000073_215.npy
2,worm-000073_216.npy
2,worm-000073_217.npy
2,worm-000073_218.npy
1,worm-000073_219.npy
2,worm-000073_220.npy
2,worm-000073_221.npy
1,worm-000073_222.npy
2,worm-000073_223.npy
0,worm-000073_224.npy
2,worm-000073_225.npy
2,worm-000073_226.npy
2,worm-000073_228.npy
1,worm-000073_229.npy
0,worm-000073_230.npy
0,worm-000073_231.npy
1,worm-000073_232.npy
2,worm-000073_233.npy
2,worm-000073_234.npy
4,worm-000073_236.npy
2,worm-000073_237.npy
2,worm-000073_238.npy
1,worm-000073_239.npy
2,worm-000073_241.npy
4,worm-000073_242.npy
5,worm-000073_243.npy
4,worm-000073_244.npy
2,worm-000073_245.npy
4,worm-000073_246.npy
1,worm-000073_247.npy
0,worm-000073_248.npy
4,worm-000073_249.npy
0,worm-000073_250.npy
4,worm-000073_251.npy
1,worm-000073_254.npy
1,worm-000073_255.npy
2,worm-000073_256.npy
4,worm-000073_257.npy
4,worm-000073_258.npy
4,worm-000073_262.npy
2,worm-000073_263.npy
4,worm-000073_264.npy
4,worm-000073_265.npy
4,worm-000073_266.npy
2,worm-000073_267.npy
2,worm-000073_268.npy
1,worm-000073_270.npy
2,worm-000073_271.npy
2,worm-000073_272.npy
2,worm-000073_273.npy
1,worm-000073_274.npy
2,worm-000073_275.npy
2,worm-000073_276.npy
5,worm-000073_277.npy
1,worm-000073_278.npy
2,worm-000073_279.npy
2,worm-000073_280.npy
2,worm-000073_281.npy
2,worm-000073_282.npy
2,worm-000073_283.npy
2,worm-000073_284.npy
1,worm-000073_285.npy
0,worm-000073_286.npy
1,worm-000073_287.npy
2,worm-000073_288.npy
5,worm-000073_289.npy
2,worm-000073_290.npy
2,worm-000073_291.npy
1,worm-000073_292.npy
0,worm-000073_293.npy
0,worm-000073_294.npy
4,worm-000073_295.npy
5,worm-000073_296.npy
2,worm-000073_297.npy
4,worm-000073_299.npy
2,worm-000073_300.npy
0,worm-000073_301.npy
2,worm-000073_303.npy
2,worm-000073_305.npy
1,worm-000073_306.npy
4,worm-000073_307.npy
1,worm-000073_308.npy
1,worm-000073_309.npy
4,worm-000073_310.npy
5,worm-000073_311.npy
0,worm-000073_312.npy
4,worm-000073_314.npy
4,worm-000073_316.npy
4,worm-000073_317.npy
4,worm-000073_318.npy
5,worm-000073_319.npy
5,worm-000073_320.npy
5,worm-000073_321.npy
4,worm-000073_322.npy
4,worm-000073_323.npy
4,worm-000073_324.npy
4,worm-000073_325.npy
4,worm-000073_327.npy
4,worm-000073_328.npy
4,worm-000073_329.npy
5,worm-000073_330.npy
5,worm-000073_331.npy
5,worm-000073_332.npy
1,worm-000073_333.npy
1,worm-000073_335.npy
5,worm-000073_340.npy
4,worm-000073_341.npy
3,worm-000073_343.npy
2,worm-000073_344.npy
6,worm-000073_346.npy
5,worm-000073_349.npy
5,worm-000073_350.npy
4,worm-000073_351.npy
4,worm-000073_352.npy
4,worm-000073_353.npy
5,worm-000073_354.npy
5,worm-000073_355.npy
4,worm-000073_356.npy
4,worm-000073_357.npy
4,worm-000073_358.npy
4,worm-000073_359.npy
4,worm-000073_362.npy
4,worm-000073_364.npy
4,worm-000073_370.npy
5,worm-000073_372.npy
4,worm-000073_376.npy
4,worm-000073_377.npy
4,worm-000073_379.npy
5,worm-000073_381.npy
4,worm-000073_382.npy
4,worm-000073_384.npy
4,worm-000073_386.npy
4,worm-000073_388.npy
4,worm-000073_390.npy
5,worm-000073_392.npy
2,worm-000073_393.npy
1,worm-000073_394.npy
4,worm-000073_395.npy
4,worm-000073_396.npy
1,worm-000073_397.npy
1,worm-000073_398.npy
1,worm-000073_399.npy
1,worm-000073_400.npy
2,worm-000073_401.npy
6,worm-000073_402.npy
1,worm-000073_403.npy
5,worm-000073_404.npy
1,worm-000074_000.npy
1,worm-000074_001.npy
1,worm-000074_002.npy
1,worm-000074_003.npy
1,worm-000074_004.npy
1,worm-000074_005.npy
1,worm-000074_006.npy
5,worm-000074_007.npy
1,worm-000074_008.npy
1,worm-000074_009.npy
1,worm-000074_010.npy
1,worm-000074_011.npy
1,worm-000074_012.npy
1,worm-000074_013.npy
5,worm-000074_014.npy
1,worm-000074_015.npy
1,worm-000074_016.npy
0,worm-000074_017.npy
1,worm-000074_018.npy
1,worm-000074_019.npy
1,worm-000074_020.npy
1,worm-000074_021.npy
0,worm-000074_022.npy
0,worm-000074_023.npy
1,worm-000074_024.npy
1,worm-000074_025.npy
1,worm-000074_026.npy
2,worm-000074_027.npy
1,worm-000074_028.npy
1,worm-000074_029.npy
1,worm-000074_030.npy
1,worm-000074_032.npy
0,worm-000074_033.npy
2,worm-000074_034.npy
1,worm-000074_035.npy
1,worm-000074_036.npy
0,worm-000074_037.npy
1,worm-000074_038.npy
1,worm-000074_039.npy
1,worm-000074_040.npy
1,worm-000074_041.npy
1,worm-000074_042.npy
1,worm-000074_043.npy
0,worm-000074_044.npy
1,worm-000074_045.npy
1,worm-000074_046.npy
1,worm-000074_047.npy
1,worm-000074_048.npy
1,worm-000074_049.npy
1,worm-000074_050.npy
1,worm-000074_052.npy
1,worm-000074_053.npy
1,worm-000074_054.npy
5,worm-000074_055.npy
0,worm-000074_056.npy
1,worm-000074_057.npy
1,worm-000074_058.npy
1,worm-000074_059.npy
1,worm-000074_060.npy
1,worm-000074_061.npy
2,worm-000074_062.npy
5,worm-000074_063.npy
5,worm-000074_064.npy
2,worm-000074_065.npy
0,worm-000074_068.npy
1,worm-000074_069.npy
1,worm-000074_070.npy
1,worm-000074_071.npy
1,worm-000074_072.npy
1,worm-000074_073.npy
1,worm-000074_074.npy
1,worm-000074_075.npy
1,worm-000074_077.npy
1,worm-000074_078.npy
5,worm-000074_079.npy
0,worm-000074_080.npy
5,worm-000074_081.npy
0,worm-000074_082.npy
0,worm-000074_083.npy
0,worm-000074_084.npy
0,worm-000074_085.npy
0,worm-000074_086.npy
1,worm-000074_087.npy
0,worm-000074_088.npy
1,worm-000074_089.npy
0,worm-000074_090.npy
1,worm-000074_091.npy
1,worm-000074_092.npy
0,worm-000074_093.npy
0,worm-000074_094.npy
0,worm-000074_095.npy
0,worm-000074_096.npy
0,worm-000074_097.npy
5,worm-000074_098.npy
5,worm-000074_100.npy
0,worm-000074_101.npy
1,worm-000074_103.npy
0,worm-000074_104.npy
1,worm-000074_105.npy
4,worm-000074_106.npy
1,worm-000074_107.npy
5,worm-000074_108.npy
0,worm-000074_109.npy
0,worm-000074_111.npy
0,worm-000074_112.npy
1,worm-000074_114.npy
0,worm-000074_115.npy
4,worm-000074_116.npy
0,worm-000074_117.npy
1,worm-000074_118.npy
0,worm-000074_119.npy
0,worm-000074_120.npy
4,worm-000074_121.npy
0,worm-000074_122.npy
3,worm-000074_123.npy
5,worm-000074_124.npy
4,worm-000074_125.npy
4,worm-000074_126.npy
3,worm-000074_128.npy
5,worm-000074_129.npy
4,worm-000074_130.npy
4,worm-000074_131.npy
0,worm-000074_133.npy
0,worm-000074_134.npy
0,worm-000074_135.npy
4,worm-000074_137.npy
5,worm-000074_138.npy
0,worm-000074_139.npy
1,worm-000074_141.npy
5,worm-000074_142.npy
4,worm-000074_143.npy
4,worm-000074_144.npy
4,worm-000074_145.npy
1,worm-000074_147.npy
5,worm-000074_148.npy
4,worm-000074_149.npy
3,worm-000074_150.npy
5,worm-000074_151.npy
5,worm-000074_152.npy
4,worm-000074_154.npy
4,worm-000074_156.npy
5,worm-000074_157.npy
5,worm-000074_158.npy
4,worm-000074_161.npy
4,worm-000074_162.npy
4,worm-000074_163.npy
1,worm-000074_165.npy
1,worm-000074_166.npy
1,worm-000074_167.npy
1,worm-000074_168.npy
1,worm-000074_169.npy
1,worm-000074_170.npy
1,worm-000074_171.npy
1,worm-000074_172.npy
1,worm-000074_173.npy
1,worm-000074_174.npy
1,worm-000074_175.npy
1,worm-000074_176.npy
1,worm-000074_177.npy
1,worm-000074_178.npy
0,worm-000074_179.npy
0,worm-000074_180.npy
0,worm-000074_181.npy
1,worm-000074_182.npy
2,worm-000074_183.npy
1,worm-000074_184.npy
1,worm-000074_185.npy
0,worm-000074_186.npy
1,worm-000074_187.npy
1,worm-000074_188.npy
1,worm-000074_189.npy
1,worm-000074_190.npy
1,worm-000074_191.npy
1,worm-000074_192.npy
1,worm-000074_193.npy
1,worm-000074_194.npy
0,worm-000074_195.npy
0,worm-000074_197.npy
0,worm-000074_198.npy
1,worm-000074_199.npy
0,worm-000074_200.npy
0,worm-000074_202.npy
1,worm-000074_203.npy
0,worm-000074_204.npy
0,worm-000074_205.npy
0,worm-000074_206.npy
0,worm-000074_207.npy
0,worm-000074_208.npy
0,worm-000074_209.npy
0,worm-000074_210.npy
1,worm-000074_211.npy
0,worm-000074_212.npy
4,worm-000074_213.npy
1,worm-000074_214.npy
0,worm-000074_215.npy
0,worm-000074_216.npy
1,worm-000074_217.npy
0,worm-000074_218.npy
5,worm-000074_219.npy
2,worm-000074_220.npy
4,worm-000074_221.npy
4,worm-000074_222.npy
0,worm-000074_223.npy
5,worm-000074_225.npy
0,worm-000074_226.npy
3,worm-000074_227.npy
4,worm-000074_228.npy
0,worm-000074_229.npy
4,worm-000074_230.npy
0,worm-000074_232.npy
4,worm-000074_233.npy
5,worm-000074_235.npy
5,worm-000074_236.npy
4,worm-000074_238.npy
4,worm-000074_239.npy
4,worm-000074_241.npy
5,worm-000074_242.npy
4,worm-000074_243.npy
4,worm-000074_244.npy
5,worm-000074_245.npy
4,worm-000074_246.npy
3,worm-000074_248.npy
1,worm-000074_250.npy
1,worm-000074_251.npy
1,worm-000074_252.npy
1,worm-000074_253.npy
1,worm-000074_254.npy
2,worm-000074_255.npy
1,worm-000074_256.npy
1,worm-000074_257.npy
1,worm-000074_258.npy
1,worm-000074_259.npy
1,worm-000074_260.npy
0,worm-000074_261.npy
1,worm-000074_262.npy
1,worm-000074_263.npy
1,worm-000074_264.npy
1,worm-000074_265.npy
1,worm-000074_266.npy
1,worm-000074_267.npy
1,worm-000074_268.npy
5,worm-000074_269.npy
4,worm-000074_270.npy
1,worm-000074_271.npy
1,worm-000074_272.npy
1,worm-000074_273.npy
1,worm-000074_274.npy
1,worm-000074_275.npy
0,worm-000074_276.npy
0,worm-000074_277.npy
0,worm-000074_278.npy
0,worm-000074_279.npy
4,worm-000074_282.npy
4,worm-000074_283.npy
4,worm-000074_284.npy
4,worm-000074_285.npy
4,worm-000074_286.npy
5,worm-000074_287.npy
5,worm-000074_288.npy
4,worm-000074_289.npy
4,worm-000074_290.npy
4,worm-000074_292.npy
4,worm-000074_295.npy
5,worm-000074_296.npy
4,worm-000074_297.npy
5,worm-000074_300.npy
1,worm-000074_301.npy
1,worm-000074_302.npy
1,worm-000074_303.npy
1,worm-000074_304.npy
1,worm-000074_305.npy
1,worm-000074_306.npy
1,worm-000074_307.npy
3,worm-000074_308.npy
1,worm-000074_309.npy
1,worm-000074_310.npy
0,worm-000074_311.npy
0,worm-000074_312.npy
0,worm-000074_313.npy
4,worm-000074_314.npy
5,worm-000074_315.npy
5,worm-000074_317.npy
4,worm-000074_318.npy
4,worm-000074_319.npy
4,worm-000074_320.npy
4,worm-000074_321.npy
1,worm-000074_324.npy
1,worm-000074_325.npy
1,worm-000074_326.npy
5,worm-000074_327.npy
4,worm-000074_328.npy
4,worm-000074_331.npy
4,worm-000074_334.npy
5,worm-000074_335.npy
4,worm-000074_336.npy
5,worm-000074_341.npy
4,worm-000074_344.npy
5,worm-000074_346.npy
4,worm-000074_347.npy
4,worm-000074_350.npy
4,worm-000074_352.npy
4,worm-000074_353.npy
4,worm-000074_356.npy
4,worm-000074_357.npy
4,worm-000074_358.npy
4,worm-000074_363.npy
4,worm-000074_364.npy
0,worm-000074_365.npy
1,worm-000074_366.npy
1,worm-000074_367.npy
5,worm-000074_368.npy
4,worm-000074_369.npy
4,worm-000074_370.npy
4,worm-000074_371.npy
0,worm-000074_372.npy
0,worm-000074_373.npy
4,worm-000074_374.npy
0,worm-000075_000.npy
1,worm-000075_001.npy
2,worm-000075_002.npy
1,worm-000075_003.npy
1,worm-000075_004.npy
1,worm-000075_005.npy
1,worm-000075_006.npy
2,worm-000075_007.npy
2,worm-000075_008.npy
1,worm-000075_009.npy
1,worm-000075_010.npy
1,worm-000075_011.npy
1,worm-000075_012.npy
1,worm-000075_013.npy
1,worm-000075_014.npy
1,worm-000075_015.npy
1,worm-000075_016.npy
1,worm-000075_017.npy
1,worm-000075_018.npy
1,worm-000075_019.npy
1,worm-000075_020.npy
2,worm-000075_021.npy
2,worm-000075_022.npy
1,worm-000075_023.npy
1,worm-000075_024.npy
5,worm-000075_025.npy
5,worm-000075_026.npy
1,worm-000075_027.npy
1,worm-000075_028.npy
2,worm-000075_029.npy
1,worm-000075_030.npy
1,worm-000075_031.npy
1,worm-000075_032.npy
2,worm-000075_033.npy
2,worm-000075_034.npy
1,worm-000075_035.npy
1,worm-000075_036.npy
2,worm-000075_038.npy
1,worm-000075_039.npy
2,worm-000075_040.npy
2,worm-000075_041.npy
2,worm-000075_042.npy
1,worm-000075_043.npy
1,worm-000075_044.npy
1,worm-000075_045.npy
1,worm-000075_046.npy
2,worm-000075_047.npy
1,worm-000075_048.npy
2,worm-000075_049.npy
1,worm-000075_050.npy
1,worm-000075_051.npy
1,worm-000075_053.npy
1,worm-000075_054.npy
1,worm-000075_055.npy
1,worm-000075_056.npy
2,worm-000075_057.npy
1,worm-000075_058.npy
2,worm-000075_059.npy
1,worm-000075_060.npy
1,worm-000075_061.npy
1,worm-000075_062.npy
2,worm-000075_063.npy
2,worm-000075_064.npy
1,worm-000075_065.npy
1,worm-000075_066.npy
2,worm-000075_067.npy
1,worm-000075_068.npy
2,worm-000075_069.npy
1,worm-000075_070.npy
5,worm-000075_071.npy
1,worm-000075_072.npy
1,worm-000075_073.npy
1,worm-000075_074.npy
2,worm-000075_075.npy
1,worm-000075_076.npy
1,worm-000075_077.npy
1,worm-000075_078.npy
1,worm-000075_079.npy
1,worm-000075_080.npy
4,worm-000075_081.npy
1,worm-000075_083.npy
1,worm-000075_084.npy
1,worm-000075_085.npy
1,worm-000075_086.npy
1,worm-000075_087.npy
0,worm-000075_088.npy
1,worm-000075_089.npy
2,worm-000075_090.npy
1,worm-000075_091.npy
1,worm-000075_092.npy
2,worm-000075_093.npy
1,worm-000075_094.npy
2,worm-000075_095.npy
2,worm-000075_096.npy
1,worm-000075_098.npy
5,worm-000075_099.npy
4,worm-000075_100.npy
1,worm-000075_101.npy
1,worm-000075_103.npy
1,worm-000075_104.npy
0,worm-000075_105.npy
4,worm-000075_106.npy
5,worm-000075_107.npy
1,worm-000075_108.npy
3,worm-000075_109.npy
4,worm-000075_110.npy
0,worm-000075_111.npy
3,worm-000075_112.npy
0,worm-000075_113.npy
5,worm-000075_114.npy
3,worm-000075_115.npy
1,worm-000075_116.npy
2,worm-000075_117.npy
5,worm-000075_120.npy
1,worm-000075_121.npy
0,worm-000075_122.npy
4,worm-000075_123.npy
2,worm-000075_124.npy
4,worm-000075_125.npy
4,worm-000075_126.npy
0,worm-000075_127.npy
4,worm-000075_128.npy
5,worm-000075_129.npy
4,worm-000075_130.npy
3,worm-000075_131.npy
4,worm-000075_133.npy
4,worm-000075_135.npy
5,worm-000075_136.npy
4,worm-000075_137.npy
1,worm-000075_138.npy
3,worm-000075_139.npy
4,worm-000075_140.npy
4,worm-000075_143.npy
3,worm-000075_144.npy
4,worm-000075_146.npy
4,worm-000075_148.npy
4,worm-000075_149.npy
1,worm-000075_150.npy
4,worm-000075_151.npy
4,worm-000075_152.npy
4,worm-000075_153.npy
4,worm-000075_154.npy
4,worm-000075_156.npy
1,worm-000075_157.npy
4,worm-000075_158.npy
5,worm-000075_160.npy
4,worm-000075_161.npy
1,worm-000075_162.npy
1,worm-000075_163.npy
1,worm-000075_164.npy
1,worm-000075_165.npy
2,worm-000075_166.npy
1,worm-000075_167.npy
1,worm-000075_168.npy
1,worm-000075_169.npy
1,worm-000075_170.npy
1,worm-000075_171.npy
1,worm-000075_172.npy
1,worm-000075_173.npy
1,worm-000075_174.npy
2,worm-000075_175.npy
1,worm-000075_176.npy
1,worm-000075_177.npy
1,worm-000075_178.npy
1,worm-000075_179.npy
1,worm-000075_181.npy
1,worm-000075_182.npy
1,worm-000075_183.npy
1,worm-000075_184.npy
1,worm-000075_185.npy
1,worm-000075_186.npy
2,worm-000075_187.npy
1,worm-000075_188.npy
1,worm-000075_190.npy
1,worm-000075_191.npy
2,worm-000075_192.npy
1,worm-000075_193.npy
1,worm-000075_194.npy
1,worm-000075_195.npy
1,worm-000075_196.npy
1,worm-000075_197.npy
1,worm-000075_198.npy
1,worm-000075_199.npy
1,worm-000075_200.npy
1,worm-000075_203.npy
4,worm-000075_204.npy
2,worm-000075_205.npy
1,worm-000075_206.npy
1,worm-000075_207.npy
4,worm-000075_208.npy
2,worm-000075_209.npy
1,worm-000075_210.npy
0,worm-000075_211.npy
1,worm-000075_212.npy
1,worm-000075_213.npy
0,worm-000075_214.npy
4,worm-000075_215.npy
4,worm-000075_216.npy
1,worm-000075_217.npy
0,worm-000075_218.npy
4,worm-000075_219.npy
3,worm-000075_221.npy
3,worm-000075_222.npy
1,worm-000075_223.npy
3,worm-000075_224.npy
4,worm-000075_225.npy
4,worm-000075_226.npy
2,worm-000075_229.npy
4,worm-000075_230.npy
2,worm-000075_231.npy
4,worm-000075_233.npy
4,worm-000075_234.npy
0,worm-000075_235.npy
1,worm-000075_236.npy
4,worm-000075_239.npy
2,worm-000075_241.npy
4,worm-000075_242.npy
4,worm-000075_243.npy
1,worm-000075_244.npy
1,worm-000075_245.npy
0,worm-000075_247.npy
5,worm-000075_250.npy
5,worm-000075_251.npy
4,worm-000075_252.npy
4,worm-000075_253.npy
4,worm-000075_254.npy
4,worm-000075_255.npy
4,worm-000075_257.npy
4,worm-000075_258.npy
4,worm-000075_259.npy
4,worm-000075_260.npy
4,worm-000075_261.npy
4,worm-000075_262.npy
4,worm-000075_263.npy
4,worm-000075_264.npy
4,worm-000075_265.npy
4,worm-000075_266.npy
4,worm-000075_267.npy
4,worm-000075_268.npy
4,worm-000075_271.npy
4,worm-000075_273.npy
4,worm-000075_274.npy
4,worm-000075_276.npy
2,worm-000075_278.npy
1,worm-000075_279.npy
1,worm-000075_280.npy
1,worm-000075_281.npy
1,worm-000075_282.npy
1,worm-000075_283.npy
1,worm-000075_284.npy
1,worm-000075_285.npy
2,worm-000075_286.npy
1,worm-000075_287.npy
2,worm-000075_288.npy
0,worm-000075_289.npy
4,worm-000075_290.npy
1,worm-000075_291.npy
2,worm-000075_292.npy
1,worm-000075_293.npy
1,worm-000075_294.npy
2,worm-000075_295.npy
2,worm-000075_296.npy
4,worm-000075_297.npy
2,worm-000075_298.npy
4,worm-000075_300.npy
2,worm-000075_302.npy
4,worm-000075_303.npy
3,worm-000075_304.npy
4,worm-000075_305.npy
4,worm-000075_306.npy
4,worm-000075_307.npy
4,worm-000075_308.npy
4,worm-000075_309.npy
4,worm-000075_310.npy
4,worm-000075_311.npy
2,worm-000075_312.npy
4,worm-000075_313.npy
6,worm-000075_314.npy
4,worm-000075_315.npy
0,worm-000075_316.npy
4,worm-000075_317.npy
4,worm-000075_318.npy
4,worm-000075_319.npy
4,worm-000075_320.npy
4,worm-000075_321.npy
4,worm-000075_322.npy
4,worm-000075_323.npy
4,worm-000075_324.npy
4,worm-000075_325.npy
4,worm-000075_326.npy
5,worm-000075_327.npy
4,worm-000075_328.npy
4,worm-000075_329.npy
4,worm-000075_332.npy
4,worm-000075_333.npy
4,worm-000075_334.npy
4,worm-000075_335.npy
4,worm-000075_336.npy
4,worm-000075_337.npy
1,worm-000075_339.npy
2,worm-000075_340.npy
1,worm-000075_341.npy
2,worm-000075_342.npy
1,worm-000075_343.npy
1,worm-000075_344.npy
2,worm-000075_345.npy
1,worm-000075_346.npy
1,worm-000075_347.npy
2,worm-000075_348.npy
1,worm-000075_349.npy
1,worm-000075_350.npy
1,worm-000075_351.npy
1,worm-000075_352.npy
1,worm-000075_353.npy
1,worm-000075_354.npy
1,worm-000075_355.npy
1,worm-000075_356.npy
1,worm-000075_357.npy
2,worm-000075_358.npy
4,worm-000075_359.npy
4,worm-000075_360.npy
1,worm-000075_361.npy
1,worm-000075_362.npy
4,worm-000075_363.npy
4,worm-000075_364.npy
1,worm-000075_365.npy
1,worm-000075_366.npy
1,worm-000075_367.npy
1,worm-000075_368.npy
1,worm-000075_369.npy
4,worm-000075_371.npy
4,worm-000075_372.npy
0,worm-000075_373.npy
6,worm-000075_375.npy
4,worm-000075_376.npy
4,worm-000075_377.npy
1,worm-000075_378.npy
0,worm-000075_379.npy
4,worm-000075_380.npy
4,worm-000075_381.npy
0,worm-000075_382.npy
4,worm-000075_383.npy
4,worm-000075_384.npy
4,worm-000075_385.npy
4,worm-000075_386.npy
4,worm-000075_387.npy
4,worm-000075_388.npy
4,worm-000075_390.npy
4,worm-000075_391.npy
4,worm-000075_392.npy
4,worm-000075_393.npy
4,worm-000075_394.npy
4,worm-000075_395.npy
1,worm-000075_397.npy
5,worm-000075_399.npy
2,worm-000075_403.npy
2,worm-000075_404.npy
5,worm-000075_405.npy
5,worm-000075_409.npy
5,worm-000075_412.npy
5,worm-000075_413.npy
5,worm-000075_415.npy
4,worm-000075_417.npy
5,worm-000075_418.npy
4,worm-000075_420.npy
5,worm-000075_421.npy
4,worm-000075_422.npy
4,worm-000075_425.npy
4,worm-000075_427.npy
4,worm-000075_429.npy
4,worm-000075_430.npy
4,worm-000075_432.npy
4,worm-000075_433.npy
4,worm-000075_434.npy
4,worm-000075_437.npy
4,worm-000075_438.npy
5,worm-000075_440.npy
4,worm-000075_443.npy
4,worm-000075_444.npy
4,worm-000075_445.npy
4,worm-000075_446.npy
4,worm-000075_449.npy
6,worm-000075_451.npy
1,worm-000075_452.npy
2,worm-000075_453.npy
1,worm-000075_454.npy
1,worm-000075_455.npy
0,worm-000075_456.npy
4,worm-000075_457.npy
3,worm-000075_458.npy
4,worm-000075_459.npy
1,worm-000075_460.npy
1,worm-000075_461.npy
1,worm-000075_462.npy
4,worm-000075_463.npy
2,worm-000076_000.npy
1,worm-000076_001.npy
1,worm-000076_003.npy
1,worm-000076_004.npy
2,worm-000076_005.npy
2,worm-000076_006.npy
2,worm-000076_007.npy
1,worm-000076_008.npy
1,worm-000076_009.npy
2,worm-000076_010.npy
1,worm-000076_011.npy
1,worm-000076_012.npy
1,worm-000076_013.npy
1,worm-000076_014.npy
2,worm-000076_015.npy
2,worm-000076_016.npy
2,worm-000076_017.npy
2,worm-000076_018.npy
1,worm-000076_019.npy
1,worm-000076_020.npy
1,worm-000076_021.npy
1,worm-000076_022.npy
1,worm-000076_023.npy
1,worm-000076_024.npy
1,worm-000076_025.npy
1,worm-000076_026.npy
1,worm-000076_027.npy
2,worm-000076_028.npy
1,worm-000076_029.npy
2,worm-000076_030.npy
2,worm-000076_031.npy
2,worm-000076_032.npy
2,worm-000076_033.npy
2,worm-000076_034.npy
1,worm-000076_035.npy
1,worm-000076_036.npy
1,worm-000076_037.npy
2,worm-000076_038.npy
2,worm-000076_039.npy
2,worm-000076_040.npy
2,worm-000076_041.npy
2,worm-000076_042.npy
1,worm-000076_043.npy
1,worm-000076_044.npy
1,worm-000076_045.npy
1,worm-000076_046.npy
1,worm-000076_047.npy
1,worm-000076_048.npy
1,worm-000076_049.npy
1,worm-000076_050.npy
1,worm-000076_051.npy
1,worm-000076_052.npy
1,worm-000076_053.npy
2,worm-000076_054.npy
1,worm-000076_055.npy
2,worm-000076_056.npy
1,worm-000076_057.npy
0,worm-000076_058.npy
1,worm-000076_059.npy
1,worm-000076_060.npy
1,worm-000076_061.npy
1,worm-000076_062.npy
4,worm-000076_063.npy
0,worm-000076_064.npy
2,worm-000076_065.npy
0,worm-000076_066.npy
1,worm-000076_067.npy
1,worm-000076_068.npy
1,worm-000076_069.npy
0,worm-000076_070.npy
0,worm-000076_071.npy
1,worm-000076_072.npy
1,worm-000076_073.npy
1,worm-000076_074.npy
1,worm-000076_075.npy
2,worm-000076_076.npy
1,worm-000076_077.npy
5,worm-000076_078.npy
1,worm-000076_080.npy
1,worm-000076_081.npy
1,worm-000076_082.npy
1,worm-000076_083.npy
1,worm-000076_085.npy
1,worm-000076_086.npy
3,worm-000076_088.npy
1,worm-000076_089.npy
4,worm-000076_090.npy
0,worm-000076_091.npy
0,worm-000076_092.npy
1,worm-000076_093.npy
5,worm-000076_094.npy
2,worm-000076_095.npy
1,worm-000076_096.npy
0,worm-000076_097.npy
2,worm-000076_098.npy
1,worm-000076_099.npy
1,worm-000076_100.npy
1,worm-000076_101.npy
1,worm-000076_102.npy
1,worm-000076_103.npy
1,worm-000076_104.npy
0,worm-000076_105.npy
4,worm-000076_107.npy
4,worm-000076_108.npy
1,worm-000076_109.npy
1,worm-000076_110.npy
3,worm-000076_111.npy
0,worm-000076_112.npy
4,worm-000076_113.npy
1,worm-000076_114.npy
0,worm-000076_115.npy
4,worm-000076_116.npy
4,worm-000076_117.npy
0,worm-000076_118.npy
2,worm-000076_119.npy
3,worm-000076_120.npy
1,worm-000076_121.npy
0,worm-000076_122.npy
1,worm-000076_123.npy
4,worm-000076_124.npy
3,worm-000076_125.npy
2,worm-000076_127.npy
2,worm-000076_128.npy
2,worm-000076_129.npy
4,worm-000076_130.npy
0,worm-000076_131.npy
4,worm-000076_132.npy
3,worm-000076_133.npy
4,worm-000076_134.npy
3,worm-000076_135.npy
3,worm-000076_136.npy
4,worm-000076_138.npy
4,worm-000076_140.npy
3,worm-000076_142.npy
4,worm-000076_143.npy
4,worm-000076_144.npy
3,worm-000076_147.npy
3,worm-000076_148.npy
5,worm-000076_149.npy
4,worm-000076_150.npy
4,worm-000076_153.npy
2,worm-000076_156.npy
2,worm-000076_157.npy
2,worm-000076_158.npy
1,worm-000076_159.npy
2,worm-000076_160.npy
1,worm-000076_161.npy
1,worm-000076_162.npy
1,worm-000076_163.npy
1,worm-000076_164.npy
1,worm-000076_165.npy
2,worm-000076_167.npy
1,worm-000076_168.npy
1,worm-000076_169.npy
1,worm-000076_170.npy
1,worm-000076_171.npy
1,worm-000076_172.npy
1,worm-000076_173.npy
1,worm-000076_174.npy
1,worm-000076_175.npy
1,worm-000076_176.npy
0,worm-000076_177.npy
1,worm-000076_178.npy
2,worm-000076_179.npy
1,worm-000076_180.npy
1,worm-000076_181.npy
4,worm-000076_182.npy
1,worm-000076_183.npy
2,worm-000076_184.npy
1,worm-000076_185.npy
1,worm-000076_186.npy
0,worm-000076_187.npy
4,worm-000076_189.npy
2,worm-000076_190.npy
4,worm-000076_191.npy
2,worm-000076_192.npy
0,worm-000076_193.npy
2,worm-000076_194.npy
4,worm-000076_196.npy
3,worm-000076_197.npy
4,worm-000076_198.npy
0,worm-000076_199.npy
4,worm-000076_200.npy
4,worm-000076_201.npy
4,worm-000076_202.npy
4,worm-000076_204.npy
4,worm-000076_205.npy
4,worm-000076_208.npy
4,worm-000076_209.npy
4,worm-000076_210.npy
4,worm-000076_211.npy
1,worm-000076_212.npy
4,worm-000076_213.npy
4,worm-000076_214.npy
4,worm-000076_215.npy
4,worm-000076_216.npy
4,worm-000076_217.npy
4,worm-000076_218.npy
4,worm-000076_219.npy
4,worm-000076_220.npy
4,worm-000076_221.npy
4,worm-000076_222.npy
1,worm-000076_223.npy
1,worm-000076_224.npy
1,worm-000076_225.npy
1,worm-000076_226.npy
1,worm-000076_227.npy
1,worm-000076_228.npy
1,worm-000076_229.npy
0,worm-000076_230.npy
1,worm-000076_231.npy
0,worm-000076_232.npy
4,worm-000076_233.npy
1,worm-000076_236.npy
1,worm-000076_237.npy
0,worm-000076_238.npy
1,worm-000076_239.npy
0,worm-000076_240.npy
4,worm-000076_242.npy
3,worm-000076_243.npy
3,worm-000076_244.npy
4,worm-000076_245.npy
4,worm-000076_247.npy
4,worm-000076_248.npy
5,worm-000076_249.npy
1,worm-000076_250.npy
5,worm-000076_251.npy
1,worm-000076_253.npy
4,worm-000076_255.npy
2,worm-000076_256.npy
4,worm-000076_257.npy
1,worm-000076_258.npy
3,worm-000076_259.npy
0,worm-000076_260.npy
3,worm-000076_261.npy
4,worm-000076_262.npy
0,worm-000076_264.npy
0,worm-000076_265.npy
4,worm-000076_267.npy
2,worm-000076_268.npy
4,worm-000076_269.npy
4,worm-000076_270.npy
5,worm-000076_271.npy
4,worm-000076_272.npy
5,worm-000076_274.npy
4,worm-000076_275.npy
1,worm-000076_277.npy
1,worm-000076_278.npy
1,worm-000076_279.npy
1,worm-000076_280.npy
1,worm-000076_281.npy
1,worm-000076_282.npy
1,worm-000076_283.npy
4,worm-000076_284.npy
1,worm-000076_285.npy
1,worm-000076_286.npy
2,worm-000076_287.npy
0,worm-000076_288.npy
4,worm-000076_289.npy
4,worm-000076_290.npy
4,worm-000076_291.npy
4,worm-000076_292.npy
4,worm-000076_293.npy
4,worm-000076_296.npy
4,worm-000076_297.npy
5,worm-000076_298.npy
4,worm-000076_300.npy
5,worm-000076_303.npy
4,worm-000076_304.npy
5,worm-000076_305.npy
4,worm-000076_306.npy
0,worm-000076_309.npy
3,worm-000076_311.npy
4,worm-000076_312.npy
4,worm-000076_313.npy
4,worm-000076_316.npy
5,worm-000076_317.npy
4,worm-000076_322.npy
4,worm-000076_323.npy
5,worm-000076_324.npy
4,worm-000076_326.npy
4,worm-000076_327.npy
5,worm-000076_330.npy
0,worm-000076_331.npy
4,worm-000076_333.npy
0,worm-000076_336.npy
4,worm-000076_337.npy
2,worm-000076_338.npy
0,worm-000076_339.npy
1,worm-000076_340.npy
2,worm-000077_000.npy
1,worm-000077_001.npy
2,worm-000077_002.npy
2,worm-000077_003.npy
2,worm-000077_004.npy
2,worm-000077_005.npy
2,worm-000077_006.npy
2,worm-000077_007.npy
2,worm-000077_008.npy
2,worm-000077_009.npy
2,worm-000077_010.npy
2,worm-000077_011.npy
2,worm-000077_013.npy
2,worm-000077_014.npy
2,worm-000077_015.npy
2,worm-000077_016.npy
2,worm-000077_017.npy
2,worm-000077_018.npy
1,worm-000077_019.npy
2,worm-000077_020.npy
2,worm-000077_021.npy
2,worm-000077_022.npy
2,worm-000077_023.npy
2,worm-000077_024.npy
2,worm-000077_025.npy
2,worm-000077_026.npy
2,worm-000077_027.npy
2,worm-000077_028.npy
2,worm-000077_029.npy
2,worm-000077_030.npy
2,worm-000077_031.npy
2,worm-000077_032.npy
1,worm-000077_033.npy
2,worm-000077_034.npy
2,worm-000077_035.npy
2,worm-000077_036.npy
2,worm-000077_037.npy
2,worm-000077_038.npy
3,worm-000077_039.npy
2,worm-000077_040.npy
2,worm-000077_041.npy
1,worm-000077_042.npy
1,worm-000077_044.npy
2,worm-000077_045.npy
2,worm-000077_046.npy
4,worm-000077_047.npy
2,worm-000077_048.npy
2,worm-000077_049.npy
2,worm-000077_050.npy
2,worm-000077_051.npy
2,worm-000077_052.npy
2,worm-000077_053.npy
1,worm-000077_054.npy
6,worm-000077_055.npy
2,worm-000077_056.npy
1,worm-000077_057.npy
2,worm-000077_058.npy
2,worm-000077_059.npy
1,worm-000077_060.npy
2,worm-000077_061.npy
1,worm-000077_062.npy
2,worm-000077_063.npy
1,worm-000077_064.npy
2,worm-000077_065.npy
1,worm-000077_066.npy
2,worm-000077_067.npy
2,worm-000077_068.npy
2,worm-000077_069.npy
2,worm-000077_070.npy
1,worm-000077_071.npy
2,worm-000077_073.npy
2,worm-000077_074.npy
2,worm-000077_075.npy
5,worm-000077_076.npy
1,worm-000077_078.npy
1,worm-000077_079.npy
1,worm-000077_080.npy
4,worm-000077_081.npy
2,worm-000077_082.npy
5,worm-000077_083.npy
3,worm-000077_085.npy
4,worm-000077_087.npy
1,worm-000077_088.npy
1,worm-000077_089.npy
1,worm-000077_091.npy
0,worm-000077_093.npy
2,worm-000077_094.npy
2,worm-000077_095.npy
6,worm-000077_096.npy
4,worm-000077_098.npy
4,worm-000077_099.npy
4,worm-000077_100.npy
2,worm-000077_101.npy
4,worm-000077_102.npy
5,worm-000077_103.npy
2,worm-000077_104.npy
2,worm-000077_105.npy
1,worm-000077_106.npy
2,worm-000077_107.npy
0,worm-000077_108.npy
2,worm-000077_109.npy
4,worm-000077_110.npy
4,worm-000077_111.npy
0,worm-000077_112.npy
4,worm-000077_113.npy
1,worm-000077_114.npy
1,worm-000077_115.npy
2,worm-000077_117.npy
4,worm-000077_118.npy
2,worm-000077_120.npy
4,worm-000077_121.npy
4,worm-000077_122.npy
5,worm-000077_123.npy
4,worm-000077_125.npy
4,worm-000077_126.npy
2,worm-000077_128.npy
4,worm-000077_129.npy
4,worm-000077_130.npy
4,worm-000077_131.npy
4,worm-000077_133.npy
4,worm-000077_136.npy
1,worm-000077_137.npy
4,worm-000077_140.npy
2,worm-000077_145.npy
1,worm-000077_146.npy
2,worm-000077_147.npy
2,worm-000077_148.npy
1,worm-000077_149.npy
2,worm-000077_150.npy
2,worm-000077_151.npy
1,worm-000077_152.npy
2,worm-000077_153.npy
2,worm-000077_154.npy
2,worm-000077_155.npy
2,worm-000077_156.npy
2,worm-000077_157.npy
1,worm-000077_158.npy
2,worm-000077_159.npy
1,worm-000077_160.npy
1,worm-000077_161.npy
5,worm-000077_162.npy
1,worm-000077_163.npy
2,worm-000077_164.npy
2,worm-000077_165.npy
2,worm-000077_166.npy
0,worm-000077_167.npy
0,worm-000077_168.npy
5,worm-000077_169.npy
2,worm-000077_170.npy
2,worm-000077_171.npy
2,worm-000077_172.npy
2,worm-000077_173.npy
1,worm-000077_174.npy
1,worm-000077_175.npy
1,worm-000077_176.npy
2,worm-000077_177.npy
2,worm-000077_178.npy
2,worm-000077_179.npy
1,worm-000077_180.npy
2,worm-000077_181.npy
5,worm-000077_182.npy
2,worm-000077_183.npy
0,worm-000077_184.npy
0,worm-000077_185.npy
1,worm-000077_186.npy
2,worm-000077_189.npy
2,worm-000077_190.npy
1,worm-000077_191.npy
0,worm-000077_192.npy
2,worm-000077_193.npy
0,worm-000077_194.npy
3,worm-000077_195.npy
4,worm-000077_196.npy
2,worm-000077_197.npy
1,worm-000077_198.npy
4,worm-000077_199.npy
2,worm-000077_200.npy
2,worm-000077_201.npy
1,worm-000077_202.npy
0,worm-000077_203.npy
5,worm-000077_204.npy
4,worm-000077_205.npy
2,worm-000077_206.npy
5,worm-000077_207.npy
5,worm-000077_208.npy
5,worm-000077_209.npy
5,worm-000077_210.npy
5,worm-000077_211.npy
2,worm-000077_212.npy
2,worm-000077_214.npy
4,worm-000077_216.npy
5,worm-000077_217.npy
0,worm-000077_218.npy
2,worm-000077_219.npy
6,worm-000077_221.npy
4,worm-000077_222.npy
4,worm-000077_223.npy
5,worm-000077_224.npy
4,worm-000077_225.npy
4,worm-000077_226.npy
4,worm-000077_227.npy
3,worm-000077_228.npy
2,worm-000077_229.npy
5,worm-000077_231.npy
4,worm-000077_232.npy
4,worm-000077_233.npy
4,worm-000077_234.npy
4,worm-000077_235.npy
5,worm-000077_237.npy
4,worm-000077_238.npy
4,worm-000077_239.npy
4,worm-000077_240.npy
2,worm-000077_241.npy
4,worm-000077_244.npy
4,worm-000077_245.npy
4,worm-000077_246.npy
4,worm-000077_247.npy
5,worm-000077_248.npy
4,worm-000077_249.npy
4,worm-000077_251.npy
4,worm-000077_252.npy
4,worm-000077_253.npy
4,worm-000077_254.npy
4,worm-000077_255.npy
4,worm-000077_256.npy
4,worm-000077_257.npy
5,worm-000077_258.npy
4,worm-000077_260.npy
5,worm-000077_261.npy
2,worm-000077_262.npy
1,worm-000077_263.npy
2,worm-000077_264.npy
2,worm-000077_265.npy
2,worm-000077_266.npy
2,worm-000077_267.npy
2,worm-000077_268.npy
2,worm-000077_269.npy
2,worm-000077_270.npy
2,worm-000077_271.npy
1,worm-000077_272.npy
2,worm-000077_273.npy
2,worm-000077_274.npy
1,worm-000077_275.npy
2,worm-000077_276.npy
2,worm-000077_277.npy
1,worm-000077_278.npy
2,worm-000077_279.npy
2,worm-000077_281.npy
2,worm-000077_282.npy
1,worm-000077_283.npy
1,worm-000077_284.npy
1,worm-000077_285.npy
1,worm-000077_286.npy
1,worm-000077_287.npy
2,worm-000077_288.npy
1,worm-000077_289.npy
2,worm-000077_290.npy
2,worm-000077_291.npy
4,worm-000077_292.npy
0,worm-000077_293.npy
1,worm-000077_294.npy
2,worm-000077_295.npy
4,worm-000077_296.npy
4,worm-000077_297.npy
4,worm-000077_298.npy
2,worm-000077_299.npy
4,worm-000077_300.npy
4,worm-000077_301.npy
2,worm-000077_303.npy
0,worm-000077_304.npy
2,worm-000077_305.npy
4,worm-000077_306.npy
3,worm-000077_307.npy
2,worm-000077_308.npy
4,worm-000077_309.npy
4,worm-000077_310.npy
1,worm-000077_311.npy
4,worm-000077_312.npy
4,worm-000077_313.npy
2,worm-000077_314.npy
5,worm-000077_315.npy
4,worm-000077_316.npy
2,worm-000077_317.npy
2,worm-000077_318.npy
4,worm-000077_319.npy
4,worm-000077_320.npy
4,worm-000077_321.npy
4,worm-000077_323.npy
5,worm-000077_324.npy
4,worm-000077_326.npy
4,worm-000077_327.npy
4,worm-000077_328.npy
5,worm-000077_329.npy
4,worm-000077_330.npy
4,worm-000077_332.npy
4,worm-000077_334.npy
4,worm-000077_335.npy
5,worm-000077_338.npy
4,worm-000077_340.npy
1,worm-000077_341.npy
2,worm-000077_342.npy
2,worm-000077_343.npy
1,worm-000077_344.npy
1,worm-000077_345.npy
4,worm-000077_346.npy
2,worm-000077_347.npy
2,worm-000077_348.npy
1,worm-000077_349.npy
4,worm-000077_350.npy
4,worm-000077_351.npy
5,worm-000077_352.npy
2,worm-000077_353.npy
2,worm-000077_354.npy
1,worm-000077_355.npy
4,worm-000077_356.npy
1,worm-000077_357.npy
4,worm-000077_358.npy
5,worm-000077_359.npy
0,worm-000077_360.npy
4,worm-000077_362.npy
4,worm-000077_364.npy
4,worm-000077_366.npy
4,worm-000077_367.npy
4,worm-000077_370.npy
2,worm-000077_372.npy
2,worm-000077_373.npy
2,worm-000077_374.npy
1,worm-000077_376.npy
2,worm-000077_378.npy
4,worm-000077_380.npy
2,worm-000077_381.npy
2,worm-000077_386.npy
4,worm-000077_390.npy
4,worm-000077_393.npy
5,worm-000077_394.npy
4,worm-000077_395.npy
4,worm-000077_398.npy
4,worm-000077_400.npy
4,worm-000077_401.npy
4,worm-000077_406.npy
4,worm-000077_410.npy
4,worm-000077_413.npy
4,worm-000077_420.npy
4,worm-000077_423.npy
4,worm-000077_424.npy
4,worm-000077_426.npy
4,worm-000077_427.npy
4,worm-000077_428.npy
4,worm-000077_430.npy
4,worm-000077_431.npy
2,worm-000077_432.npy
2,worm-000077_433.npy
2,worm-000077_434.npy
5,worm-000077_435.npy
2,worm-000077_436.npy
5,worm-000077_437.npy
6,worm-000077_438.npy
1,worm-000077_439.npy
1,worm-000078_000.npy
1,worm-000078_001.npy
1,worm-000078_002.npy
1,worm-000078_003.npy
1,worm-000078_004.npy
1,worm-000078_005.npy
1,worm-000078_006.npy
1,worm-000078_007.npy
1,worm-000078_008.npy
1,worm-000078_010.npy
1,worm-000078_011.npy
1,worm-000078_012.npy
1,worm-000078_013.npy
2,worm-000078_014.npy
1,worm-000078_015.npy
1,worm-000078_016.npy
1,worm-000078_017.npy
1,worm-000078_018.npy
1,worm-000078_019.npy
1,worm-000078_020.npy
1,worm-000078_021.npy
1,worm-000078_022.npy
1,worm-000078_023.npy
1,worm-000078_024.npy
0,worm-000078_025.npy
1,worm-000078_026.npy
1,worm-000078_027.npy
1,worm-000078_028.npy
1,worm-000078_029.npy
1,worm-000078_030.npy
1,worm-000078_031.npy
1,worm-000078_032.npy
1,worm-000078_033.npy
1,worm-000078_034.npy
1,worm-000078_035.npy
1,worm-000078_036.npy
6,worm-000078_037.npy
1,worm-000078_038.npy
1,worm-000078_039.npy
1,worm-000078_040.npy
1,worm-000078_041.npy
0,worm-000078_042.npy
1,worm-000078_043.npy
0,worm-000078_044.npy
1,worm-000078_045.npy
1,worm-000078_046.npy
0,worm-000078_047.npy
0,worm-000078_048.npy
1,worm-000078_049.npy
1,worm-000078_050.npy
1,worm-000078_051.npy
1,worm-000078_052.npy
1,worm-000078_054.npy
1,worm-000078_055.npy
1,worm-000078_057.npy
1,worm-000078_058.npy
1,worm-000078_059.npy
0,worm-000078_060.npy
5,worm-000078_061.npy
1,worm-000078_062.npy
5,worm-000078_063.npy
2,worm-000078_064.npy
0,worm-000078_066.npy
0,worm-000078_067.npy
0,worm-000078_068.npy
0,worm-000078_069.npy
1,worm-000078_070.npy
5,worm-000078_071.npy
5,worm-000078_072.npy
3,worm-000078_073.npy
1,worm-000078_075.npy
5,worm-000078_076.npy
3,worm-000078_077.npy
2,worm-000078_078.npy
0,worm-000078_079.npy
1,worm-000078_080.npy
1,worm-000078_081.npy
1,worm-000078_083.npy
0,worm-000078_084.npy
0,worm-000078_085.npy
1,worm-000078_086.npy
1,worm-000078_088.npy
1,worm-000078_089.npy
2,worm-000078_090.npy
0,worm-000078_091.npy
1,worm-000078_092.npy
1,worm-000078_093.npy
0,worm-000078_094.npy
0,worm-000078_097.npy
0,worm-000078_098.npy
1,worm-000078_099.npy
0,worm-000078_100.npy
0,worm-000078_101.npy
0,worm-000078_102.npy
1,worm-000078_103.npy
0,worm-000078_104.npy
5,worm-000078_105.npy
1,worm-000078_106.npy
6,worm-000078_107.npy
1,worm-000078_108.npy
0,worm-000078_109.npy
4,worm-000078_110.npy
1,worm-000078_111.npy
0,worm-000078_112.npy
1,worm-000078_113.npy
5,worm-000078_114.npy
5,worm-000078_115.npy
0,worm-000078_116.npy
0,worm-000078_117.npy
5,worm-000078_118.npy
5,worm-000078_119.npy
3,worm-000078_120.npy
4,worm-000078_121.npy
1,worm-000078_122.npy
1,worm-000078_123.npy
0,worm-000078_125.npy
0,worm-000078_126.npy
5,worm-000078_127.npy
3,worm-000078_128.npy
1,worm-000078_130.npy
1,worm-000078_131.npy
4,worm-000078_133.npy
0,worm-000078_134.npy
5,worm-000078_136.npy
1,worm-000078_137.npy
4,worm-000078_138.npy
4,worm-000078_139.npy
4,worm-000078_141.npy
4,worm-000078_142.npy
4,worm-000078_143.npy
4,worm-000078_144.npy
5,worm-000078_145.npy
4,worm-000078_146.npy
4,worm-000078_147.npy
4,worm-000078_148.npy
4,worm-000078_149.npy
1,worm-000078_150.npy
1,worm-000078_151.npy
1,worm-000078_152.npy
1,worm-000078_153.npy
1,worm-000078_154.npy
1,worm-000078_155.npy
1,worm-000078_156.npy
1,worm-000078_157.npy
1,worm-000078_158.npy
1,worm-000078_159.npy
1,worm-000078_160.npy
1,worm-000078_161.npy
1,worm-000078_162.npy
1,worm-000078_163.npy
1,worm-000078_164.npy
1,worm-000078_165.npy
1,worm-000078_166.npy
0,worm-000078_167.npy
1,worm-000078_168.npy
1,worm-000078_169.npy
1,worm-000078_170.npy
0,worm-000078_171.npy
1,worm-000078_172.npy
1,worm-000078_173.npy
4,worm-000078_174.npy
0,worm-000078_175.npy
4,worm-000078_176.npy
5,worm-000078_177.npy
0,worm-000078_178.npy
0,worm-000078_179.npy
4,worm-000078_180.npy
4,worm-000078_181.npy
0,worm-000078_182.npy
4,worm-000078_183.npy
5,worm-000078_184.npy
0,worm-000078_185.npy
0,worm-000078_186.npy
0,worm-000078_188.npy
4,worm-000078_189.npy
4,worm-000078_190.npy
4,worm-000078_194.npy
4,worm-000078_195.npy
4,worm-000078_196.npy
4,worm-000078_197.npy
4,worm-000078_198.npy
4,worm-000078_200.npy
4,worm-000078_202.npy
3,worm-000078_203.npy
4,worm-000078_204.npy
4,worm-000078_205.npy
4,worm-000078_206.npy
5,worm-000078_207.npy
4,worm-000078_208.npy
1,worm-000078_209.npy
1,worm-000078_210.npy
1,worm-000078_211.npy
1,worm-000078_212.npy
1,worm-000078_213.npy
1,worm-000078_214.npy
1,worm-000078_215.npy
1,worm-000078_216.npy
1,worm-000078_217.npy
5,worm-000078_218.npy
1,worm-000078_219.npy
1,worm-000078_220.npy
2,worm-000078_221.npy
1,worm-000078_222.npy
1,worm-000078_223.npy
1,worm-000078_224.npy
0,worm-000078_225.npy
1,worm-000078_226.npy
1,worm-000078_227.npy
1,worm-000078_228.npy
1,worm-000078_229.npy
1,worm-000078_230.npy
1,worm-000078_231.npy
0,worm-000078_232.npy
1,worm-000078_234.npy
1,worm-000078_235.npy
1,worm-000078_236.npy
1,worm-000078_237.npy
0,worm-000078_238.npy
0,worm-000078_239.npy
0,worm-000078_240.npy
1,worm-000078_241.npy
1,worm-000078_242.npy
1,worm-000078_243.npy
0,worm-000078_244.npy
1,worm-000078_245.npy
1,worm-000078_246.npy
0,worm-000078_247.npy
0,worm-000078_248.npy
0,worm-000078_249.npy
1,worm-000078_250.npy
1,worm-000078_251.npy
1,worm-000078_252.npy
1,worm-000078_253.npy
4,worm-000078_254.npy
4,worm-000078_255.npy
1,worm-000078_256.npy
5,worm-000078_257.npy
4,worm-000078_258.npy
0,worm-000078_259.npy
1,worm-000078_260.npy
4,worm-000078_262.npy
0,worm-000078_263.npy
0,worm-000078_264.npy
4,worm-000078_265.npy
5,worm-000078_267.npy
1,worm-000078_268.npy
1,worm-000078_269.npy
4,worm-000078_270.npy
4,worm-000078_271.npy
5,worm-000078_272.npy
5,worm-000078_273.npy
5,worm-000078_274.npy
4,worm-000078_276.npy
0,worm-000078_277.npy
5,worm-000078_278.npy
1,worm-000078_281.npy
1,worm-000078_282.npy
1,worm-000078_283.npy
1,worm-000078_284.npy
1,worm-000078_285.npy
1,worm-000078_286.npy
2,worm-000078_287.npy
2,worm-000078_288.npy
2,worm-000078_289.npy
1,worm-000078_290.npy
1,worm-000078_291.npy
1,worm-000078_293.npy
1,worm-000078_294.npy
1,worm-000078_295.npy
1,worm-000078_296.npy
0,worm-000078_297.npy
0,worm-000078_298.npy
1,worm-000078_299.npy
0,worm-000078_300.npy
4,worm-000078_301.npy
4,worm-000078_302.npy
4,worm-000078_303.npy
4,worm-000078_304.npy
4,worm-000078_307.npy
4,worm-000078_308.npy
4,worm-000078_309.npy
4,worm-000078_310.npy
5,worm-000078_314.npy
5,worm-000078_315.npy
4,worm-000078_317.npy
4,worm-000078_318.npy
4,worm-000078_321.npy
5,worm-000078_322.npy
1,worm-000078_323.npy
5,worm-000078_324.npy
1,worm-000078_325.npy
5,worm-000078_330.npy
5,worm-000078_332.npy
5,worm-000078_334.npy
4,worm-000078_335.npy
4,worm-000078_336.npy
0,worm-000078_337.npy
4,worm-000078_338.npy
4,worm-000078_339.npy
5,worm-000078_341.npy
3,worm-000078_344.npy
5,worm-000078_346.npy
0,worm-000078_347.npy
4,worm-000078_348.npy
4,worm-000078_350.npy
4,worm-000078_351.npy
0,worm-000078_352.npy
4,worm-000078_353.npy
5,worm-000078_354.npy
4,worm-000078_355.npy
5,worm-000078_357.npy
4,worm-000078_358.npy
4,worm-000078_360.npy
1,worm-000078_361.npy
4,worm-000078_365.npy
4,worm-000078_367.npy
4,worm-000078_368.npy
0,worm-000078_369.npy
4,worm-000078_370.npy
3,worm-000078_372.npy
1,worm-000078_374.npy
2,worm-000078_375.npy
1,worm-000078_376.npy
4,worm-000078_377.npy
0,worm-000078_378.npy
1,worm-000078_379.npy
1,worm-000078_380.npy
1,worm-000078_381.npy
1,worm-000079_000.npy
1,worm-000079_001.npy
1,worm-000079_002.npy
1,worm-000079_003.npy
2,worm-000079_004.npy
1,worm-000079_005.npy
1,worm-000079_006.npy
2,worm-000079_007.npy
2,worm-000079_008.npy
1,worm-000079_009.npy
2,worm-000079_010.npy
1,worm-000079_011.npy
1,worm-000079_012.npy
1,worm-000079_013.npy
1,worm-000079_014.npy
2,worm-000079_015.npy
1,worm-000079_016.npy
1,worm-000079_017.npy
1,worm-000079_018.npy
1,worm-000079_020.npy
1,worm-000079_021.npy
2,worm-000079_022.npy
1,worm-000079_023.npy
1,worm-000079_024.npy
2,worm-000079_025.npy
1,worm-000079_026.npy
1,worm-000079_027.npy
1,worm-000079_028.npy
1,worm-000079_029.npy
1,worm-000079_030.npy
1,worm-000079_031.npy
1,worm-000079_032.npy
1,worm-000079_033.npy
1,worm-000079_034.npy
1,worm-000079_035.npy
1,worm-000079_036.npy
1,worm-000079_037.npy
1,worm-000079_038.npy
4,worm-000079_039.npy
1,worm-000079_040.npy
2,worm-000079_041.npy
2,worm-000079_042.npy
1,worm-000079_043.npy
4,worm-000079_044.npy
4,worm-000079_045.npy
2,worm-000079_046.npy
1,worm-000079_047.npy
2,worm-000079_048.npy
1,worm-000079_049.npy
1,worm-000079_050.npy
1,worm-000079_051.npy
4,worm-000079_052.npy
4,worm-000079_053.npy
4,worm-000079_054.npy
4,worm-000079_055.npy
4,worm-000079_056.npy
2,worm-000079_057.npy
1,worm-000079_058.npy
1,worm-000079_059.npy
2,worm-000079_060.npy
1,worm-000079_061.npy
2,worm-000079_062.npy
1,worm-000079_063.npy
1,worm-000079_064.npy
4,worm-000079_065.npy
1,worm-000079_066.npy
4,worm-000079_067.npy
1,worm-000079_068.npy
2,worm-000079_069.npy
1,worm-000079_071.npy
4,worm-000079_072.npy
2,worm-000079_073.npy
4,worm-000079_074.npy
1,worm-000079_075.npy
3,worm-000079_076.npy
1,worm-000079_077.npy
1,worm-000079_079.npy
6,worm-000079_080.npy
1,worm-000079_081.npy
3,worm-000079_082.npy
4,worm-000079_083.npy
1,worm-000079_084.npy
1,worm-000079_085.npy
1,worm-000079_086.npy
4,worm-000079_087.npy
1,worm-000079_088.npy
0,worm-000079_090.npy
1,worm-000079_091.npy
4,worm-000079_092.npy
6,worm-000079_093.npy
4,worm-000079_094.npy
1,worm-000079_096.npy
0,worm-000079_097.npy
4,worm-000079_098.npy
0,worm-000079_099.npy
1,worm-000079_101.npy
1,worm-000079_102.npy
5,worm-000079_103.npy
0,worm-000079_104.npy
4,worm-000079_105.npy
0,worm-000079_106.npy
0,worm-000079_107.npy
4,worm-000079_109.npy
2,worm-000079_110.npy
2,worm-000079_111.npy
5,worm-000079_112.npy
4,worm-000079_113.npy
4,worm-000079_114.npy
4,worm-000079_115.npy
4,worm-000079_116.npy
4,worm-000079_117.npy
4,worm-000079_118.npy
4,worm-000079_119.npy
4,worm-000079_120.npy
4,worm-000079_121.npy
4,worm-000079_122.npy
4,worm-000079_123.npy
4,worm-000079_124.npy
4,worm-000079_125.npy
4,worm-000079_126.npy
5,worm-000079_127.npy
4,worm-000079_128.npy
4,worm-000079_129.npy
4,worm-000079_130.npy
4,worm-000079_131.npy
4,worm-000079_133.npy
4,worm-000079_134.npy
1,worm-000079_135.npy
2,worm-000079_136.npy
2,worm-000079_137.npy
1,worm-000079_138.npy
1,worm-000079_139.npy
1,worm-000079_140.npy
1,worm-000079_141.npy
1,worm-000079_142.npy
2,worm-000079_143.npy
2,worm-000079_144.npy
1,worm-000079_145.npy
1,worm-000079_146.npy
1,worm-000079_147.npy
1,worm-000079_148.npy
1,worm-000079_149.npy
1,worm-000079_150.npy
1,worm-000079_151.npy
1,worm-000079_152.npy
2,worm-000079_153.npy
2,worm-000079_154.npy
2,worm-000079_155.npy
1,worm-000079_156.npy
2,worm-000079_157.npy
1,worm-000079_158.npy
2,worm-000079_159.npy
2,worm-000079_161.npy
4,worm-000079_162.npy
4,worm-000079_163.npy
1,worm-000079_164.npy
1,worm-000079_165.npy
4,worm-000079_166.npy
2,worm-000079_167.npy
1,worm-000079_168.npy
4,worm-000079_170.npy
0,worm-000079_171.npy
2,worm-000079_172.npy
2,worm-000079_173.npy
1,worm-000079_174.npy
1,worm-000079_175.npy
4,worm-000079_176.npy
4,worm-000079_177.npy
2,worm-000079_178.npy
4,worm-000079_179.npy
3,worm-000079_180.npy
4,worm-000079_181.npy
4,worm-000079_182.npy
0,worm-000079_183.npy
4,worm-000079_184.npy
4,worm-000079_185.npy
4,worm-000079_186.npy
4,worm-000079_187.npy
6,worm-000079_188.npy
4,worm-000079_190.npy
4,worm-000079_192.npy
4,worm-000079_193.npy
4,worm-000079_194.npy
4,worm-000079_195.npy
4,worm-000079_196.npy
3,worm-000079_197.npy
4,worm-000079_199.npy
4,worm-000079_201.npy
4,worm-000079_202.npy
4,worm-000079_204.npy
4,worm-000079_205.npy
4,worm-000079_207.npy
4,worm-000079_208.npy
5,worm-000079_209.npy
4,worm-000079_210.npy
4,worm-000079_212.npy
4,worm-000079_213.npy
4,worm-000079_217.npy
4,worm-000079_218.npy
4,worm-000079_219.npy
1,worm-000079_220.npy
2,worm-000079_221.npy
1,worm-000079_222.npy
1,worm-000079_223.npy
2,worm-000079_224.npy
1,worm-000079_225.npy
1,worm-000079_226.npy
1,worm-000079_227.npy
2,worm-000079_228.npy
1,worm-000079_229.npy
1,worm-000079_230.npy
1,worm-000079_231.npy
1,worm-000079_232.npy
1,worm-000079_233.npy
1,worm-000079_234.npy
1,worm-000079_235.npy
2,worm-000079_236.npy
2,worm-000079_237.npy
1,worm-000079_238.npy
1,worm-000079_239.npy
1,worm-000079_240.npy
1,worm-000079_241.npy
1,worm-000079_242.npy
1,worm-000079_243.npy
1,worm-000079_244.npy
1,worm-000079_245.npy
2,worm-000079_246.npy
2,worm-000079_247.npy
1,worm-000079_248.npy
2,worm-000079_249.npy
1,worm-000079_250.npy
1,worm-000079_251.npy
1,worm-000079_252.npy
1,worm-000079_253.npy
1,worm-000079_254.npy
1,worm-000079_255.npy
1,worm-000079_256.npy
1,worm-000079_257.npy
1,worm-000079_258.npy
2,worm-000079_259.npy
1,worm-000079_260.npy
1,worm-000079_261.npy
1,worm-000079_262.npy
3,worm-000079_263.npy
1,worm-000079_264.npy
0,worm-000079_265.npy
1,worm-000079_266.npy
2,worm-000079_267.npy
4,worm-000079_268.npy
4,worm-000079_269.npy
0,worm-000079_270.npy
0,worm-000079_271.npy
4,worm-000079_272.npy
0,worm-000079_273.npy
1,worm-000079_274.npy
1,worm-000079_275.npy
1,worm-000079_276.npy
1,worm-000079_277.npy
2,worm-000079_278.npy
1,worm-000079_279.npy
4,worm-000079_280.npy
3,worm-000079_281.npy
2,worm-000079_282.npy
1,worm-000079_283.npy
6,worm-000079_284.npy
0,worm-000079_285.npy
4,worm-000079_287.npy
4,worm-000079_288.npy
5,worm-000079_289.npy
1,worm-000079_290.npy
4,worm-000079_291.npy
5,worm-000079_292.npy
5,worm-000079_295.npy
4,worm-000079_296.npy
2,worm-000079_297.npy
5,worm-000079_298.npy
5,worm-000079_299.npy
4,worm-000079_300.npy
4,worm-000079_301.npy
4,worm-000079_302.npy
1,worm-000079_303.npy
4,worm-000079_304.npy
4,worm-000079_305.npy
5,worm-000079_307.npy
5,worm-000079_308.npy
4,worm-000079_309.npy
4,worm-000079_310.npy
5,worm-000079_311.npy
4,worm-000079_313.npy
5,worm-000079_315.npy
4,worm-000079_316.npy
4,worm-000079_317.npy
4,worm-000079_319.npy
4,worm-000079_320.npy
4,worm-000079_321.npy
4,worm-000079_322.npy
1,worm-000079_323.npy
5,worm-000079_324.npy
1,worm-000079_325.npy
1,worm-000079_326.npy
1,worm-000079_327.npy
1,worm-000079_328.npy
1,worm-000079_329.npy
2,worm-000079_330.npy
1,worm-000079_331.npy
1,worm-000079_332.npy
1,worm-000079_333.npy
2,worm-000079_334.npy
1,worm-000079_335.npy
1,worm-000079_336.npy
1,worm-000079_337.npy
1,worm-000079_338.npy
1,worm-000079_339.npy
1,worm-000079_340.npy
1,worm-000079_342.npy
1,worm-000079_343.npy
3,worm-000079_344.npy
2,worm-000079_345.npy
1,worm-000079_346.npy
1,worm-000079_347.npy
1,worm-000079_348.npy
1,worm-000079_349.npy
2,worm-000079_350.npy
1,worm-000079_351.npy
2,worm-000079_352.npy
1,worm-000079_353.npy
2,worm-000079_354.npy
4,worm-000079_355.npy
0,worm-000079_356.npy
1,worm-000079_357.npy
1,worm-000079_358.npy
0,worm-000079_359.npy
1,worm-000079_360.npy
2,worm-000079_361.npy
1,worm-000079_362.npy
1,worm-000079_363.npy
0,worm-000079_364.npy
4,worm-000079_365.npy
4,worm-000079_366.npy
2,worm-000079_367.npy
5,worm-000079_368.npy
4,worm-000079_369.npy
4,worm-000079_370.npy
0,worm-000079_371.npy
4,worm-000079_372.npy
1,worm-000079_373.npy
3,worm-000079_374.npy
4,worm-000079_375.npy
4,worm-000079_376.npy
4,worm-000079_377.npy
4,worm-000079_379.npy
4,worm-000079_380.npy
1,worm-000079_381.npy
4,worm-000079_382.npy
3,worm-000079_383.npy
4,worm-000079_384.npy
4,worm-000079_387.npy
4,worm-000079_389.npy
5,worm-000079_390.npy
4,worm-000079_391.npy
4,worm-000079_392.npy
4,worm-000079_393.npy
4,worm-000079_395.npy
4,worm-000079_396.npy
3,worm-000079_397.npy
4,worm-000079_398.npy
4,worm-000079_399.npy
5,worm-000079_401.npy
4,worm-000079_405.npy
4,worm-000079_407.npy
4,worm-000079_411.npy
5,worm-000079_412.npy
4,worm-000079_413.npy
4,worm-000079_416.npy
4,worm-000079_418.npy
4,worm-000079_419.npy
5,worm-000079_420.npy
4,worm-000079_421.npy
4,worm-000079_423.npy
4,worm-000079_424.npy
4,worm-000079_427.npy
4,worm-000079_431.npy
4,worm-000079_433.npy
4,worm-000079_434.npy
4,worm-000079_436.npy
5,worm-000079_441.npy
4,worm-000079_442.npy
4,worm-000079_443.npy
4,worm-000079_444.npy
4,worm-000079_445.npy
4,worm-000079_447.npy
4,worm-000079_448.npy
4,worm-000079_450.npy
4,worm-000079_451.npy
4,worm-000079_454.npy
4,worm-000079_455.npy
4,worm-000079_456.npy
4,worm-000079_457.npy
4,worm-000079_458.npy
1,worm-000079_459.npy
6,worm-000079_460.npy
2,worm-000080_000.npy
1,worm-000080_001.npy
1,worm-000080_002.npy
1,worm-000080_003.npy
1,worm-000080_004.npy
1,worm-000080_005.npy
1,worm-000080_006.npy
2,worm-000080_007.npy
1,worm-000080_008.npy
1,worm-000080_009.npy
1,worm-000080_010.npy
1,worm-000080_011.npy
1,worm-000080_012.npy
1,worm-000080_013.npy
1,worm-000080_014.npy
1,worm-000080_015.npy
1,worm-000080_016.npy
1,worm-000080_017.npy
1,worm-000080_018.npy
1,worm-000080_019.npy
1,worm-000080_020.npy
1,worm-000080_021.npy
1,worm-000080_022.npy
1,worm-000080_023.npy
1,worm-000080_024.npy
1,worm-000080_025.npy
1,worm-000080_026.npy
0,worm-000080_027.npy
0,worm-000080_028.npy
5,worm-000080_029.npy
1,worm-000080_030.npy
1,worm-000080_031.npy
1,worm-000080_032.npy
1,worm-000080_033.npy
1,worm-000080_034.npy
5,worm-000080_035.npy
0,worm-000080_036.npy
1,worm-000080_037.npy
0,worm-000080_038.npy
1,worm-000080_039.npy
5,worm-000080_040.npy
3,worm-000080_041.npy
1,worm-000080_042.npy
0,worm-000080_043.npy
4,worm-000080_044.npy
1,worm-000080_045.npy
1,worm-000080_046.npy
1,worm-000080_047.npy
1,worm-000080_048.npy
5,worm-000080_049.npy
2,worm-000080_050.npy
1,worm-000080_051.npy
2,worm-000080_052.npy
2,worm-000080_053.npy
2,worm-000080_054.npy
1,worm-000080_055.npy
1,worm-000080_056.npy
2,worm-000080_057.npy
1,worm-000080_058.npy
1,worm-000080_059.npy
1,worm-000080_060.npy
2,worm-000080_061.npy
1,worm-000080_062.npy
2,worm-000080_063.npy
0,worm-000080_064.npy
2,worm-000080_065.npy
1,worm-000080_066.npy
1,worm-000080_067.npy
0,worm-000080_068.npy
0,worm-000080_069.npy
4,worm-000080_070.npy
1,worm-000080_071.npy
4,worm-000080_072.npy
1,worm-000080_073.npy
2,worm-000080_074.npy
1,worm-000080_075.npy
1,worm-000080_076.npy
2,worm-000080_077.npy
2,worm-000080_078.npy
2,worm-000080_079.npy
1,worm-000080_080.npy
2,worm-000080_081.npy
2,worm-000080_082.npy
0,worm-000080_083.npy
1,worm-000080_084.npy
1,worm-000080_085.npy
0,worm-000080_086.npy
2,worm-000080_087.npy
1,worm-000080_088.npy
4,worm-000080_089.npy
1,worm-000080_090.npy
1,worm-000080_091.npy
1,worm-000080_093.npy
1,worm-000080_094.npy
4,worm-000080_095.npy
0,worm-000080_096.npy
3,worm-000080_097.npy
2,worm-000080_098.npy
0,worm-000080_099.npy
0,worm-000080_100.npy
4,worm-000080_101.npy
0,worm-000080_102.npy
4,worm-000080_103.npy
0,worm-000080_104.npy
0,worm-000080_105.npy
5,worm-000080_106.npy
5,worm-000080_107.npy
0,worm-000080_108.npy
4,worm-000080_109.npy
0,worm-000080_110.npy
1,worm-000080_111.npy
3,worm-000080_112.npy
0,worm-000080_113.npy
4,worm-000080_114.npy
4,worm-000080_116.npy
3,worm-000080_117.npy
4,worm-000080_120.npy
4,worm-000080_121.npy
5,worm-000080_122.npy
4,worm-000080_123.npy
4,worm-000080_125.npy
4,worm-000080_126.npy
4,worm-000080_127.npy
4,worm-000080_128.npy
4,worm-000080_129.npy
2,worm-000080_130.npy
4,worm-000080_131.npy
4,worm-000080_132.npy
4,worm-000080_133.npy
4,worm-000080_134.npy
4,worm-000080_136.npy
4,worm-000080_137.npy
4,worm-000080_138.npy
1,worm-000080_139.npy
1,worm-000080_140.npy
1,worm-000080_141.npy
2,worm-000080_142.npy
1,worm-000080_143.npy
1,worm-000080_144.npy
1,worm-000080_145.npy
1,worm-000080_146.npy
1,worm-000080_147.npy
1,worm-000080_148.npy
1,worm-000080_149.npy
1,worm-000080_150.npy
1,worm-000080_151.npy
1,worm-000080_152.npy
2,worm-000080_153.npy
2,worm-000080_154.npy
2,worm-000080_155.npy
1,worm-000080_156.npy
1,worm-000080_157.npy
2,worm-000080_158.npy
3,worm-000080_159.npy
1,worm-000080_160.npy
1,worm-000080_161.npy
1,worm-000080_162.npy
1,worm-000080_163.npy
1,worm-000080_164.npy
2,worm-000080_165.npy
1,worm-000080_166.npy
0,worm-000080_167.npy
2,worm-000080_168.npy
0,worm-000080_169.npy
1,worm-000080_170.npy
0,worm-000080_171.npy
1,worm-000080_172.npy
0,worm-000080_173.npy
0,worm-000080_175.npy
0,worm-000080_176.npy
0,worm-000080_177.npy
1,worm-000080_178.npy
1,worm-000080_179.npy
0,worm-000080_180.npy
0,worm-000080_181.npy
0,worm-000080_182.npy
4,worm-000080_183.npy
0,worm-000080_184.npy
0,worm-000080_185.npy
1,worm-000080_186.npy
0,worm-000080_187.npy
3,worm-000080_188.npy
1,worm-000080_189.npy
4,worm-000080_190.npy
3,worm-000080_191.npy
4,worm-000080_192.npy
4,worm-000080_193.npy
3,worm-000080_194.npy
4,worm-000080_195.npy
3,worm-000080_196.npy
3,worm-000080_197.npy
4,worm-000080_198.npy
5,worm-000080_199.npy
4,worm-000080_200.npy
4,worm-000080_202.npy
5,worm-000080_203.npy
4,worm-000080_204.npy
4,worm-000080_208.npy
4,worm-000080_209.npy
4,worm-000080_210.npy
3,worm-000080_212.npy
4,worm-000080_215.npy
1,worm-000080_216.npy
2,worm-000080_217.npy
2,worm-000080_218.npy
2,worm-000080_219.npy
1,worm-000080_220.npy
1,worm-000080_221.npy
1,worm-000080_222.npy
1,worm-000080_223.npy
1,worm-000080_224.npy
1,worm-000080_225.npy
1,worm-000080_226.npy
1,worm-000080_227.npy
1,worm-000080_228.npy
1,worm-000080_229.npy
1,worm-000080_230.npy
1,worm-000080_231.npy
1,worm-000080_232.npy
1,worm-000080_233.npy
3,worm-000080_234.npy
2,worm-000080_235.npy
1,worm-000080_236.npy
1,worm-000080_237.npy
4,worm-000080_238.npy
2,worm-000080_239.npy
1,worm-000080_240.npy
1,worm-000080_241.npy
4,worm-000080_242.npy
1,worm-000080_243.npy
1,worm-000080_244.npy
1,worm-000080_245.npy
0,worm-000080_246.npy
4,worm-000080_247.npy
0,worm-000080_248.npy
4,worm-000080_249.npy
1,worm-000080_250.npy
4,worm-000080_251.npy
4,worm-000080_252.npy
4,worm-000080_253.npy
2,worm-000080_254.npy
1,worm-000080_255.npy
1,worm-000080_257.npy
4,worm-000080_258.npy
4,worm-000080_259.npy
4,worm-000080_260.npy
4,worm-000080_261.npy
4,worm-000080_262.npy
4,worm-000080_263.npy
4,worm-000080_264.npy
4,worm-000080_266.npy
4,worm-000080_268.npy
4,worm-000080_269.npy
2,worm-000080_270.npy
1,worm-000080_271.npy
1,worm-000080_272.npy
1,worm-000080_273.npy
1,worm-000080_274.npy
2,worm-000080_275.npy
1,worm-000080_276.npy
1,worm-000080_277.npy
0,worm-000080_278.npy
0,worm-000080_279.npy
4,worm-000080_280.npy
4,worm-000080_281.npy
5,worm-000080_282.npy
4,worm-000080_283.npy
4,worm-000080_284.npy
0,worm-000080_287.npy
4,worm-000080_288.npy
4,worm-000080_289.npy
4,worm-000080_292.npy
3,worm-000080_293.npy
4,worm-000080_295.npy
5,worm-000080_297.npy
5,worm-000080_302.npy
5,worm-000080_306.npy
4,worm-000080_307.npy
4,worm-000080_308.npy
4,worm-000080_309.npy
3,worm-000080_313.npy
4,worm-000080_315.npy
4,worm-000080_316.npy
4,worm-000080_317.npy
4,worm-000080_320.npy
4,worm-000080_322.npy
4,worm-000080_324.npy
4,worm-000080_326.npy
4,worm-000080_327.npy
4,worm-000080_329.npy
5,worm-000080_330.npy
5,worm-000080_331.npy
0,worm-000080_332.npy
0,worm-000080_333.npy
4,worm-000080_334.npy
4,worm-000080_335.npy
2,worm-000081_000.npy
2,worm-000081_001.npy
1,worm-000081_002.npy
2,worm-000081_003.npy
2,worm-000081_004.npy
2,worm-000081_005.npy
1,worm-000081_006.npy
2,worm-000081_007.npy
2,worm-000081_008.npy
1,worm-000081_009.npy
2,worm-000081_010.npy
2,worm-000081_011.npy
2,worm-000081_012.npy
1,worm-000081_013.npy
2,worm-000081_014.npy
2,worm-000081_015.npy
2,worm-000081_016.npy
2,worm-000081_017.npy
1,worm-000081_018.npy
2,worm-000081_019.npy
4,worm-000081_020.npy
0,worm-000081_021.npy
2,worm-000081_022.npy
1,worm-000081_023.npy
2,worm-000081_025.npy
2,worm-000081_026.npy
2,worm-000081_027.npy
2,worm-000081_028.npy
1,worm-000081_029.npy
2,worm-000081_030.npy
1,worm-000081_031.npy
2,worm-000081_032.npy
1,worm-000081_033.npy
2,worm-000081_034.npy
1,worm-000081_035.npy
4,worm-000081_036.npy
1,worm-000081_037.npy
4,worm-000081_038.npy
4,worm-000081_039.npy
2,worm-000081_040.npy
2,worm-000081_041.npy
2,worm-000081_042.npy
2,worm-000081_043.npy
4,worm-000081_044.npy
2,worm-000081_046.npy
4,worm-000081_047.npy
4,worm-000081_048.npy
2,worm-000081_049.npy
4,worm-000081_050.npy
4,worm-000081_051.npy
4,worm-000081_052.npy
5,worm-000081_053.npy
4,worm-000081_054.npy
4,worm-000081_055.npy
4,worm-000081_056.npy
5,worm-000081_058.npy
4,worm-000081_059.npy
2,worm-000081_060.npy
4,worm-000081_061.npy
4,worm-000081_062.npy
4,worm-000081_063.npy
4,worm-000081_064.npy
4,worm-000081_065.npy
4,worm-000081_066.npy
4,worm-000081_068.npy
2,worm-000081_069.npy
4,worm-000081_070.npy
4,worm-000081_071.npy
4,worm-000081_073.npy
4,worm-000081_074.npy
4,worm-000081_075.npy
4,worm-000081_076.npy
5,worm-000081_078.npy
4,worm-000081_079.npy
4,worm-000081_080.npy
4,worm-000081_081.npy
3,worm-000081_082.npy
4,worm-000081_084.npy
0,worm-000081_085.npy
4,worm-000081_086.npy
4,worm-000081_087.npy
4,worm-000081_089.npy
2,worm-000081_091.npy
1,worm-000081_092.npy
2,worm-000081_093.npy
2,worm-000081_094.npy
2,worm-000081_095.npy
2,worm-000081_096.npy
2,worm-000081_097.npy
2,worm-000081_098.npy
2,worm-000081_100.npy
2,worm-000081_101.npy
1,worm-000081_102.npy
4,worm-000081_103.npy
4,worm-000081_104.npy
2,worm-000081_105.npy
2,worm-000081_106.npy
1,worm-000081_107.npy
1,worm-000081_108.npy
4,worm-000081_109.npy
1,worm-000081_110.npy
4,worm-000081_111.npy
0,worm-000081_112.npy
1,worm-000081_113.npy
4,worm-000081_114.npy
2,worm-000081_115.npy
4,worm-000081_116.npy
4,worm-000081_117.npy
4,worm-000081_118.npy
4,worm-000081_119.npy
2,worm-000081_120.npy
5,worm-000081_121.npy
4,worm-000081_122.npy
4,worm-000081_123.npy
4,worm-000081_124.npy
4,worm-000081_125.npy
4,worm-000081_127.npy
4,worm-000081_128.npy
4,worm-000081_129.npy
4,worm-000081_130.npy
4,worm-000081_131.npy
4,worm-000081_132.npy
4,worm-000081_133.npy
4,worm-000081_134.npy
4,worm-000081_135.npy
4,worm-000081_139.npy
4,worm-000081_140.npy
5,worm-000081_142.npy
4,worm-000081_143.npy
4,worm-000081_145.npy
4,worm-000081_146.npy
4,worm-000081_147.npy
4,worm-000081_148.npy
2,worm-000081_149.npy
1,worm-000081_150.npy
2,worm-000081_151.npy
2,worm-000081_152.npy
2,worm-000081_153.npy
2,worm-000081_154.npy
2,worm-000081_155.npy
2,worm-000081_156.npy
2,worm-000081_157.npy
2,worm-000081_158.npy
6,worm-000081_159.npy
2,worm-000081_160.npy
1,worm-000081_161.npy
2,worm-000081_162.npy
2,worm-000081_163.npy
1,worm-000081_164.npy
1,worm-000081_165.npy
2,worm-000081_166.npy
2,worm-000081_167.npy
2,worm-000081_168.npy
2,worm-000081_169.npy
1,worm-000081_170.npy
2,worm-000081_171.npy
2,worm-000081_172.npy
2,worm-000081_173.npy
4,worm-000081_174.npy
1,worm-000081_175.npy
1,worm-000081_176.npy
4,worm-000081_177.npy
2,worm-000081_178.npy
2,worm-000081_179.npy
2,worm-000081_180.npy
1,worm-000081_181.npy
4,worm-000081_182.npy
4,worm-000081_183.npy
4,worm-000081_184.npy
4,worm-000081_185.npy
1,worm-000081_186.npy
4,worm-000081_187.npy
2,worm-000081_188.npy
4,worm-000081_189.npy
2,worm-000081_190.npy
4,worm-000081_191.npy
4,worm-000081_194.npy
2,worm-000081_195.npy
4,worm-000081_196.npy
4,worm-000081_197.npy
4,worm-000081_198.npy
4,worm-000081_199.npy
4,worm-000081_200.npy
2,worm-000081_201.npy
4,worm-000081_202.npy
4,worm-000081_203.npy
4,worm-000081_204.npy
4,worm-000081_206.npy
5,worm-000081_207.npy
4,worm-000081_210.npy
4,worm-000081_211.npy
4,worm-000081_212.npy
4,worm-000081_213.npy
5,worm-000081_214.npy
4,worm-000081_215.npy
4,worm-000081_218.npy
3,worm-000081_219.npy
3,worm-000081_220.npy
2,worm-000081_221.npy
6,worm-000081_222.npy
2,worm-000081_223.npy
2,worm-000081_224.npy
1,worm-000081_225.npy
2,worm-000081_226.npy
2,worm-000081_227.npy
2,worm-000081_229.npy
3,worm-000081_230.npy
1,worm-000081_231.npy
1,worm-000081_232.npy
2,worm-000081_233.npy
1,worm-000081_234.npy
2,worm-000081_235.npy
4,worm-000081_236.npy
1,worm-000081_237.npy
2,worm-000081_238.npy
2,worm-000081_239.npy
4,worm-000081_240.npy
4,worm-000081_242.npy
4,worm-000081_244.npy
1,worm-000081_245.npy
4,worm-000081_246.npy
2,worm-000081_247.npy
1,worm-000081_248.npy
3,worm-000081_250.npy
2,worm-000081_251.npy
6,worm-000081_252.npy
0,worm-000081_254.npy
4,worm-000081_255.npy
4,worm-000081_256.npy
4,worm-000081_258.npy
4,worm-000081_259.npy
1,worm-000081_260.npy
4,worm-000081_261.npy
5,worm-000081_262.npy
0,worm-000081_263.npy
1,worm-000081_264.npy
4,worm-000081_265.npy
6,worm-000081_266.npy
2,worm-000081_267.npy
4,worm-000081_268.npy
4,worm-000081_269.npy
4,worm-000081_270.npy
4,worm-000081_271.npy
4,worm-000081_272.npy
4,worm-000081_273.npy
4,worm-000081_274.npy
2,worm-000081_275.npy
6,worm-000081_276.npy
4,worm-000081_277.npy
4,worm-000081_279.npy
4,worm-000081_281.npy
4,worm-000081_282.npy
4,worm-000081_283.npy
4,worm-000081_284.npy
4,worm-000081_285.npy
4,worm-000081_286.npy
4,worm-000081_287.npy
4,worm-000081_288.npy
4,worm-000081_289.npy
4,worm-000081_290.npy
3,worm-000081_291.npy
5,worm-000081_292.npy
4,worm-000081_293.npy
4,worm-000081_294.npy
4,worm-000081_295.npy
4,worm-000081_296.npy
4,worm-000081_297.npy
4,worm-000081_299.npy
4,worm-000081_300.npy
4,worm-000081_301.npy
2,worm-000081_302.npy
4,worm-000081_303.npy
2,worm-000081_306.npy
4,worm-000081_312.npy
5,worm-000081_313.npy
4,worm-000081_314.npy
4,worm-000081_315.npy
4,worm-000081_318.npy
4,worm-000081_319.npy
4,worm-000081_322.npy
5,worm-000081_323.npy
4,worm-000081_324.npy
4,worm-000081_330.npy
5,worm-000081_331.npy
5,worm-000081_334.npy
4,worm-000081_335.npy
4,worm-000081_336.npy
4,worm-000081_337.npy
4,worm-000081_338.npy
5,worm-000081_339.npy
4,worm-000081_340.npy
4,worm-000081_341.npy
4,worm-000081_342.npy
4,worm-000081_343.npy
4,worm-000081_344.npy
4,worm-000081_347.npy
4,worm-000081_353.npy
4,worm-000081_354.npy
4,worm-000081_356.npy
4,worm-000081_357.npy
4,worm-000081_358.npy
4,worm-000081_359.npy
1,worm-000081_360.npy
1,worm-000081_361.npy
4,worm-000081_362.npy
1,worm-000081_363.npy
4,worm-000081_364.npy
0,worm-000081_365.npy
4,worm-000081_366.npy
1,worm-000082_000.npy
5,worm-000082_001.npy
1,worm-000082_002.npy
1,worm-000082_003.npy
1,worm-000082_004.npy
1,worm-000082_005.npy
1,worm-000082_006.npy
1,worm-000082_007.npy
1,worm-000082_008.npy
1,worm-000082_009.npy
2,worm-000082_010.npy
2,worm-000082_011.npy
1,worm-000082_012.npy
2,worm-000082_013.npy
1,worm-000082_014.npy
1,worm-000082_015.npy
1,worm-000082_016.npy
1,worm-000082_017.npy
2,worm-000082_018.npy
1,worm-000082_019.npy
1,worm-000082_020.npy
2,worm-000082_021.npy
1,worm-000082_022.npy
1,worm-000082_023.npy
1,worm-000082_025.npy
1,worm-000082_026.npy
1,worm-000082_027.npy
6,worm-000082_028.npy
0,worm-000082_029.npy
1,worm-000082_030.npy
1,worm-000082_031.npy
1,worm-000082_032.npy
0,worm-000082_033.npy
1,worm-000082_034.npy
1,worm-000082_035.npy
1,worm-000082_036.npy
1,worm-000082_037.npy
1,worm-000082_038.npy
1,worm-000082_039.npy
5,worm-000082_040.npy
0,worm-000082_041.npy
0,worm-000082_042.npy
0,worm-000082_043.npy
6,worm-000082_044.npy
0,worm-000082_045.npy
0,worm-000082_046.npy
0,worm-000082_047.npy
0,worm-000082_048.npy
1,worm-000082_049.npy
0,worm-000082_050.npy
0,worm-000082_051.npy
0,worm-000082_052.npy
1,worm-000082_053.npy
3,worm-000082_055.npy
1,worm-000082_056.npy
0,worm-000082_057.npy
0,worm-000082_058.npy
1,worm-000082_059.npy
0,worm-000082_060.npy
2,worm-000082_061.npy
1,worm-000082_062.npy
1,worm-000082_063.npy
0,worm-000082_064.npy
0,worm-000082_065.npy
0,worm-000082_066.npy
0,worm-000082_067.npy
1,worm-000082_068.npy
1,worm-000082_069.npy
0,worm-000082_070.npy
0,worm-000082_071.npy
0,worm-000082_072.npy
0,worm-000082_073.npy
1,worm-000082_074.npy
0,worm-000082_075.npy
1,worm-000082_076.npy
1,worm-000082_077.npy
0,worm-000082_078.npy
0,worm-000082_079.npy
1,worm-000082_080.npy
1,worm-000082_081.npy
1,worm-000082_082.npy
0,worm-000082_083.npy
0,worm-000082_084.npy
0,worm-000082_085.npy
0,worm-000082_086.npy
1,worm-000082_087.npy
1,worm-000082_088.npy
1,worm-000082_089.npy
0,worm-000082_090.npy
0,worm-000082_091.npy
0,worm-000082_092.npy
0,worm-000082_093.npy
1,worm-000082_094.npy
3,worm-000082_095.npy
0,worm-000082_096.npy
5,worm-000082_097.npy
3,worm-000082_098.npy
1,worm-000082_099.npy
1,worm-000082_100.npy
3,worm-000082_101.npy
0,worm-000082_102.npy
0,worm-000082_103.npy
5,worm-000082_104.npy
0,worm-000082_105.npy
0,worm-000082_107.npy
0,worm-000082_108.npy
0,worm-000082_109.npy
0,worm-000082_110.npy
5,worm-000082_111.npy
0,worm-000082_113.npy
1,worm-000082_114.npy
1,worm-000082_115.npy
5,worm-000082_116.npy
4,worm-000082_117.npy
1,worm-000082_118.npy
0,worm-000082_120.npy
3,worm-000082_122.npy
5,worm-000082_123.npy
1,worm-000082_125.npy
5,worm-000082_126.npy
3,worm-000082_127.npy
0,worm-000082_128.npy
1,worm-000082_129.npy
3,worm-000082_130.npy
4,worm-000082_131.npy
3,worm-000082_132.npy
2,worm-000082_133.npy
3,worm-000082_134.npy
0,worm-000082_135.npy
1,worm-000082_136.npy
0,worm-000082_137.npy
1,worm-000082_138.npy
1,worm-000082_139.npy
1,worm-000082_140.npy
1,worm-000082_141.npy
0,worm-000082_142.npy
0,worm-000082_143.npy
5,worm-000082_144.npy
5,worm-000082_145.npy
0,worm-000082_147.npy
5,worm-000082_148.npy
1,worm-000082_149.npy
5,worm-000082_150.npy
0,worm-000082_151.npy
1,worm-000082_152.npy
3,worm-000082_154.npy
0,worm-000082_155.npy
1,worm-000082_156.npy
5,worm-000082_157.npy
0,worm-000082_159.npy
1,worm-000082_160.npy
5,worm-000082_161.npy
4,worm-000082_162.npy
1,worm-000082_163.npy
5,worm-000082_164.npy
4,worm-000082_165.npy
5,worm-000082_166.npy
4,worm-000082_167.npy
1,worm-000082_168.npy
1,worm-000082_170.npy
5,worm-000082_171.npy
0,worm-000082_172.npy
0,worm-000082_173.npy
4,worm-000082_179.npy
1,worm-000082_180.npy
4,worm-000082_183.npy
0,worm-000082_185.npy
0,worm-000082_187.npy
0,worm-000082_188.npy
5,worm-000082_189.npy
4,worm-000082_190.npy
1,worm-000082_192.npy
1,worm-000082_193.npy
1,worm-000082_194.npy
1,worm-000082_195.npy
1,worm-000082_196.npy
0,worm-000082_197.npy
1,worm-000082_198.npy
1,worm-000082_199.npy
1,worm-000082_200.npy
1,worm-000082_201.npy
0,worm-000082_202.npy
1,worm-000082_203.npy
1,worm-000082_204.npy
0,worm-000082_205.npy
0,worm-000082_206.npy
1,worm-000082_207.npy
6,worm-000082_208.npy
1,worm-000082_209.npy
1,worm-000082_210.npy
1,worm-000082_211.npy
1,worm-000082_212.npy
1,worm-000082_213.npy
1,worm-000082_214.npy
1,worm-000082_215.npy
1,worm-000082_216.npy
1,worm-000082_217.npy
0,worm-000082_218.npy
0,worm-000082_219.npy
1,worm-000082_220.npy
1,worm-000082_221.npy
0,worm-000082_222.npy
0,worm-000082_224.npy
1,worm-000082_225.npy
1,worm-000082_226.npy
1,worm-000082_227.npy
0,worm-000082_228.npy
1,worm-000082_229.npy
0,worm-000082_230.npy
0,worm-000082_231.npy
0,worm-000082_232.npy
0,worm-000082_233.npy
0,worm-000082_234.npy
1,worm-000082_235.npy
0,worm-000082_236.npy
1,worm-000082_237.npy
0,worm-000082_238.npy
0,worm-000082_239.npy
1,worm-000082_240.npy
4,worm-000082_242.npy
0,worm-000082_243.npy
1,worm-000082_244.npy
0,worm-000082_245.npy
0,worm-000082_246.npy
0,worm-000082_247.npy
4,worm-000082_248.npy
0,worm-000082_249.npy
3,worm-000082_250.npy
0,worm-000082_251.npy
0,worm-000082_252.npy
3,worm-000082_253.npy
1,worm-000082_254.npy
3,worm-000082_255.npy
4,worm-000082_258.npy
5,worm-000082_259.npy
1,worm-000082_260.npy
4,worm-000082_261.npy
4,worm-000082_264.npy
3,worm-000082_265.npy
5,worm-000082_266.npy
5,worm-000082_267.npy
1,worm-000082_271.npy
1,worm-000082_272.npy
1,worm-000082_273.npy
1,worm-000082_274.npy
1,worm-000082_275.npy
1,worm-000082_276.npy
1,worm-000082_277.npy
1,worm-000082_278.npy
1,worm-000082_279.npy
1,worm-000082_280.npy
1,worm-000082_281.npy
1,worm-000082_282.npy
1,worm-000082_283.npy
1,worm-000082_285.npy
1,worm-000082_286.npy
1,worm-000082_287.npy
1,worm-000082_288.npy
1,worm-000082_289.npy
1,worm-000082_290.npy
1,worm-000082_291.npy
1,worm-000082_292.npy
1,worm-000082_293.npy
1,worm-000082_294.npy
1,worm-000082_295.npy
1,worm-000082_296.npy
1,worm-000082_297.npy
1,worm-000082_298.npy
1,worm-000082_299.npy
1,worm-000082_300.npy
0,worm-000082_301.npy
0,worm-000082_302.npy
0,worm-000082_303.npy
1,worm-000082_304.npy
0,worm-000082_305.npy
1,worm-000082_306.npy
1,worm-000082_307.npy
1,worm-000082_308.npy
1,worm-000082_309.npy
1,worm-000082_310.npy
0,worm-000082_311.npy
0,worm-000082_312.npy
5,worm-000082_313.npy
1,worm-000082_314.npy
1,worm-000082_316.npy
1,worm-000082_317.npy
1,worm-000082_318.npy
0,worm-000082_319.npy
0,worm-000082_320.npy
4,worm-000082_321.npy
4,worm-000082_322.npy
1,worm-000082_323.npy
1,worm-000082_325.npy
0,worm-000082_326.npy
1,worm-000082_327.npy
0,worm-000082_328.npy
5,worm-000082_330.npy
4,worm-000082_332.npy
3,worm-000082_333.npy
0,worm-000082_334.npy
4,worm-000082_337.npy
5,worm-000082_339.npy
4,worm-000082_340.npy
4,worm-000082_341.npy
0,worm-000082_342.npy
4,worm-000082_344.npy
5,worm-000082_345.npy
5,worm-000082_346.npy
4,worm-000082_347.npy
5,worm-000082_348.npy
1,worm-000082_351.npy
4,worm-000082_357.npy
4,worm-000082_358.npy
4,worm-000082_359.npy
4,worm-000082_360.npy
4,worm-000082_361.npy
5,worm-000082_362.npy
4,worm-000082_363.npy
1,worm-000082_364.npy
1,worm-000082_365.npy
1,worm-000082_366.npy
1,worm-000082_367.npy
2,worm-000082_368.npy
1,worm-000082_369.npy
1,worm-000082_370.npy
5,worm-000082_371.npy
1,worm-000082_372.npy
1,worm-000082_374.npy
1,worm-000082_375.npy
1,worm-000082_376.npy
1,worm-000082_377.npy
1,worm-000082_378.npy
3,worm-000082_379.npy
1,worm-000082_380.npy
1,worm-000082_381.npy
3,worm-000082_382.npy
1,worm-000082_383.npy
0,worm-000082_384.npy
1,worm-000082_385.npy
0,worm-000082_386.npy
1,worm-000082_387.npy
0,worm-000082_388.npy
0,worm-000082_390.npy
0,worm-000082_391.npy
0,worm-000082_392.npy
0,worm-000082_393.npy
4,worm-000082_394.npy
1,worm-000082_395.npy
3,worm-000082_396.npy
4,worm-000082_397.npy
5,worm-000082_399.npy
4,worm-000082_400.npy
0,worm-000082_404.npy
1,worm-000082_406.npy
0,worm-000082_407.npy
0,worm-000082_410.npy
0,worm-000082_411.npy
3,worm-000082_412.npy
4,worm-000082_416.npy
4,worm-000082_418.npy
4,worm-000082_419.npy
3,worm-000082_420.npy
4,worm-000082_423.npy
0,worm-000082_426.npy
5,worm-000082_432.npy
4,worm-000082_433.npy
5,worm-000082_435.npy
4,worm-000082_436.npy
5,worm-000082_440.npy
4,worm-000082_441.npy
4,worm-000082_445.npy
4,worm-000082_448.npy
4,worm-000082_451.npy
4,worm-000082_452.npy
4,worm-000082_453.npy
0,worm-000082_454.npy
1,worm-000082_455.npy
1,worm-000082_456.npy
0,worm-000082_457.npy
0,worm-000082_458.npy
3,worm-000082_459.npy
3,worm-000082_460.npy
1,worm-000082_461.npy
1,worm-000082_462.npy
5,worm-000082_463.npy
0,worm-000082_464.npy
0,worm-000082_465.npy
5,worm-000082_466.npy
3,worm-000082_467.npy
0,worm-000082_468.npy
0,worm-000082_469.npy
1,worm-000082_470.npy
1,worm-000083_000.npy
1,worm-000083_001.npy
1,worm-000083_002.npy
2,worm-000083_003.npy
2,worm-000083_004.npy
2,worm-000083_005.npy
1,worm-000083_006.npy
2,worm-000083_007.npy
1,worm-000083_008.npy
2,worm-000083_009.npy
2,worm-000083_010.npy
1,worm-000083_011.npy
1,worm-000083_012.npy
2,worm-000083_013.npy
1,worm-000083_014.npy
1,worm-000083_015.npy
2,worm-000083_016.npy
1,worm-000083_017.npy
1,worm-000083_018.npy
1,worm-000083_019.npy
1,worm-000083_020.npy
1,worm-000083_021.npy
1,worm-000083_022.npy
2,worm-000083_023.npy
1,worm-000083_024.npy
2,worm-000083_025.npy
2,worm-000083_026.npy
1,worm-000083_027.npy
1,worm-000083_028.npy
2,worm-000083_029.npy
2,worm-000083_030.npy
2,worm-000083_031.npy
2,worm-000083_032.npy
1,worm-000083_033.npy
1,worm-000083_034.npy
2,worm-000083_035.npy
2,worm-000083_036.npy
1,worm-000083_037.npy
1,worm-000083_038.npy
2,worm-000083_039.npy
2,worm-000083_040.npy
1,worm-000083_041.npy
6,worm-000083_042.npy
2,worm-000083_043.npy
1,worm-000083_044.npy
4,worm-000083_045.npy
1,worm-000083_046.npy
4,worm-000083_047.npy
1,worm-000083_048.npy
2,worm-000083_049.npy
2,worm-000083_050.npy
2,worm-000083_051.npy
2,worm-000083_052.npy
2,worm-000083_053.npy
2,worm-000083_054.npy
2,worm-000083_055.npy
2,worm-000083_056.npy
6,worm-000083_057.npy
2,worm-000083_058.npy
1,worm-000083_059.npy
2,worm-000083_060.npy
4,worm-000083_061.npy
2,worm-000083_062.npy
4,worm-000083_063.npy
1,worm-000083_064.npy
1,worm-000083_065.npy
2,worm-000083_066.npy
4,worm-000083_067.npy
3,worm-000083_070.npy
5,worm-000083_071.npy
4,worm-000083_072.npy
4,worm-000083_073.npy
3,worm-000083_074.npy
4,worm-000083_075.npy
4,worm-000083_076.npy
6,worm-000083_077.npy
4,worm-000083_078.npy
4,worm-000083_079.npy
1,worm-000083_080.npy
1,worm-000083_082.npy
4,worm-000083_083.npy
4,worm-000083_084.npy
4,worm-000083_085.npy
4,worm-000083_087.npy
4,worm-000083_088.npy
4,worm-000083_089.npy
3,worm-000083_090.npy
4,worm-000083_091.npy
4,worm-000083_095.npy
1,worm-000083_096.npy
4,worm-000083_098.npy
4,worm-000083_099.npy
4,worm-000083_100.npy
4,worm-000083_102.npy
4,worm-000083_106.npy
4,worm-000083_107.npy
4,worm-000083_108.npy
4,worm-000083_109.npy
4,worm-000083_110.npy
2,worm-000083_113.npy
4,worm-000083_114.npy
2,worm-000083_115.npy
1,worm-000083_118.npy
1,worm-000083_119.npy
1,worm-000083_120.npy
1,worm-000083_121.npy
1,worm-000083_122.npy
1,worm-000083_123.npy
2,worm-000083_124.npy
1,worm-000083_125.npy
2,worm-000083_126.npy
1,worm-000083_127.npy
2,worm-000083_128.npy
2,worm-000083_129.npy
1,worm-000083_130.npy
3,worm-000083_131.npy
1,worm-000083_132.npy
2,worm-000083_133.npy
1,worm-000083_134.npy
5,worm-000083_135.npy
1,worm-000083_136.npy
2,worm-000083_137.npy
1,worm-000083_138.npy
1,worm-000083_139.npy
1,worm-000083_140.npy
1,worm-000083_141.npy
1,worm-000083_142.npy
1,worm-000083_143.npy
1,worm-000083_144.npy
1,worm-000083_145.npy
1,worm-000083_146.npy
1,worm-000083_147.npy
2,worm-000083_148.npy
1,worm-000083_149.npy
2,worm-000083_152.npy
2,worm-000083_153.npy
2,worm-000083_154.npy
1,worm-000083_155.npy
4,worm-000083_156.npy
1,worm-000083_157.npy
1,worm-000083_158.npy
1,worm-000083_159.npy
1,worm-000083_160.npy
2,worm-000083_161.npy
1,worm-000083_163.npy
2,worm-000083_164.npy
1,worm-000083_166.npy
1,worm-000083_167.npy
2,worm-000083_168.npy
1,worm-000083_169.npy
1,worm-000083_170.npy
2,worm-000083_171.npy
2,worm-000083_172.npy
1,worm-000083_173.npy
1,worm-000083_174.npy
1,worm-000083_175.npy
2,worm-000083_176.npy
4,worm-000083_177.npy
1,worm-000083_178.npy
1,worm-000083_179.npy
1,worm-000083_180.npy
5,worm-000083_181.npy
1,worm-000083_182.npy
5,worm-000083_183.npy
4,worm-000083_184.npy
4,worm-000083_185.npy
5,worm-000083_186.npy
3,worm-000083_187.npy
1,worm-000083_188.npy
2,worm-000083_189.npy
1,worm-000083_190.npy
4,worm-000083_191.npy
2,worm-000083_192.npy
4,worm-000083_193.npy
1,worm-000083_194.npy
2,worm-000083_195.npy
4,worm-000083_196.npy
4,worm-000083_197.npy
4,worm-000083_198.npy
4,worm-000083_199.npy
1,worm-000083_201.npy
4,worm-000083_202.npy
4,worm-000083_203.npy
4,worm-000083_204.npy
1,worm-000083_205.npy
3,worm-000083_206.npy
5,worm-000083_207.npy
4,worm-000083_208.npy
4,worm-000083_209.npy
2,worm-000083_210.npy
6,worm-000083_211.npy
5,worm-000083_212.npy
4,worm-000083_213.npy
1,worm-000083_214.npy
1,worm-000083_215.npy
5,worm-000083_216.npy
4,worm-000083_217.npy
4,worm-000083_218.npy
4,worm-000083_220.npy
4,worm-000083_221.npy
5,worm-000083_223.npy
4,worm-000083_226.npy
4,worm-000083_227.npy
5,worm-000083_229.npy
4,worm-000083_230.npy
4,worm-000083_231.npy
4,worm-000083_232.npy
4,worm-000083_234.npy
4,worm-000083_235.npy
1,worm-000083_236.npy
1,worm-000083_237.npy
1,worm-000083_238.npy
2,worm-000083_239.npy
2,worm-000083_240.npy
1,worm-000083_241.npy
1,worm-000083_242.npy
1,worm-000083_243.npy
1,worm-000083_244.npy
1,worm-000083_245.npy
1,worm-000083_246.npy
1,worm-000083_247.npy
1,worm-000083_248.npy
1,worm-000083_249.npy
1,worm-000083_250.npy
1,worm-000083_251.npy
1,worm-000083_252.npy
1,worm-000083_253.npy
1,worm-000083_254.npy
1,worm-000083_255.npy
1,worm-000083_256.npy
1,worm-000083_257.npy
1,worm-000083_258.npy
1,worm-000083_259.npy
2,worm-000083_260.npy
4,worm-000083_261.npy
1,worm-000083_262.npy
1,worm-000083_263.npy
4,worm-000083_264.npy
1,worm-000083_266.npy
1,worm-000083_267.npy
2,worm-000083_268.npy
2,worm-000083_269.npy
1,worm-000083_270.npy
2,worm-000083_271.npy
3,worm-000083_272.npy
0,worm-000083_273.npy
4,worm-000083_274.npy
6,worm-000083_275.npy
4,worm-000083_276.npy
1,worm-000083_277.npy
3,worm-000083_278.npy
5,worm-000083_279.npy
4,worm-000083_280.npy
4,worm-000083_281.npy
4,worm-000083_282.npy
2,worm-000083_283.npy
2,worm-000083_284.npy
1,worm-000083_285.npy
4,worm-000083_286.npy
1,worm-000083_287.npy
0,worm-000083_288.npy
4,worm-000083_289.npy
5,worm-000083_290.npy
4,worm-000083_291.npy
4,worm-000083_292.npy
6,worm-000083_293.npy
0,worm-000083_294.npy
4,worm-000083_295.npy
1,worm-000083_296.npy
4,worm-000083_298.npy
4,worm-000083_300.npy
4,worm-000083_301.npy
4,worm-000083_302.npy
4,worm-000083_303.npy
4,worm-000083_304.npy
4,worm-000083_307.npy
4,worm-000083_309.npy
4,worm-000083_312.npy
4,worm-000083_313.npy
1,worm-000083_314.npy
1,worm-000083_315.npy
1,worm-000083_316.npy
1,worm-000083_317.npy
1,worm-000083_318.npy
1,worm-000083_319.npy
1,worm-000083_320.npy
2,worm-000083_321.npy
1,worm-000083_322.npy
1,worm-000083_323.npy
1,worm-000083_324.npy
1,worm-000083_325.npy
1,worm-000083_326.npy
1,worm-000083_327.npy
1,worm-000083_328.npy
1,worm-000083_329.npy
1,worm-000083_330.npy
1,worm-000083_331.npy
1,worm-000083_332.npy
1,worm-000083_333.npy
1,worm-000083_334.npy
1,worm-000083_335.npy
1,worm-000083_336.npy
1,worm-000083_337.npy
1,worm-000083_338.npy
4,worm-000083_339.npy
6,worm-000083_340.npy
2,worm-000083_341.npy
1,worm-000083_342.npy
2,worm-000083_343.npy
1,worm-000083_344.npy
2,worm-000083_345.npy
1,worm-000083_346.npy
0,worm-000083_347.npy
1,worm-000083_348.npy
2,worm-000083_349.npy
2,worm-000083_350.npy
3,worm-000083_351.npy
4,worm-000083_353.npy
4,worm-000083_354.npy
4,worm-000083_356.npy
6,worm-000083_357.npy
1,worm-000083_358.npy
4,worm-000083_359.npy
4,worm-000083_360.npy
4,worm-000083_361.npy
1,worm-000083_362.npy
4,worm-000083_363.npy
6,worm-000083_364.npy
4,worm-000083_365.npy
5,worm-000083_366.npy
4,worm-000083_368.npy
4,worm-000083_370.npy
4,worm-000083_371.npy
1,worm-000083_372.npy
4,worm-000083_373.npy
4,worm-000083_374.npy
4,worm-000083_375.npy
4,worm-000083_376.npy
4,worm-000083_377.npy
4,worm-000083_379.npy
4,worm-000083_380.npy
4,worm-000083_381.npy
4,worm-000083_382.npy
4,worm-000083_383.npy
4,worm-000083_384.npy
4,worm-000083_385.npy
4,worm-000083_386.npy
4,worm-000083_387.npy
4,worm-000083_388.npy
5,worm-000083_390.npy
4,worm-000083_391.npy
5,worm-000083_393.npy
4,worm-000083_394.npy
4,worm-000083_395.npy
4,worm-000083_396.npy
4,worm-000083_397.npy
4,worm-000083_399.npy
4,worm-000083_400.npy
5,worm-000083_401.npy
4,worm-000083_402.npy
5,worm-000083_404.npy
4,worm-000083_407.npy
4,worm-000083_408.npy
4,worm-000083_410.npy
4,worm-000083_413.npy
4,worm-000083_414.npy
3,worm-000083_417.npy
4,worm-000083_420.npy
4,worm-000083_422.npy
4,worm-000083_423.npy
4,worm-000083_424.npy
4,worm-000083_426.npy
4,worm-000083_427.npy
1,worm-000083_428.npy
4,worm-000083_429.npy
4,worm-000083_430.npy
4,worm-000083_433.npy
4,worm-000083_435.npy
4,worm-000083_436.npy
4,worm-000083_438.npy
4,worm-000083_439.npy
4,worm-000083_440.npy
4,worm-000083_441.npy
4,worm-000083_442.npy
4,worm-000083_443.npy
1,worm-000083_444.npy
1,worm-000083_445.npy
4,worm-000083_446.npy
4,worm-000083_447.npy
4,worm-000083_448.npy
4,worm-000083_449.npy
4,worm-000083_450.npy
4,worm-000083_451.npy
2,worm-000084_000.npy
1,worm-000084_001.npy
1,worm-000084_002.npy
1,worm-000084_003.npy
2,worm-000084_004.npy
5,worm-000084_005.npy
1,worm-000084_006.npy
1,worm-000084_007.npy
1,worm-000084_008.npy
1,worm-000084_009.npy
1,worm-000084_010.npy
1,worm-000084_011.npy
1,worm-000084_012.npy
1,worm-000084_013.npy
1,worm-000084_014.npy
2,worm-000084_015.npy
1,worm-000084_016.npy
1,worm-000084_017.npy
1,worm-000084_018.npy
4,worm-000084_019.npy
2,worm-000084_020.npy
2,worm-000084_021.npy
2,worm-000084_022.npy
2,worm-000084_023.npy
1,worm-000084_024.npy
1,worm-000084_025.npy
2,worm-000084_026.npy
2,worm-000084_027.npy
2,worm-000084_028.npy
2,worm-000084_029.npy
2,worm-000084_030.npy
2,worm-000084_031.npy
2,worm-000084_032.npy
0,worm-000084_033.npy
4,worm-000084_034.npy
2,worm-000084_035.npy
0,worm-000084_036.npy
2,worm-000084_037.npy
1,worm-000084_038.npy
0,worm-000084_039.npy
2,worm-000084_041.npy
2,worm-000084_042.npy
2,worm-000084_043.npy
2,worm-000084_044.npy
2,worm-000084_045.npy
2,worm-000084_046.npy
1,worm-000084_047.npy
1,worm-000084_048.npy
1,worm-000084_049.npy
1,worm-000084_050.npy
2,worm-000084_051.npy
4,worm-000084_052.npy
0,worm-000084_053.npy
0,worm-000084_054.npy
1,worm-000084_055.npy
0,worm-000084_056.npy
2,worm-000084_057.npy
1,worm-000084_058.npy
5,worm-000084_059.npy
4,worm-000084_060.npy
2,worm-000084_061.npy
2,worm-000084_062.npy
1,worm-000084_063.npy
1,worm-000084_064.npy
1,worm-000084_065.npy
1,worm-000084_066.npy
1,worm-000084_067.npy
2,worm-000084_068.npy
4,worm-000084_069.npy
3,worm-000084_070.npy
3,worm-000084_071.npy
6,worm-000084_072.npy
1,worm-000084_073.npy
3,worm-000084_074.npy
1,worm-000084_075.npy
2,worm-000084_076.npy
4,worm-000084_078.npy
4,worm-000084_079.npy
5,worm-000084_080.npy
4,worm-000084_081.npy
0,worm-000084_082.npy
4,worm-000084_083.npy
1,worm-000084_084.npy
0,worm-000084_085.npy
4,worm-000084_086.npy
0,worm-000084_087.npy
4,worm-000084_088.npy
2,worm-000084_089.npy
2,worm-000084_090.npy
4,worm-000084_091.npy
3,worm-000084_092.npy
5,worm-000084_093.npy
1,worm-000084_094.npy
4,worm-000084_095.npy
4,worm-000084_096.npy
3,worm-000084_097.npy
3,worm-000084_098.npy
6,worm-000084_099.npy
4,worm-000084_100.npy
4,worm-000084_101.npy
4,worm-000084_102.npy
5,worm-000084_103.npy
3,worm-000084_104.npy
4,worm-000084_106.npy
4,worm-000084_107.npy
4,worm-000084_108.npy
4,worm-000084_109.npy
4,worm-000084_110.npy
1,worm-000084_111.npy
4,worm-000084_112.npy
3,worm-000084_113.npy
2,worm-000084_114.npy
1,worm-000084_115.npy
1,worm-000084_116.npy
2,worm-000084_117.npy
1,worm-000084_118.npy
1,worm-000084_119.npy
1,worm-000084_120.npy
1,worm-000084_121.npy
1,worm-000084_122.npy
2,worm-000084_123.npy
1,worm-000084_124.npy
1,worm-000084_125.npy
1,worm-000084_126.npy
1,worm-000084_127.npy
1,worm-000084_128.npy
1,worm-000084_130.npy
2,worm-000084_131.npy
1,worm-000084_132.npy
1,worm-000084_133.npy
1,worm-000084_134.npy
1,worm-000084_135.npy
3,worm-000084_136.npy
2,worm-000084_137.npy
1,worm-000084_138.npy
2,worm-000084_139.npy
6,worm-000084_140.npy
2,worm-000084_141.npy
1,worm-000084_142.npy
1,worm-000084_143.npy
1,worm-000084_145.npy
0,worm-000084_146.npy
1,worm-000084_147.npy
1,worm-000084_149.npy
2,worm-000084_150.npy
4,worm-000084_151.npy
1,worm-000084_152.npy
5,worm-000084_153.npy
1,worm-000084_154.npy
2,worm-000084_155.npy
5,worm-000084_156.npy
4,worm-000084_157.npy
2,worm-000084_158.npy
2,worm-000084_159.npy
4,worm-000084_160.npy
1,worm-000084_161.npy
4,worm-000084_162.npy
4,worm-000084_163.npy
1,worm-000084_164.npy
4,worm-000084_165.npy
5,worm-000084_166.npy
5,worm-000084_167.npy
4,worm-000084_168.npy
1,worm-000084_169.npy
5,worm-000084_171.npy
1,worm-000084_173.npy
4,worm-000084_174.npy
4,worm-000084_175.npy
0,worm-000084_176.npy
0,worm-000084_177.npy
4,worm-000084_178.npy
5,worm-000084_179.npy
4,worm-000084_180.npy
5,worm-000084_183.npy
4,worm-000084_184.npy
5,worm-000084_186.npy
4,worm-000084_187.npy
4,worm-000084_188.npy
4,worm-000084_189.npy
4,worm-000084_191.npy
4,worm-000084_192.npy
4,worm-000084_193.npy
1,worm-000084_195.npy
1,worm-000084_196.npy
1,worm-000084_197.npy
1,worm-000084_198.npy
1,worm-000084_199.npy
1,worm-000084_200.npy
1,worm-000084_201.npy
1,worm-000084_202.npy
1,worm-000084_203.npy
1,worm-000084_204.npy
1,worm-000084_205.npy
1,worm-000084_206.npy
2,worm-000084_207.npy
0,worm-000084_208.npy
1,worm-000084_209.npy
1,worm-000084_210.npy
0,worm-000084_211.npy
1,worm-000084_212.npy
5,worm-000084_213.npy
0,worm-000084_214.npy
0,worm-000084_215.npy
0,worm-000084_216.npy
1,worm-000084_217.npy
1,worm-000084_218.npy
1,worm-000084_219.npy
4,worm-000084_220.npy
0,worm-000084_221.npy
0,worm-000084_222.npy
0,worm-000084_223.npy
2,worm-000084_224.npy
1,worm-000084_225.npy
4,worm-000084_226.npy
0,worm-000084_227.npy
5,worm-000084_228.npy
4,worm-000084_229.npy
3,worm-000084_230.npy
1,worm-000084_231.npy
4,worm-000084_232.npy
4,worm-000084_235.npy
3,worm-000084_236.npy
4,worm-000084_238.npy
4,worm-000084_239.npy
4,worm-000084_240.npy
3,worm-000084_241.npy
4,worm-000084_242.npy
4,worm-000084_243.npy
3,worm-000084_244.npy
4,worm-000084_245.npy
4,worm-000084_246.npy
4,worm-000084_247.npy
4,worm-000084_248.npy
2,worm-000084_250.npy
2,worm-000084_251.npy
2,worm-000084_252.npy
1,worm-000084_253.npy
1,worm-000084_254.npy
1,worm-000084_255.npy
2,worm-000084_258.npy
0,worm-000084_259.npy
0,worm-000084_260.npy
2,worm-000084_261.npy
2,worm-000084_262.npy
0,worm-000084_263.npy
4,worm-000084_264.npy
2,worm-000084_265.npy
0,worm-000084_266.npy
1,worm-000084_267.npy
4,worm-000084_268.npy
0,worm-000084_269.npy
0,worm-000084_270.npy
1,worm-000084_271.npy
1,worm-000084_272.npy
1,worm-000084_273.npy
4,worm-000084_274.npy
5,worm-000084_275.npy
4,worm-000084_276.npy
4,worm-000084_277.npy
4,worm-000084_278.npy
4,worm-000084_279.npy
4,worm-000084_282.npy
4,worm-000084_283.npy
4,worm-000084_285.npy
4,worm-000084_286.npy
4,worm-000084_288.npy
4,worm-000084_289.npy
5,worm-000084_290.npy
0,worm-000084_292.npy
5,worm-000084_295.npy
5,worm-000084_297.npy
4,worm-000084_298.npy
5,worm-000084_299.npy
4,worm-000084_305.npy
4,worm-000084_307.npy
4,worm-000084_312.npy
0,worm-000084_314.npy
4,worm-000084_315.npy
4,worm-000084_316.npy
5,worm-000084_317.npy
4,worm-000084_321.npy
4,worm-000084_322.npy
4,worm-000084_323.npy
4,worm-000084_325.npy
1,worm-000084_327.npy
1,worm-000084_328.npy
1,worm-000084_329.npy
1,worm-000084_330.npy
2,worm-000085_000.npy
2,worm-000085_001.npy
4,worm-000085_002.npy
2,worm-000085_003.npy
2,worm-000085_004.npy
2,worm-000085_005.npy
2,worm-000085_006.npy
2,worm-000085_007.npy
2,worm-000085_008.npy
2,worm-000085_009.npy
1,worm-000085_010.npy
2,worm-000085_011.npy
1,worm-000085_012.npy
2,worm-000085_013.npy
1,worm-000085_014.npy
2,worm-000085_015.npy
2,worm-000085_016.npy
1,worm-000085_017.npy
2,worm-000085_018.npy
2,worm-000085_019.npy
2,worm-000085_020.npy
2,worm-000085_021.npy
2,worm-000085_022.npy
1,worm-000085_023.npy
2,worm-000085_024.npy
4,worm-000085_025.npy
1,worm-000085_026.npy
2,worm-000085_027.npy
0,worm-000085_028.npy
4,worm-000085_029.npy
1,worm-000085_030.npy
2,worm-000085_031.npy
2,worm-000085_032.npy
1,worm-000085_033.npy
2,worm-000085_034.npy
4,worm-000085_035.npy
2,worm-000085_036.npy
2,worm-000085_037.npy
1,worm-000085_038.npy
2,worm-000085_039.npy
4,worm-000085_040.npy
4,worm-000085_041.npy
2,worm-000085_042.npy
4,worm-000085_043.npy
4,worm-000085_044.npy
2,worm-000085_045.npy
4,worm-000085_046.npy
4,worm-000085_047.npy
4,worm-000085_048.npy
2,worm-000085_049.npy
4,worm-000085_050.npy
4,worm-000085_051.npy
2,worm-000085_052.npy
0,worm-000085_053.npy
4,worm-000085_054.npy
4,worm-000085_055.npy
2,worm-000085_056.npy
4,worm-000085_057.npy
4,worm-000085_058.npy
2,worm-000085_059.npy
4,worm-000085_060.npy
4,worm-000085_061.npy
4,worm-000085_062.npy
4,worm-000085_063.npy
4,worm-000085_065.npy
4,worm-000085_066.npy
4,worm-000085_067.npy
4,worm-000085_068.npy
4,worm-000085_069.npy
4,worm-000085_070.npy
4,worm-000085_071.npy
4,worm-000085_072.npy
4,worm-000085_074.npy
4,worm-000085_075.npy
4,worm-000085_076.npy
4,worm-000085_077.npy
4,worm-000085_078.npy
4,worm-000085_079.npy
4,worm-000085_081.npy
4,worm-000085_083.npy
2,worm-000085_084.npy
2,worm-000085_085.npy
2,worm-000085_086.npy
1,worm-000085_087.npy
1,worm-000085_088.npy
1,worm-000085_089.npy
2,worm-000085_090.npy
2,worm-000085_091.npy
1,worm-000085_092.npy
2,worm-000085_093.npy
1,worm-000085_094.npy
2,worm-000085_095.npy
4,worm-000085_096.npy
2,worm-000085_097.npy
1,worm-000085_098.npy
2,worm-000085_099.npy
2,worm-000085_100.npy
1,worm-000085_101.npy
1,worm-000085_102.npy
1,worm-000085_103.npy
2,worm-000085_104.npy
4,worm-000085_105.npy
1,worm-000085_106.npy
2,worm-000085_107.npy
2,worm-000085_108.npy
1,worm-000085_109.npy
2,worm-000085_110.npy
2,worm-000085_111.npy
2,worm-000085_112.npy
1,worm-000085_113.npy
1,worm-000085_114.npy
4,worm-000085_115.npy
1,worm-000085_116.npy
4,worm-000085_117.npy
2,worm-000085_118.npy
2,worm-000085_119.npy
4,worm-000085_120.npy
4,worm-000085_121.npy
1,worm-000085_123.npy
1,worm-000085_124.npy
2,worm-000085_125.npy
4,worm-000085_126.npy
0,worm-000085_127.npy
4,worm-000085_128.npy
2,worm-000085_129.npy
1,worm-000085_130.npy
2,worm-000085_131.npy
4,worm-000085_132.npy
4,worm-000085_133.npy
4,worm-000085_134.npy
4,worm-000085_135.npy
1,worm-000085_136.npy
5,worm-000085_137.npy
4,worm-000085_138.npy
1,worm-000085_139.npy
2,worm-000085_140.npy
1,worm-000085_141.npy
4,worm-000085_142.npy
0,worm-000085_143.npy
4,worm-000085_144.npy
6,worm-000085_145.npy
4,worm-000085_146.npy
4,worm-000085_147.npy
4,worm-000085_148.npy
4,worm-000085_149.npy
4,worm-000085_150.npy
4,worm-000085_151.npy
4,worm-000085_153.npy
2,worm-000085_154.npy
4,worm-000085_155.npy
2,worm-000085_156.npy
6,worm-000085_157.npy
0,worm-000085_158.npy
4,worm-000085_159.npy
4,worm-000085_160.npy
4,worm-000085_161.npy
6,worm-000085_162.npy
4,worm-000085_163.npy
4,worm-000085_164.npy
6,worm-000085_165.npy
4,worm-000085_166.npy
4,worm-000085_167.npy
2,worm-000085_170.npy
4,worm-000085_171.npy
4,worm-000085_172.npy
4,worm-000085_173.npy
4,worm-000085_174.npy
4,worm-000085_175.npy
4,worm-000085_177.npy
4,worm-000085_178.npy
4,worm-000085_179.npy
4,worm-000085_180.npy
2,worm-000085_181.npy
4,worm-000085_182.npy
4,worm-000085_183.npy
4,worm-000085_184.npy
4,worm-000085_186.npy
2,worm-000085_188.npy
2,worm-000085_189.npy
4,worm-000085_191.npy
4,worm-000085_193.npy
5,worm-000085_195.npy
1,worm-000085_197.npy
4,worm-000085_198.npy
4,worm-000085_199.npy
4,worm-000085_200.npy
4,worm-000085_201.npy
4,worm-000085_202.npy
4,worm-000085_204.npy
4,worm-000085_205.npy
4,worm-000085_206.npy
2,worm-000085_207.npy
2,worm-000085_208.npy
2,worm-000085_209.npy
2,worm-000085_210.npy
2,worm-000085_211.npy
1,worm-000085_212.npy
2,worm-000085_213.npy
1,worm-000085_214.npy
2,worm-000085_215.npy
1,worm-000085_216.npy
2,worm-000085_217.npy
2,worm-000085_218.npy
2,worm-000085_219.npy
2,worm-000085_220.npy
1,worm-000085_221.npy
2,worm-000085_222.npy
6,worm-000085_223.npy
2,worm-000085_224.npy
2,worm-000085_225.npy
4,worm-000085_226.npy
2,worm-000085_227.npy
4,worm-000085_228.npy
2,worm-000085_229.npy
4,worm-000085_231.npy
4,worm-000085_232.npy
4,worm-000085_233.npy
4,worm-000085_234.npy
2,worm-000085_235.npy
4,worm-000085_236.npy
2,worm-000085_237.npy
4,worm-000085_238.npy
3,worm-000085_239.npy
4,worm-000085_240.npy
4,worm-000085_241.npy
5,worm-000085_242.npy
0,worm-000085_244.npy
4,worm-000085_246.npy
4,worm-000085_248.npy
4,worm-000085_249.npy
4,worm-000085_250.npy
4,worm-000085_253.npy
4,worm-000085_254.npy
4,worm-000085_255.npy
4,worm-000085_256.npy
2,worm-000085_257.npy
2,worm-000085_258.npy
2,worm-000085_259.npy
2,worm-000085_260.npy
1,worm-000085_261.npy
2,worm-000085_262.npy
2,worm-000085_263.npy
1,worm-000085_264.npy
2,worm-000085_265.npy
2,worm-000085_266.npy
2,worm-000085_267.npy
4,worm-000085_268.npy
2,worm-000085_269.npy
4,worm-000085_270.npy
2,worm-000085_271.npy
1,worm-000085_272.npy
1,worm-000085_273.npy
1,worm-000085_274.npy
1,worm-000085_275.npy
0,worm-000085_276.npy
4,worm-000085_277.npy
4,worm-000085_279.npy
4,worm-000085_280.npy
4,worm-000085_281.npy
0,worm-000085_282.npy
4,worm-000085_283.npy
5,worm-000085_285.npy
4,worm-000085_286.npy
4,worm-000085_287.npy
4,worm-000085_288.npy
1,worm-000085_290.npy
4,worm-000085_291.npy
4,worm-000085_292.npy
5,worm-000085_293.npy
5,worm-000085_294.npy
4,worm-000085_295.npy
4,worm-000085_296.npy
4,worm-000085_297.npy
4,worm-000085_298.npy
5,worm-000085_299.npy
4,worm-000085_300.npy
4,worm-000085_301.npy
4,worm-000085_302.npy
4,worm-000085_304.npy
4,worm-000085_305.npy
5,worm-000085_306.npy
4,worm-000085_308.npy
4,worm-000085_309.npy
4,worm-000085_311.npy
4,worm-000085_312.npy
4,worm-000085_313.npy
4,worm-000085_314.npy
4,worm-000085_315.npy
4,worm-000085_316.npy
4,worm-000085_318.npy
2,worm-000085_321.npy
2,worm-000085_322.npy
5,worm-000085_324.npy
5,worm-000085_325.npy
4,worm-000085_326.npy
4,worm-000085_328.npy
4,worm-000085_329.npy
4,worm-000085_332.npy
4,worm-000085_333.npy
4,worm-000085_334.npy
4,worm-000085_335.npy
4,worm-000085_336.npy
5,worm-000085_338.npy
4,worm-000085_339.npy
4,worm-000085_340.npy
4,worm-000085_341.npy
4,worm-000085_343.npy
4,worm-000085_346.npy
4,worm-000085_347.npy
4,worm-000085_349.npy
4,worm-000085_353.npy
4,worm-000085_354.npy
4,worm-000085_356.npy
4,worm-000085_358.npy
4,worm-000085_361.npy
4,worm-000085_366.npy
4,worm-000085_367.npy
4,worm-000085_368.npy
4,worm-000085_369.npy
4,worm-000085_370.npy
4,worm-000085_371.npy
4,worm-000085_374.npy
4,worm-000085_377.npy
4,worm-000085_378.npy
4,worm-000085_381.npy
1,worm-000085_382.npy
4,worm-000085_383.npy
4,worm-000085_384.npy
1,worm-000085_385.npy
0,worm-000085_386.npy
4,worm-000085_387.npy
4,worm-000085_388.npy
1,worm-000086_000.npy
1,worm-000086_001.npy
1,worm-000086_002.npy
1,worm-000086_003.npy
0,worm-000086_004.npy
1,worm-000086_005.npy
1,worm-000086_006.npy
1,worm-000086_007.npy
1,worm-000086_008.npy
1,worm-000086_009.npy
1,worm-000086_010.npy
1,worm-000086_011.npy
1,worm-000086_012.npy
1,worm-000086_013.npy
1,worm-000086_014.npy
1,worm-000086_015.npy
1,worm-000086_016.npy
1,worm-000086_017.npy
1,worm-000086_018.npy
1,worm-000086_019.npy
1,worm-000086_020.npy
0,worm-000086_021.npy
0,worm-000086_022.npy
1,worm-000086_023.npy
1,worm-000086_024.npy
1,worm-000086_025.npy
1,worm-000086_026.npy
1,worm-000086_027.npy
1,worm-000086_028.npy
1,worm-000086_029.npy
1,worm-000086_030.npy
1,worm-000086_031.npy
1,worm-000086_032.npy
1,worm-000086_033.npy
1,worm-000086_034.npy
1,worm-000086_035.npy
1,worm-000086_036.npy
5,worm-000086_037.npy
1,worm-000086_038.npy
5,worm-000086_040.npy
2,worm-000086_041.npy
0,worm-000086_042.npy
1,worm-000086_043.npy
1,worm-000086_044.npy
0,worm-000086_045.npy
6,worm-000086_046.npy
0,worm-000086_047.npy
0,worm-000086_048.npy
1,worm-000086_049.npy
0,worm-000086_050.npy
1,worm-000086_051.npy
1,worm-000086_052.npy
0,worm-000086_053.npy
0,worm-000086_054.npy
1,worm-000086_055.npy
1,worm-000086_056.npy
1,worm-000086_057.npy
1,worm-000086_058.npy
0,worm-000086_059.npy
0,worm-000086_060.npy
0,worm-000086_061.npy
6,worm-000086_062.npy
0,worm-000086_063.npy
1,worm-000086_064.npy
1,worm-000086_066.npy
1,worm-000086_067.npy
1,worm-000086_068.npy
1,worm-000086_069.npy
5,worm-000086_070.npy
1,worm-000086_071.npy
1,worm-000086_072.npy
1,worm-000086_073.npy
0,worm-000086_074.npy
0,worm-000086_075.npy
0,worm-000086_076.npy
1,worm-000086_077.npy
0,worm-000086_078.npy
0,worm-000086_079.npy
1,worm-000086_080.npy
1,worm-000086_081.npy
1,worm-000086_082.npy
1,worm-000086_083.npy
1,worm-000086_084.npy
1,worm-000086_085.npy
0,worm-000086_086.npy
1,worm-000086_087.npy
1,worm-000086_088.npy
0,worm-000086_089.npy
5,worm-000086_090.npy
0,worm-000086_091.npy
1,worm-000086_092.npy
0,worm-000086_093.npy
0,worm-000086_094.npy
1,worm-000086_095.npy
1,worm-000086_096.npy
0,worm-000086_097.npy
0,worm-000086_098.npy
0,worm-000086_099.npy
4,worm-000086_100.npy
1,worm-000086_101.npy
0,worm-000086_102.npy
1,worm-000086_103.npy
0,worm-000086_104.npy
1,worm-000086_105.npy
1,worm-000086_106.npy
1,worm-000086_107.npy
1,worm-000086_108.npy
1,worm-000086_109.npy
0,worm-000086_110.npy
1,worm-000086_111.npy
4,worm-000086_112.npy
0,worm-000086_113.npy
1,worm-000086_114.npy
0,worm-000086_115.npy
1,worm-000086_116.npy
0,worm-000086_117.npy
3,worm-000086_118.npy
5,worm-000086_119.npy
0,worm-000086_120.npy
1,worm-000086_121.npy
0,worm-000086_122.npy
5,worm-000086_123.npy
0,worm-000086_124.npy
0,worm-000086_125.npy
0,worm-000086_126.npy
0,worm-000086_127.npy
0,worm-000086_128.npy
1,worm-000086_129.npy
0,worm-000086_130.npy
0,worm-000086_131.npy
5,worm-000086_132.npy
0,worm-000086_133.npy
4,worm-000086_134.npy
1,worm-000086_135.npy
4,worm-000086_136.npy
0,worm-000086_137.npy
0,worm-000086_138.npy
0,worm-000086_139.npy
0,worm-000086_140.npy
3,worm-000086_141.npy
4,worm-000086_142.npy
5,worm-000086_145.npy
0,worm-000086_146.npy
1,worm-000086_147.npy
1,worm-000086_148.npy
6,worm-000086_149.npy
0,worm-000086_150.npy
1,worm-000086_151.npy
1,worm-000086_153.npy
1,worm-000086_155.npy
5,worm-000086_156.npy
1,worm-000086_157.npy
5,worm-000086_159.npy
0,worm-000086_160.npy
0,worm-000086_162.npy
5,worm-000086_164.npy
1,worm-000086_165.npy
1,worm-000086_166.npy
4,worm-000086_167.npy
4,worm-000086_169.npy
5,worm-000086_170.npy
3,worm-000086_171.npy
5,worm-000086_174.npy
4,worm-000086_175.npy
4,worm-000086_181.npy
0,worm-000086_182.npy
5,worm-000086_183.npy
4,worm-000086_184.npy
1,worm-000086_185.npy
1,worm-000086_186.npy
5,worm-000086_187.npy
1,worm-000086_188.npy
1,worm-000086_189.npy
1,worm-000086_190.npy
1,worm-000086_191.npy
1,worm-000086_192.npy
1,worm-000086_193.npy
1,worm-000086_194.npy
1,worm-000086_195.npy
1,worm-000086_196.npy
1,worm-000086_197.npy
1,worm-000086_198.npy
1,worm-000086_199.npy
1,worm-000086_200.npy
1,worm-000086_201.npy
1,worm-000086_202.npy
1,worm-000086_203.npy
1,worm-000086_204.npy
1,worm-000086_205.npy
1,worm-000086_206.npy
1,worm-000086_207.npy
1,worm-000086_208.npy
2,worm-000086_209.npy
1,worm-000086_210.npy
1,worm-000086_211.npy
0,worm-000086_212.npy
1,worm-000086_213.npy
1,worm-000086_214.npy
1,worm-000086_215.npy
0,worm-000086_216.npy
1,worm-000086_217.npy
1,worm-000086_218.npy
1,worm-000086_219.npy
1,worm-000086_222.npy
0,worm-000086_223.npy
0,worm-000086_224.npy
1,worm-000086_225.npy
0,worm-000086_226.npy
1,worm-000086_227.npy
1,worm-000086_228.npy
0,worm-000086_229.npy
4,worm-000086_230.npy
1,worm-000086_231.npy
1,worm-000086_232.npy
0,worm-000086_233.npy
0,worm-000086_234.npy
0,worm-000086_235.npy
0,worm-000086_236.npy
4,worm-000086_237.npy
0,worm-000086_238.npy
4,worm-000086_239.npy
4,worm-000086_240.npy
0,worm-000086_241.npy
4,worm-000086_242.npy
4,worm-000086_243.npy
4,worm-000086_244.npy
4,worm-000086_245.npy
1,worm-000086_246.npy
4,worm-000086_247.npy
4,worm-000086_248.npy
5,worm-000086_249.npy
5,worm-000086_250.npy
4,worm-000086_251.npy
4,worm-000086_252.npy
4,worm-000086_253.npy
4,worm-000086_254.npy
1,worm-000086_255.npy
2,worm-000086_256.npy
1,worm-000086_257.npy
1,worm-000086_258.npy
1,worm-000086_259.npy
6,worm-000086_260.npy
1,worm-000086_261.npy
1,worm-000086_262.npy
1,worm-000086_263.npy
1,worm-000086_264.npy
1,worm-000086_265.npy
1,worm-000086_266.npy
1,worm-000086_267.npy
1,worm-000086_268.npy
1,worm-000086_269.npy
1,worm-000086_270.npy
2,worm-000086_271.npy
0,worm-000086_272.npy
1,worm-000086_273.npy
1,worm-000086_274.npy
1,worm-000086_275.npy
1,worm-000086_276.npy
1,worm-000086_277.npy
0,worm-000086_278.npy
1,worm-000086_279.npy
1,worm-000086_281.npy
1,worm-000086_282.npy
1,worm-000086_283.npy
2,worm-000086_284.npy
1,worm-000086_285.npy
1,worm-000086_286.npy
0,worm-000086_287.npy
1,worm-000086_288.npy
1,worm-000086_289.npy
1,worm-000086_290.npy
1,worm-000086_291.npy
1,worm-000086_292.npy
1,worm-000086_293.npy
1,worm-000086_294.npy
1,worm-000086_295.npy
0,worm-000086_296.npy
1,worm-000086_297.npy
1,worm-000086_298.npy
1,worm-000086_299.npy
5,worm-000086_300.npy
1,worm-000086_301.npy
1,worm-000086_302.npy
1,worm-000086_303.npy
1,worm-000086_304.npy
0,worm-000086_305.npy
1,worm-000086_306.npy
1,worm-000086_307.npy
0,worm-000086_308.npy
1,worm-000086_309.npy
0,worm-000086_310.npy
1,worm-000086_311.npy
1,worm-000086_312.npy
0,worm-000086_313.npy
1,worm-000086_314.npy
0,worm-000086_315.npy
1,worm-000086_316.npy
0,worm-000086_317.npy
1,worm-000086_318.npy
1,worm-000086_320.npy
5,worm-000086_321.npy
1,worm-000086_322.npy
3,worm-000086_323.npy
0,worm-000086_324.npy
0,worm-000086_325.npy
1,worm-000086_326.npy
5,worm-000086_327.npy
1,worm-000086_328.npy
1,worm-000086_329.npy
4,worm-000086_330.npy
0,worm-000086_332.npy
1,worm-000086_333.npy
1,worm-000086_335.npy
0,worm-000086_337.npy
0,worm-000086_338.npy
0,worm-000086_341.npy
5,worm-000086_342.npy
4,worm-000086_343.npy
5,worm-000086_345.npy
4,worm-000086_348.npy
1,worm-000086_350.npy
5,worm-000086_351.npy
4,worm-000086_352.npy
1,worm-000086_355.npy
1,worm-000086_356.npy
1,worm-000086_357.npy
1,worm-000086_358.npy
2,worm-000086_359.npy
1,worm-000086_360.npy
1,worm-000086_361.npy
1,worm-000086_362.npy
1,worm-000086_363.npy
1,worm-000086_364.npy
1,worm-000086_365.npy
1,worm-000086_366.npy
1,worm-000086_367.npy
1,worm-000086_368.npy
1,worm-000086_369.npy
1,worm-000086_370.npy
2,worm-000086_371.npy
1,worm-000086_372.npy
1,worm-000086_373.npy
0,worm-000086_374.npy
1,worm-000086_375.npy
1,worm-000086_376.npy
1,worm-000086_377.npy
1,worm-000086_378.npy
0,worm-000086_379.npy
1,worm-000086_380.npy
1,worm-000086_381.npy
0,worm-000086_382.npy
1,worm-000086_383.npy
1,worm-000086_384.npy
5,worm-000086_386.npy
5,worm-000086_389.npy
1,worm-000086_390.npy
5,worm-000086_391.npy
0,worm-000086_392.npy
1,worm-000086_393.npy
4,worm-000086_394.npy
0,worm-000086_395.npy
5,worm-000086_396.npy
1,worm-000086_397.npy
1,worm-000086_398.npy
3,worm-000086_399.npy
1,worm-000086_401.npy
4,worm-000086_404.npy
3,worm-000086_405.npy
4,worm-000086_407.npy
1,worm-000086_408.npy
0,worm-000086_409.npy
5,worm-000086_411.npy
5,worm-000086_412.npy
0,worm-000086_414.npy
4,worm-000086_415.npy
4,worm-000086_419.npy
1,worm-000086_422.npy
3,worm-000086_424.npy
5,worm-000086_426.npy
4,worm-000086_432.npy
3,worm-000086_434.npy
4,worm-000086_440.npy
4,worm-000086_441.npy
5,worm-000086_443.npy
5,worm-000086_445.npy
4,worm-000086_446.npy
4,worm-000086_448.npy
5,worm-000086_452.npy
5,worm-000086_453.npy
1,worm-000086_454.npy
5,worm-000086_456.npy
5,worm-000086_457.npy
1,worm-000086_458.npy
1,worm-000086_459.npy
5,worm-000086_460.npy
1,worm-000086_461.npy
1,worm-000086_462.npy
1,worm-000086_463.npy
0,worm-000086_464.npy
1,worm-000086_465.npy
1,worm-000086_466.npy
5,worm-000086_467.npy
1,worm-000086_468.npy
1,worm-000086_469.npy
4,worm-000086_470.npy
4,worm-000086_471.npy
4,worm-000086_472.npy
1,worm-000087_000.npy
2,worm-000087_001.npy
1,worm-000087_002.npy
1,worm-000087_003.npy
1,worm-000087_004.npy
1,worm-000087_005.npy
1,worm-000087_006.npy
1,worm-000087_007.npy
1,worm-000087_008.npy
1,worm-000087_009.npy
1,worm-000087_010.npy
1,worm-000087_011.npy
1,worm-000087_012.npy
1,worm-000087_013.npy
2,worm-000087_014.npy
1,worm-000087_015.npy
1,worm-000087_017.npy
1,worm-000087_018.npy
1,worm-000087_019.npy
1,worm-000087_020.npy
1,worm-000087_021.npy
1,worm-000087_022.npy
1,worm-000087_023.npy
1,worm-000087_024.npy
2,worm-000087_025.npy
1,worm-000087_026.npy
1,worm-000087_027.npy
2,worm-000087_028.npy
1,worm-000087_029.npy
2,worm-000087_030.npy
1,worm-000087_031.npy
1,worm-000087_032.npy
2,worm-000087_033.npy
2,worm-000087_034.npy
1,worm-000087_035.npy
1,worm-000087_036.npy
2,worm-000087_037.npy
1,worm-000087_038.npy
1,worm-000087_039.npy
1,worm-000087_040.npy
2,worm-000087_041.npy
1,worm-000087_042.npy
2,worm-000087_043.npy
1,worm-000087_044.npy
1,worm-000087_045.npy
2,worm-000087_046.npy
1,worm-000087_047.npy
2,worm-000087_049.npy
1,worm-000087_050.npy
1,worm-000087_051.npy
1,worm-000087_052.npy
1,worm-000087_053.npy
1,worm-000087_054.npy
4,worm-000087_055.npy
2,worm-000087_056.npy
6,worm-000087_057.npy
6,worm-000087_058.npy
2,worm-000087_059.npy
1,worm-000087_060.npy
0,worm-000087_061.npy
6,worm-000087_062.npy
1,worm-000087_063.npy
6,worm-000087_064.npy
5,worm-000087_065.npy
2,worm-000087_066.npy
2,worm-000087_067.npy
1,worm-000087_068.npy
1,worm-000087_069.npy
2,worm-000087_070.npy
2,worm-000087_072.npy
1,worm-000087_073.npy
1,worm-000087_074.npy
1,worm-000087_075.npy
4,worm-000087_076.npy
1,worm-000087_077.npy
2,worm-000087_078.npy
2,worm-000087_079.npy
1,worm-000087_080.npy
6,worm-000087_081.npy
4,worm-000087_082.npy
2,worm-000087_083.npy
1,worm-000087_084.npy
2,worm-000087_085.npy
1,worm-000087_086.npy
2,worm-000087_087.npy
1,worm-000087_088.npy
1,worm-000087_089.npy
1,worm-000087_090.npy
1,worm-000087_091.npy
1,worm-000087_092.npy
3,worm-000087_093.npy
1,worm-000087_094.npy
0,worm-000087_095.npy
4,worm-000087_096.npy
4,worm-000087_097.npy
1,worm-000087_098.npy
4,worm-000087_099.npy
4,worm-000087_100.npy
1,worm-000087_101.npy
3,worm-000087_102.npy
6,worm-000087_103.npy
6,worm-000087_104.npy
4,worm-000087_105.npy
5,worm-000087_107.npy
6,worm-000087_108.npy
1,worm-000087_109.npy
1,worm-000087_110.npy
0,worm-000087_111.npy
4,worm-000087_112.npy
2,worm-000087_113.npy
6,worm-000087_114.npy
5,worm-000087_115.npy
1,worm-000087_116.npy
5,worm-000087_117.npy
1,worm-000087_118.npy
1,worm-000087_119.npy
3,worm-000087_120.npy
4,worm-000087_121.npy
4,worm-000087_122.npy
4,worm-000087_123.npy
4,worm-000087_125.npy
3,worm-000087_126.npy
2,worm-000087_128.npy
1,worm-000087_129.npy
4,worm-000087_130.npy
2,worm-000087_131.npy
1,worm-000087_132.npy
5,worm-000087_133.npy
4,worm-000087_134.npy
4,worm-000087_135.npy
4,worm-000087_136.npy
4,worm-000087_137.npy
4,worm-000087_140.npy
4,worm-000087_142.npy
4,worm-000087_143.npy
4,worm-000087_145.npy
1,worm-000087_146.npy
2,worm-000087_147.npy
1,worm-000087_148.npy
1,worm-000087_149.npy
2,worm-000087_150.npy
2,worm-000087_151.npy
2,worm-000087_152.npy
1,worm-000087_153.npy
1,worm-000087_154.npy
1,worm-000087_155.npy
2,worm-000087_156.npy
1,worm-000087_157.npy
1,worm-000087_158.npy
1,worm-000087_159.npy
1,worm-000087_161.npy
1,worm-000087_162.npy
1,worm-000087_163.npy
2,worm-000087_164.npy
1,worm-000087_165.npy
2,worm-000087_166.npy
1,worm-000087_167.npy
1,worm-000087_168.npy
1,worm-000087_169.npy
0,worm-000087_170.npy
1,worm-000087_171.npy
4,worm-000087_172.npy
1,worm-000087_173.npy
4,worm-000087_174.npy
1,worm-000087_175.npy
4,worm-000087_176.npy
1,worm-000087_177.npy
0,worm-000087_178.npy
0,worm-000087_179.npy
4,worm-000087_180.npy
1,worm-000087_181.npy
2,worm-000087_182.npy
2,worm-000087_184.npy
4,worm-000087_185.npy
2,worm-000087_186.npy
4,worm-000087_187.npy
4,worm-000087_188.npy
6,worm-000087_189.npy
4,worm-000087_190.npy
4,worm-000087_191.npy
4,worm-000087_192.npy
5,worm-000087_193.npy
6,worm-000087_194.npy
4,worm-000087_195.npy
1,worm-000087_197.npy
1,worm-000087_198.npy
4,worm-000087_200.npy
4,worm-000087_201.npy
1,worm-000087_202.npy
4,worm-000087_203.npy
2,worm-000087_204.npy
4,worm-000087_205.npy
4,worm-000087_206.npy
4,worm-000087_207.npy
0,worm-000087_208.npy
4,worm-000087_209.npy
4,worm-000087_211.npy
4,worm-000087_212.npy
0,worm-000087_213.npy
4,worm-000087_214.npy
4,worm-000087_215.npy
4,worm-000087_216.npy
4,worm-000087_217.npy
4,worm-000087_219.npy
4,worm-000087_220.npy
4,worm-000087_221.npy
4,worm-000087_223.npy
4,worm-000087_224.npy
4,worm-000087_225.npy
4,worm-000087_226.npy
4,worm-000087_228.npy
4,worm-000087_229.npy
4,worm-000087_230.npy
4,worm-000087_232.npy
4,worm-000087_234.npy
4,worm-000087_236.npy
4,worm-000087_238.npy
4,worm-000087_240.npy
4,worm-000087_241.npy
2,worm-000087_242.npy
1,worm-000087_243.npy
1,worm-000087_244.npy
2,worm-000087_245.npy
1,worm-000087_246.npy
1,worm-000087_247.npy
1,worm-000087_249.npy
1,worm-000087_250.npy
1,worm-000087_251.npy
2,worm-000087_252.npy
1,worm-000087_253.npy
2,worm-000087_254.npy
2,worm-000087_255.npy
2,worm-000087_256.npy
1,worm-000087_257.npy
1,worm-000087_259.npy
1,worm-000087_260.npy
1,worm-000087_261.npy
1,worm-000087_262.npy
1,worm-000087_263.npy
2,worm-000087_264.npy
1,worm-000087_265.npy
1,worm-000087_266.npy
1,worm-000087_267.npy
1,worm-000087_268.npy
1,worm-000087_269.npy
1,worm-000087_270.npy
1,worm-000087_271.npy
1,worm-000087_272.npy
1,worm-000087_273.npy
1,worm-000087_274.npy
1,worm-000087_275.npy
1,worm-000087_276.npy
6,worm-000087_277.npy
1,worm-000087_278.npy
2,worm-000087_279.npy
4,worm-000087_280.npy
1,worm-000087_281.npy
2,worm-000087_282.npy
2,worm-000087_283.npy
1,worm-000087_284.npy
1,worm-000087_285.npy
2,worm-000087_286.npy
5,worm-000087_287.npy
2,worm-000087_288.npy
2,worm-000087_289.npy
2,worm-000087_290.npy
1,worm-000087_291.npy
1,worm-000087_292.npy
1,worm-000087_293.npy
6,worm-000087_294.npy
1,worm-000087_296.npy
6,worm-000087_297.npy
6,worm-000087_298.npy
1,worm-000087_299.npy
4,worm-000087_300.npy
2,worm-000087_301.npy
2,worm-000087_302.npy
1,worm-000087_303.npy
6,worm-000087_304.npy
4,worm-000087_305.npy
2,worm-000087_306.npy
2,worm-000087_307.npy
4,worm-000087_308.npy
2,worm-000087_309.npy
2,worm-000087_311.npy
4,worm-000087_312.npy
6,worm-000087_314.npy
4,worm-000087_315.npy
4,worm-000087_316.npy
5,worm-000087_317.npy
4,worm-000087_319.npy
4,worm-000087_320.npy
4,worm-000087_321.npy
3,worm-000087_325.npy
4,worm-000087_327.npy
4,worm-000087_331.npy
4,worm-000087_332.npy
4,worm-000087_333.npy
5,worm-000087_334.npy
4,worm-000087_335.npy
4,worm-000087_336.npy
2,worm-000087_338.npy
1,worm-000087_339.npy
1,worm-000087_340.npy
2,worm-000087_341.npy
1,worm-000087_342.npy
2,worm-000087_343.npy
1,worm-000087_344.npy
1,worm-000087_345.npy
2,worm-000087_346.npy
2,worm-000087_347.npy
6,worm-000087_348.npy
2,worm-000087_349.npy
4,worm-000087_350.npy
4,worm-000087_351.npy
1,worm-000087_353.npy
2,worm-000087_354.npy
4,worm-000087_355.npy
4,worm-000087_356.npy
4,worm-000087_357.npy
4,worm-000087_358.npy
4,worm-000087_359.npy
6,worm-000087_361.npy
4,worm-000087_362.npy
4,worm-000087_363.npy
4,worm-000087_364.npy
4,worm-000087_365.npy
4,worm-000087_368.npy
4,worm-000087_369.npy
4,worm-000087_372.npy
4,worm-000087_373.npy
4,worm-000087_374.npy
5,worm-000087_375.npy
4,worm-000087_376.npy
4,worm-000087_377.npy
4,worm-000087_378.npy
4,worm-000087_380.npy
4,worm-000087_381.npy
4,worm-000087_383.npy
4,worm-000087_385.npy
1,worm-000087_387.npy
0,worm-000087_388.npy
4,worm-000087_392.npy
4,worm-000087_393.npy
4,worm-000087_395.npy
0,worm-000087_398.npy
4,worm-000087_399.npy
4,worm-000087_400.npy
4,worm-000087_401.npy
4,worm-000087_402.npy
4,worm-000087_406.npy
4,worm-000087_408.npy
4,worm-000087_409.npy
4,worm-000087_412.npy
4,worm-000087_413.npy
4,worm-000087_417.npy
2,worm-000087_418.npy
4,worm-000087_419.npy
5,worm-000087_421.npy
4,worm-000087_424.npy
4,worm-000087_425.npy
4,worm-000087_426.npy
4,worm-000087_428.npy
4,worm-000087_430.npy
5,worm-000087_431.npy
4,worm-000087_434.npy
1,worm-000087_437.npy
4,worm-000087_438.npy
2,worm-000087_439.npy
4,worm-000087_440.npy
4,worm-000087_441.npy
4,worm-000087_442.npy
4,worm-000087_443.npy
6,worm-000087_444.npy
4,worm-000087_445.npy
3,worm-000087_446.npy
4,worm-000087_447.npy
4,worm-000087_448.npy
4,worm-000087_449.npy
1,worm-000087_450.npy
1,worm-000087_451.npy
1,worm-000087_452.npy
1,worm-000087_453.npy
1,worm-000087_454.npy
1,worm-000088_000.npy
5,worm-000088_001.npy
1,worm-000088_002.npy
2,worm-000088_003.npy
1,worm-000088_004.npy
1,worm-000088_006.npy
1,worm-000088_008.npy
1,worm-000088_009.npy
1,worm-000088_010.npy
5,worm-000088_011.npy
1,worm-000088_012.npy
1,worm-000088_013.npy
2,worm-000088_014.npy
1,worm-000088_015.npy
2,worm-000088_016.npy
2,worm-000088_017.npy
2,worm-000088_018.npy
3,worm-000088_019.npy
6,worm-000088_020.npy
1,worm-000088_021.npy
1,worm-000088_022.npy
1,worm-000088_023.npy
2,worm-000088_024.npy
6,worm-000088_026.npy
5,worm-000088_027.npy
1,worm-000088_028.npy
2,worm-000088_029.npy
1,worm-000088_030.npy
2,worm-000088_031.npy
1,worm-000088_032.npy
1,worm-000088_033.npy
2,worm-000088_034.npy
2,worm-000088_035.npy
0,worm-000088_036.npy
2,worm-000088_037.npy
2,worm-000088_038.npy
1,worm-000088_039.npy
2,worm-000088_040.npy
4,worm-000088_042.npy
2,worm-000088_043.npy
1,worm-000088_044.npy
1,worm-000088_045.npy
2,worm-000088_046.npy
2,worm-000088_047.npy
2,worm-000088_048.npy
2,worm-000088_049.npy
2,worm-000088_050.npy
5,worm-000088_051.npy
1,worm-000088_052.npy
1,worm-000088_053.npy
1,worm-000088_054.npy
5,worm-000088_055.npy
2,worm-000088_056.npy
1,worm-000088_057.npy
0,worm-000088_060.npy
1,worm-000088_061.npy
1,worm-000088_062.npy
1,worm-000088_063.npy
2,worm-000088_064.npy
1,worm-000088_065.npy
2,worm-000088_066.npy
1,worm-000088_067.npy
3,worm-000088_068.npy
0,worm-000088_069.npy
4,worm-000088_070.npy
2,worm-000088_071.npy
2,worm-000088_072.npy
2,worm-000088_073.npy
4,worm-000088_074.npy
2,worm-000088_075.npy
2,worm-000088_076.npy
4,worm-000088_077.npy
2,worm-000088_078.npy
2,worm-000088_079.npy
1,worm-000088_080.npy
4,worm-000088_081.npy
1,worm-000088_082.npy
5,worm-000088_083.npy
4,worm-000088_084.npy
1,worm-000088_086.npy
4,worm-000088_087.npy
4,worm-000088_088.npy
4,worm-000088_089.npy
3,worm-000088_090.npy
4,worm-000088_092.npy
4,worm-000088_093.npy
4,worm-000088_097.npy
4,worm-000088_098.npy
4,worm-000088_099.npy
5,worm-000088_100.npy
4,worm-000088_102.npy
4,worm-000088_104.npy
5,worm-000088_106.npy
4,worm-000088_108.npy
4,worm-000088_113.npy
3,worm-000088_114.npy
2,worm-000088_115.npy
2,worm-000088_116.npy
2,worm-000088_117.npy
2,worm-000088_118.npy
2,worm-000088_119.npy
1,worm-000088_120.npy
6,worm-000088_121.npy
6,worm-000088_122.npy
1,worm-000088_123.npy
2,worm-000088_124.npy
0,worm-000088_125.npy
2,worm-000088_126.npy
1,worm-000088_127.npy
1,worm-000088_128.npy
0,worm-000088_129.npy
2,worm-000088_130.npy
0,worm-000088_131.npy
4,worm-000088_132.npy
1,worm-000088_133.npy
1,worm-000088_134.npy
3,worm-000088_135.npy
5,worm-000088_136.npy
2,worm-000088_137.npy
4,worm-000088_138.npy
6,worm-000088_139.npy
0,worm-000088_140.npy
2,worm-000088_141.npy
0,worm-000088_142.npy
1,worm-000088_143.npy
5,worm-000088_144.npy
3,worm-000088_145.npy
3,worm-000088_146.npy
2,worm-000088_147.npy
4,worm-000088_148.npy
3,worm-000088_149.npy
4,worm-000088_150.npy
4,worm-000088_151.npy
4,worm-000088_152.npy
4,worm-000088_153.npy
5,worm-000088_154.npy
4,worm-000088_155.npy
3,worm-000088_157.npy
4,worm-000088_159.npy
1,worm-000088_163.npy
1,worm-000088_164.npy
1,worm-000088_165.npy
1,worm-000088_166.npy
1,worm-000088_167.npy
1,worm-000088_168.npy
1,worm-000088_169.npy
1,worm-000088_170.npy
0,worm-000088_171.npy
1,worm-000088_172.npy
0,worm-000088_173.npy
0,worm-000088_174.npy
1,worm-000088_175.npy
0,worm-000088_176.npy
1,worm-000088_177.npy
0,worm-000088_178.npy
0,worm-000088_179.npy
1,worm-000088_180.npy
1,worm-000088_181.npy
1,worm-000088_182.npy
1,worm-000088_183.npy
3,worm-000088_184.npy
4,worm-000088_185.npy
4,worm-000088_186.npy
3,worm-000088_187.npy
3,worm-000088_189.npy
4,worm-000088_190.npy
3,worm-000088_191.npy
4,worm-000088_192.npy
4,worm-000088_194.npy
4,worm-000088_195.npy
4,worm-000088_198.npy
4,worm-000088_200.npy
4,worm-000088_201.npy
4,worm-000088_202.npy
4,worm-000088_204.npy
1,worm-000088_205.npy
1,worm-000088_206.npy
1,worm-000088_207.npy
1,worm-000088_208.npy
2,worm-000088_209.npy
1,worm-000088_210.npy
1,worm-000088_211.npy
1,worm-000088_212.npy
1,worm-000088_213.npy
1,worm-000088_214.npy
1,worm-000088_215.npy
1,worm-000088_216.npy
2,worm-000088_217.npy
1,worm-000088_218.npy
1,worm-000088_219.npy
2,worm-000088_220.npy
1,worm-000088_221.npy
1,worm-000088_222.npy
1,worm-000088_223.npy
2,worm-000088_224.npy
2,worm-000088_225.npy
5,worm-000088_226.npy
4,worm-000088_227.npy
2,worm-000088_228.npy
4,worm-000088_229.npy
1,worm-000088_230.npy
2,worm-000088_231.npy
4,worm-000088_232.npy
2,worm-000088_233.npy
4,worm-000088_234.npy
3,worm-000088_235.npy
0,worm-000088_236.npy
4,worm-000088_237.npy
2,worm-000088_239.npy
2,worm-000088_240.npy
0,worm-000088_242.npy
4,worm-000088_243.npy
2,worm-000088_244.npy
4,worm-000088_245.npy
4,worm-000088_246.npy
4,worm-000088_247.npy
4,worm-000088_248.npy
4,worm-000088_250.npy
4,worm-000088_251.npy
4,worm-000088_253.npy
4,worm-000088_254.npy
4,worm-000088_256.npy
4,worm-000088_258.npy
2,worm-000088_259.npy
4,worm-000088_262.npy
4,worm-000088_263.npy
4,worm-000088_265.npy
4,worm-000088_266.npy
5,worm-000088_267.npy
4,worm-000088_268.npy
4,worm-000088_269.npy
1,worm-000088_270.npy
1,worm-000088_271.npy
2,worm-000088_272.npy
4,worm-000088_273.npy
4,worm-000088_274.npy
5,worm-000088_275.npy
4,worm-000088_281.npy
4,worm-000088_283.npy
4,worm-000088_284.npy
4,worm-000088_285.npy
4,worm-000088_288.npy
4,worm-000088_290.npy
4,worm-000088_291.npy
4,worm-000088_295.npy
5,worm-000088_296.npy
4,worm-000088_297.npy
4,worm-000088_298.npy
5,worm-000088_299.npy
2,worm-000088_301.npy
2,worm-000088_303.npy
5,worm-000088_304.npy
5,worm-000088_307.npy
4,worm-000088_309.npy
4,worm-000088_310.npy
4,worm-000088_311.npy
4,worm-000088_312.npy
4,worm-000088_317.npy
5,worm-000088_319.npy
2,worm-000088_320.npy
2,worm-000088_321.npy
4,worm-000088_322.npy
5,worm-000088_323.npy
4,worm-000088_324.npy
4,worm-000088_325.npy
4,worm-000088_326.npy
2,worm-000088_327.npy
4,worm-000088_328.npy
1,worm-000088_329.npy
4,worm-000088_330.npy
2,worm-000089_000.npy
2,worm-000089_001.npy
2,worm-000089_002.npy
2,worm-000089_003.npy
2,worm-000089_004.npy
2,worm-000089_005.npy
1,worm-000089_006.npy
2,worm-000089_007.npy
6,worm-000089_008.npy
2,worm-000089_009.npy
2,worm-000089_010.npy
1,worm-000089_011.npy
6,worm-000089_012.npy
2,worm-000089_013.npy
2,worm-000089_014.npy
6,worm-000089_015.npy
2,worm-000089_016.npy
2,worm-000089_017.npy
2,worm-000089_018.npy
2,worm-000089_019.npy
4,worm-000089_020.npy
2,worm-000089_021.npy
1,worm-000089_022.npy
2,worm-000089_023.npy
1,worm-000089_024.npy
1,worm-000089_025.npy
2,worm-000089_026.npy
4,worm-000089_027.npy
1,worm-000089_028.npy
2,worm-000089_029.npy
1,worm-000089_030.npy
4,worm-000089_031.npy
4,worm-000089_032.npy
2,worm-000089_033.npy
2,worm-000089_034.npy
4,worm-000089_035.npy
1,worm-000089_036.npy
2,worm-000089_037.npy
2,worm-000089_038.npy
6,worm-000089_039.npy
4,worm-000089_040.npy
4,worm-000089_041.npy
4,worm-000089_043.npy
2,worm-000089_044.npy
2,worm-000089_045.npy
4,worm-000089_046.npy
2,worm-000089_047.npy
4,worm-000089_049.npy
4,worm-000089_050.npy
4,worm-000089_051.npy
2,worm-000089_052.npy
1,worm-000089_053.npy
4,worm-000089_055.npy
2,worm-000089_056.npy
4,worm-000089_057.npy
2,worm-000089_058.npy
4,worm-000089_059.npy
3,worm-000089_060.npy
2,worm-000089_061.npy
4,worm-000089_062.npy
6,worm-000089_063.npy
1,worm-000089_064.npy
6,worm-000089_065.npy
2,worm-000089_066.npy
2,worm-000089_067.npy
6,worm-000089_068.npy
4,worm-000089_069.npy
2,worm-000089_070.npy
4,worm-000089_072.npy
1,worm-000089_073.npy
2,worm-000089_074.npy
1,worm-000089_075.npy
4,worm-000089_076.npy
5,worm-000089_077.npy
6,worm-000089_078.npy
4,worm-000089_079.npy
5,worm-000089_080.npy
4,worm-000089_081.npy
4,worm-000089_083.npy
4,worm-000089_085.npy
2,worm-000089_086.npy
4,worm-000089_087.npy
1,worm-000089_088.npy
4,worm-000089_090.npy
4,worm-000089_091.npy
5,worm-000089_092.npy
4,worm-000089_093.npy
4,worm-000089_096.npy
4,worm-000089_097.npy
4,worm-000089_098.npy
4,worm-000089_099.npy
0,worm-000089_100.npy
4,worm-000089_101.npy
4,worm-000089_102.npy
4,worm-000089_103.npy
4,worm-000089_104.npy
4,worm-000089_105.npy
4,worm-000089_106.npy
4,worm-000089_107.npy
4,worm-000089_108.npy
4,worm-000089_109.npy
4,worm-000089_111.npy
4,worm-000089_112.npy
4,worm-000089_113.npy
4,worm-000089_114.npy
4,worm-000089_116.npy
4,worm-000089_118.npy
4,worm-000089_119.npy
4,worm-000089_121.npy
4,worm-000089_122.npy
4,worm-000089_123.npy
4,worm-000089_124.npy
4,worm-000089_127.npy
2,worm-000089_128.npy
2,worm-000089_129.npy
1,worm-000089_130.npy
2,worm-000089_131.npy
2,worm-000089_132.npy
2,worm-000089_133.npy
2,worm-000089_134.npy
2,worm-000089_135.npy
2,worm-000089_136.npy
2,worm-000089_137.npy
2,worm-000089_138.npy
2,worm-000089_139.npy
4,worm-000089_140.npy
2,worm-000089_141.npy
2,worm-000089_142.npy
2,worm-000089_143.npy
6,worm-000089_144.npy
4,worm-000089_145.npy
4,worm-000089_146.npy
4,worm-000089_147.npy
4,worm-000089_149.npy
2,worm-000089_150.npy
4,worm-000089_151.npy
0,worm-000089_152.npy
4,worm-000089_153.npy
4,worm-000089_154.npy
4,worm-000089_155.npy
4,worm-000089_156.npy
2,worm-000089_157.npy
2,worm-000089_158.npy
2,worm-000089_160.npy
4,worm-000089_161.npy
4,worm-000089_162.npy
4,worm-000089_163.npy
1,worm-000089_164.npy
5,worm-000089_165.npy
4,worm-000089_166.npy
1,worm-000089_167.npy
4,worm-000089_168.npy
4,worm-000089_169.npy
1,worm-000089_170.npy
4,worm-000089_171.npy
5,worm-000089_172.npy
4,worm-000089_173.npy
4,worm-000089_174.npy
4,worm-000089_175.npy
4,worm-000089_177.npy
5,worm-000089_178.npy
4,worm-000089_179.npy
4,worm-000089_181.npy
5,worm-000089_184.npy
5,worm-000089_187.npy
4,worm-000089_189.npy
4,worm-000089_190.npy
4,worm-000089_191.npy
4,worm-000089_192.npy
4,worm-000089_193.npy
2,worm-000089_194.npy
2,worm-000089_195.npy
2,worm-000089_196.npy
2,worm-000089_197.npy
2,worm-000089_198.npy
2,worm-000089_199.npy
2,worm-000089_200.npy
2,worm-000089_201.npy
1,worm-000089_202.npy
2,worm-000089_203.npy
2,worm-000089_204.npy
1,worm-000089_205.npy
1,worm-000089_206.npy
2,worm-000089_207.npy
2,worm-000089_208.npy
2,worm-000089_209.npy
4,worm-000089_210.npy
1,worm-000089_211.npy
2,worm-000089_212.npy
2,worm-000089_213.npy
2,worm-000089_214.npy
2,worm-000089_215.npy
2,worm-000089_216.npy
2,worm-000089_217.npy
1,worm-000089_218.npy
2,worm-000089_219.npy
4,worm-000089_220.npy
5,worm-000089_221.npy
6,worm-000089_222.npy
4,worm-000089_223.npy
0,worm-000089_224.npy
4,worm-000089_225.npy
2,worm-000089_226.npy
4,worm-000089_227.npy
4,worm-000089_228.npy
3,worm-000089_229.npy
4,worm-000089_230.npy
4,worm-000089_232.npy
4,worm-000089_233.npy
4,worm-000089_234.npy
4,worm-000089_236.npy
4,worm-000089_237.npy
4,worm-000089_238.npy
4,worm-000089_239.npy
4,worm-000089_241.npy
4,worm-000089_242.npy
4,worm-000089_244.npy
4,worm-000089_247.npy
1,worm-000089_250.npy
2,worm-000089_251.npy
2,worm-000089_252.npy
1,worm-000089_253.npy
2,worm-000089_254.npy
2,worm-000089_255.npy
2,worm-000089_256.npy
2,worm-000089_257.npy
1,worm-000089_258.npy
1,worm-000089_259.npy
2,worm-000089_260.npy
2,worm-000089_261.npy
2,worm-000089_262.npy
6,worm-000089_263.npy
2,worm-000089_264.npy
2,worm-000089_265.npy
5,worm-000089_266.npy
6,worm-000089_267.npy
2,worm-000089_268.npy
4,worm-000089_269.npy
5,worm-000089_270.npy
4,worm-000089_271.npy
4,worm-000089_272.npy
4,worm-000089_273.npy
4,worm-000089_274.npy
4,worm-000089_275.npy
4,worm-000089_276.npy
3,worm-000089_277.npy
4,worm-000089_278.npy
4,worm-000089_279.npy
4,worm-000089_280.npy
4,worm-000089_281.npy
6,worm-000089_284.npy
6,worm-000089_285.npy
5,worm-000089_287.npy
4,worm-000089_288.npy
2,worm-000089_289.npy
5,worm-000089_290.npy
4,worm-000089_292.npy
4,worm-000089_297.npy
5,worm-000089_299.npy
4,worm-000089_301.npy
4,worm-000089_302.npy
4,worm-000089_304.npy
4,worm-000089_305.npy
4,worm-000089_307.npy
4,worm-000089_308.npy
4,worm-000089_309.npy
4,worm-000089_310.npy
4,worm-000089_311.npy
4,worm-000089_312.npy
2,worm-000089_314.npy
4,worm-000089_316.npy
4,worm-000089_320.npy
4,worm-000089_323.npy
4,worm-000089_325.npy
4,worm-000089_326.npy
4,worm-000089_327.npy
4,worm-000089_329.npy
4,worm-000089_330.npy
4,worm-000089_333.npy
4,worm-000089_336.npy
4,worm-000089_338.npy
4,worm-000089_340.npy
6,worm-000089_343.npy
6,worm-000089_344.npy
6,worm-000089_345.npy
2,worm-000089_346.npy
3,worm-000089_347.npy
2,worm-000089_348.npy
4,worm-000089_349.npy
2,worm-000089_350.npy
4,worm-000089_351.npy
6,worm-000089_352.npy
2,worm-000089_353.npy
5,worm-000090_000.npy
1,worm-000090_001.npy
1,worm-000090_002.npy
1,worm-000090_003.npy
1,worm-000090_004.npy
1,worm-000090_005.npy
1,worm-000090_006.npy
1,worm-000090_007.npy
1,worm-000090_008.npy
1,worm-000090_009.npy
6,worm-000090_010.npy
1,worm-000090_011.npy
1,worm-000090_012.npy
1,worm-000090_013.npy
1,worm-000090_014.npy
2,worm-000090_015.npy
1,worm-000090_016.npy
1,worm-000090_017.npy
1,worm-000090_018.npy
1,worm-000090_019.npy
1,worm-000090_020.npy
1,worm-000090_021.npy
1,worm-000090_022.npy
1,worm-000090_023.npy
1,worm-000090_024.npy
5,worm-000090_025.npy
1,worm-000090_026.npy
2,worm-000090_027.npy
1,worm-000090_028.npy
2,worm-000090_029.npy
1,worm-000090_030.npy
1,worm-000090_031.npy
2,worm-000090_032.npy
2,worm-000090_033.npy
3,worm-000090_034.npy
1,worm-000090_035.npy
1,worm-000090_036.npy
1,worm-000090_037.npy
1,worm-000090_038.npy
4,worm-000090_039.npy
2,worm-000090_040.npy
6,worm-000090_041.npy
1,worm-000090_042.npy
0,worm-000090_043.npy
1,worm-000090_044.npy
1,worm-000090_045.npy
5,worm-000090_046.npy
6,worm-000090_047.npy
6,worm-000090_048.npy
1,worm-000090_049.npy
0,worm-000090_050.npy
1,worm-000090_051.npy
1,worm-000090_052.npy
1,worm-000090_053.npy
1,worm-000090_054.npy
5,worm-000090_055.npy
1,worm-000090_056.npy
0,worm-000090_057.npy
1,worm-000090_058.npy
2,worm-000090_059.npy
1,worm-000090_060.npy
0,worm-000090_061.npy
1,worm-000090_062.npy
1,worm-000090_063.npy
0,worm-000090_064.npy
0,worm-000090_065.npy
1,worm-000090_066.npy
1,worm-000090_067.npy
6,worm-000090_068.npy
0,worm-000090_069.npy
1,worm-000090_070.npy
1,worm-000090_071.npy
0,worm-000090_072.npy
1,worm-000090_073.npy
4,worm-000090_074.npy
0,worm-000090_075.npy
0,worm-000090_076.npy
1,worm-000090_077.npy
5,worm-000090_078.npy
1,worm-000090_079.npy
1,worm-000090_080.npy
1,worm-000090_081.npy
1,worm-000090_082.npy
0,worm-000090_083.npy
1,worm-000090_084.npy
4,worm-000090_085.npy
0,worm-000090_086.npy
4,worm-000090_087.npy
5,worm-000090_088.npy
0,worm-000090_089.npy
0,worm-000090_090.npy
0,worm-000090_091.npy
0,worm-000090_092.npy
4,worm-000090_093.npy
2,worm-000090_094.npy
0,worm-000090_095.npy
0,worm-000090_096.npy
0,worm-000090_097.npy
0,worm-000090_098.npy
4,worm-000090_099.npy
4,worm-000090_100.npy
0,worm-000090_102.npy
1,worm-000090_103.npy
0,worm-000090_104.npy
0,worm-000090_107.npy
1,worm-000090_108.npy
0,worm-000090_109.npy
0,worm-000090_110.npy
5,worm-000090_111.npy
0,worm-000090_112.npy
4,worm-000090_113.npy
1,worm-000090_114.npy
0,worm-000090_115.npy
5,worm-000090_116.npy
0,worm-000090_117.npy
1,worm-000090_118.npy
1,worm-000090_119.npy
0,worm-000090_120.npy
4,worm-000090_121.npy
4,worm-000090_122.npy
4,worm-000090_123.npy
1,worm-000090_125.npy
4,worm-000090_126.npy
0,worm-000090_128.npy
5,worm-000090_129.npy
4,worm-000090_131.npy
5,worm-000090_133.npy
1,worm-000090_134.npy
4,worm-000090_135.npy
1,worm-000090_136.npy
4,worm-000090_137.npy
5,worm-000090_138.npy
4,worm-000090_140.npy
5,worm-000090_141.npy
4,worm-000090_142.npy
4,worm-000090_143.npy
4,worm-000090_144.npy
1,worm-000090_145.npy
1,worm-000090_146.npy
1,worm-000090_147.npy
1,worm-000090_148.npy
1,worm-000090_149.npy
1,worm-000090_150.npy
1,worm-000090_151.npy
1,worm-000090_152.npy
1,worm-000090_153.npy
1,worm-000090_154.npy
1,worm-000090_155.npy
1,worm-000090_156.npy
1,worm-000090_157.npy
1,worm-000090_158.npy
1,worm-000090_159.npy
1,worm-000090_160.npy
1,worm-000090_161.npy
1,worm-000090_162.npy
1,worm-000090_163.npy
5,worm-000090_164.npy
1,worm-000090_165.npy
1,worm-000090_166.npy
1,worm-000090_167.npy
2,worm-000090_168.npy
1,worm-000090_169.npy
1,worm-000090_170.npy
1,worm-000090_171.npy
1,worm-000090_172.npy
1,worm-000090_173.npy
1,worm-000090_174.npy
4,worm-000090_175.npy
2,worm-000090_176.npy
0,worm-000090_177.npy
1,worm-000090_178.npy
1,worm-000090_179.npy
1,worm-000090_180.npy
1,worm-000090_181.npy
0,worm-000090_182.npy
1,worm-000090_183.npy
1,worm-000090_184.npy
1,worm-000090_185.npy
1,worm-000090_186.npy
1,worm-000090_187.npy
1,worm-000090_188.npy
1,worm-000090_189.npy
1,worm-000090_190.npy
0,worm-000090_191.npy
1,worm-000090_192.npy
2,worm-000090_193.npy
1,worm-000090_194.npy
1,worm-000090_195.npy
1,worm-000090_196.npy
0,worm-000090_197.npy
1,worm-000090_198.npy
1,worm-000090_199.npy
1,worm-000090_200.npy
1,worm-000090_202.npy
0,worm-000090_203.npy
5,worm-000090_204.npy
6,worm-000090_205.npy
4,worm-000090_206.npy
0,worm-000090_207.npy
1,worm-000090_209.npy
1,worm-000090_210.npy
1,worm-000090_212.npy
5,worm-000090_213.npy
1,worm-000090_214.npy
0,worm-000090_215.npy
1,worm-000090_216.npy
1,worm-000090_217.npy
3,worm-000090_218.npy
1,worm-000090_219.npy
1,worm-000090_220.npy
1,worm-000090_221.npy
1,worm-000090_222.npy
4,worm-000090_224.npy
3,worm-000090_225.npy
4,worm-000090_228.npy
6,worm-000090_229.npy
0,worm-000090_231.npy
4,worm-000090_232.npy
4,worm-000090_233.npy
4,worm-000090_234.npy
1,worm-000090_235.npy
1,worm-000090_236.npy
1,worm-000090_237.npy
1,worm-000090_238.npy
1,worm-000090_239.npy
1,worm-000090_240.npy
1,worm-000090_241.npy
1,worm-000090_242.npy
1,worm-000090_243.npy
1,worm-000090_245.npy
1,worm-000090_246.npy
1,worm-000090_247.npy
1,worm-000090_248.npy
1,worm-000090_249.npy
0,worm-000090_250.npy
1,worm-000090_251.npy
1,worm-000090_252.npy
0,worm-000090_253.npy
0,worm-000090_254.npy
1,worm-000090_255.npy
1,worm-000090_256.npy
1,worm-000090_257.npy
0,worm-000090_258.npy
1,worm-000090_260.npy
1,worm-000090_261.npy
0,worm-000090_262.npy
1,worm-000090_263.npy
1,worm-000090_264.npy
1,worm-000090_265.npy
0,worm-000090_266.npy
0,worm-000090_267.npy
0,worm-000090_268.npy
0,worm-000090_269.npy
0,worm-000090_270.npy
0,worm-000090_271.npy
0,worm-000090_272.npy
0,worm-000090_273.npy
0,worm-000090_274.npy
0,worm-000090_275.npy
1,worm-000090_276.npy
0,worm-000090_277.npy
0,worm-000090_278.npy
0,worm-000090_279.npy
0,worm-000090_280.npy
0,worm-000090_281.npy
0,worm-000090_282.npy
0,worm-000090_283.npy
1,worm-000090_284.npy
1,worm-000090_285.npy
0,worm-000090_286.npy
0,worm-000090_287.npy
0,worm-000090_288.npy
0,worm-000090_289.npy
5,worm-000090_290.npy
0,worm-000090_291.npy
0,worm-000090_292.npy
5,worm-000090_293.npy
5,worm-000090_295.npy
3,worm-000090_296.npy
0,worm-000090_297.npy
1,worm-000090_298.npy
0,worm-000090_299.npy
0,worm-000090_300.npy
5,worm-000090_301.npy
5,worm-000090_303.npy
0,worm-000090_304.npy
0,worm-000090_305.npy
5,worm-000090_306.npy
0,worm-000090_307.npy
0,worm-000090_308.npy
3,worm-000090_309.npy
4,worm-000090_310.npy
5,worm-000090_311.npy
3,worm-000090_312.npy
4,worm-000090_313.npy
5,worm-000090_314.npy
3,worm-000090_315.npy
5,worm-000090_316.npy
4,worm-000090_317.npy
3,worm-000090_319.npy
4,worm-000090_321.npy
5,worm-000090_323.npy
4,worm-000090_324.npy
0,worm-000090_325.npy
4,worm-000090_326.npy
5,worm-000090_327.npy
3,worm-000090_328.npy
4,worm-000090_329.npy
5,worm-000090_335.npy
1,worm-000090_337.npy
6,worm-000090_338.npy
1,worm-000090_339.npy
1,worm-000090_340.npy
1,worm-000090_341.npy
1,worm-000090_342.npy
1,worm-000090_343.npy
1,worm-000090_344.npy
1,worm-000090_345.npy
1,worm-000090_346.npy
1,worm-000090_347.npy
1,worm-000090_348.npy
1,worm-000090_350.npy
1,worm-000090_351.npy
1,worm-000090_352.npy
1,worm-000090_353.npy
1,worm-000090_354.npy
1,worm-000090_355.npy
1,worm-000090_356.npy
1,worm-000090_357.npy
0,worm-000090_358.npy
0,worm-000090_359.npy
5,worm-000090_360.npy
1,worm-000090_361.npy
1,worm-000090_362.npy
1,worm-000090_363.npy
3,worm-000090_364.npy
5,worm-000090_365.npy
1,worm-000090_366.npy
1,worm-000090_367.npy
1,worm-000090_368.npy
1,worm-000090_369.npy
5,worm-000090_370.npy
1,worm-000090_371.npy
1,worm-000090_372.npy
4,worm-000090_373.npy
5,worm-000090_374.npy
1,worm-000090_375.npy
5,worm-000090_376.npy
0,worm-000090_377.npy
1,worm-000090_378.npy
4,worm-000090_379.npy
0,worm-000090_380.npy
4,worm-000090_381.npy
5,worm-000090_382.npy
5,worm-000090_383.npy
1,worm-000090_384.npy
0,worm-000090_386.npy
5,worm-000090_388.npy
5,worm-000090_390.npy
3,worm-000090_393.npy
4,worm-000090_395.npy
4,worm-000090_398.npy
4,worm-000090_400.npy
5,worm-000090_401.npy
4,worm-000090_404.npy
4,worm-000090_406.npy
4,worm-000090_407.npy
5,worm-000090_408.npy
1,worm-000090_409.npy
2,worm-000090_410.npy
5,worm-000090_411.npy
5,worm-000090_412.npy
5,worm-000090_415.npy
1,worm-000090_416.npy
4,worm-000090_419.npy
4,worm-000090_420.npy
4,worm-000090_423.npy
4,worm-000090_424.npy
4,worm-000090_425.npy
5,worm-000090_427.npy
4,worm-000090_428.npy
1,worm-000090_429.npy
4,worm-000090_430.npy
6,worm-000090_431.npy
3,worm-000090_432.npy
4,worm-000090_433.npy
4,worm-000090_438.npy
3,worm-000090_439.npy
4,worm-000090_440.npy
4,worm-000090_441.npy
4,worm-000090_442.npy
5,worm-000090_443.npy
4,worm-000090_446.npy
5,worm-000090_448.npy
5,worm-000090_450.npy
0,worm-000090_452.npy
1,worm-000090_453.npy
1,worm-000090_454.npy
1,worm-000090_455.npy
0,worm-000090_456.npy
5,worm-000090_457.npy
1,worm-000090_458.npy
5,worm-000090_459.npy
1,worm-000090_460.npy
1,worm-000090_461.npy
0,worm-000090_462.npy
2,worm-000091_000.npy
3,worm-000091_001.npy
2,worm-000091_003.npy
1,worm-000091_004.npy
1,worm-000091_005.npy
2,worm-000091_006.npy
2,worm-000091_007.npy
1,worm-000091_008.npy
1,worm-000091_009.npy
1,worm-000091_010.npy
1,worm-000091_011.npy
1,worm-000091_012.npy
1,worm-000091_013.npy
1,worm-000091_014.npy
2,worm-000091_015.npy
1,worm-000091_016.npy
1,worm-000091_017.npy
1,worm-000091_018.npy
6,worm-000091_019.npy
1,worm-000091_020.npy
1,worm-000091_021.npy
2,worm-000091_023.npy
4,worm-000091_024.npy
2,worm-000091_025.npy
2,worm-000091_026.npy
1,worm-000091_027.npy
2,worm-000091_028.npy
1,worm-000091_029.npy
1,worm-000091_030.npy
2,worm-000091_031.npy
6,worm-000091_032.npy
1,worm-000091_033.npy
2,worm-000091_034.npy
1,worm-000091_035.npy
1,worm-000091_037.npy
1,worm-000091_038.npy
1,worm-000091_039.npy
2,worm-000091_041.npy
2,worm-000091_042.npy
2,worm-000091_043.npy
3,worm-000091_044.npy
1,worm-000091_045.npy
1,worm-000091_046.npy
1,worm-000091_047.npy
1,worm-000091_049.npy
1,worm-000091_050.npy
1,worm-000091_051.npy
1,worm-000091_052.npy
6,worm-000091_053.npy
0,worm-000091_056.npy
1,worm-000091_057.npy
1,worm-000091_058.npy
1,worm-000091_059.npy
3,worm-000091_061.npy
1,worm-000091_062.npy
5,worm-000091_063.npy
1,worm-000091_064.npy
2,worm-000091_065.npy
4,worm-000091_066.npy
4,worm-000091_067.npy
1,worm-000091_068.npy
2,worm-000091_069.npy
1,worm-000091_070.npy
1,worm-000091_071.npy
3,worm-000091_072.npy
3,worm-000091_074.npy
1,worm-000091_075.npy
0,worm-000091_076.npy
1,worm-000091_077.npy
1,worm-000091_078.npy
2,worm-000091_079.npy
4,worm-000091_080.npy
2,worm-000091_081.npy
4,worm-000091_082.npy
1,worm-000091_083.npy
4,worm-000091_084.npy
4,worm-000091_085.npy
4,worm-000091_086.npy
4,worm-000091_087.npy
4,worm-000091_088.npy
1,worm-000091_089.npy
4,worm-000091_090.npy
4,worm-000091_091.npy
5,worm-000091_092.npy
3,worm-000091_093.npy
4,worm-000091_094.npy
4,worm-000091_095.npy
3,worm-000091_096.npy
4,worm-000091_097.npy
4,worm-000091_098.npy
5,worm-000091_099.npy
4,worm-000091_100.npy
4,worm-000091_101.npy
4,worm-000091_102.npy
4,worm-000091_103.npy
4,worm-000091_104.npy
4,worm-000091_105.npy
4,worm-000091_106.npy
4,worm-000091_107.npy
4,worm-000091_108.npy
4,worm-000091_109.npy
4,worm-000091_111.npy
4,worm-000091_112.npy
4,worm-000091_113.npy
4,worm-000091_115.npy
4,worm-000091_117.npy
4,worm-000091_120.npy
2,worm-000091_121.npy
2,worm-000091_122.npy
2,worm-000091_123.npy
2,worm-000091_124.npy
1,worm-000091_125.npy
1,worm-000091_126.npy
2,worm-000091_127.npy
1,worm-000091_128.npy
1,worm-000091_129.npy
1,worm-000091_130.npy
2,worm-000091_131.npy
1,worm-000091_132.npy
1,worm-000091_133.npy
1,worm-000091_134.npy
2,worm-000091_135.npy
1,worm-000091_136.npy
2,worm-000091_137.npy
1,worm-000091_138.npy
2,worm-000091_139.npy
1,worm-000091_140.npy
1,worm-000091_141.npy
1,worm-000091_142.npy
1,worm-000091_143.npy
1,worm-000091_144.npy
2,worm-000091_145.npy
2,worm-000091_146.npy
4,worm-000091_147.npy
0,worm-000091_148.npy
1,worm-000091_149.npy
4,worm-000091_150.npy
4,worm-000091_151.npy
4,worm-000091_152.npy
1,worm-000091_153.npy
4,worm-000091_154.npy
4,worm-000091_155.npy
1,worm-000091_156.npy
4,worm-000091_157.npy
4,worm-000091_158.npy
4,worm-000091_159.npy
4,worm-000091_160.npy
4,worm-000091_162.npy
4,worm-000091_163.npy
4,worm-000091_164.npy
4,worm-000091_165.npy
4,worm-000091_166.npy
4,worm-000091_167.npy
4,worm-000091_168.npy
4,worm-000091_169.npy
4,worm-000091_170.npy
4,worm-000091_171.npy
1,worm-000091_173.npy
1,worm-000091_174.npy
1,worm-000091_175.npy
2,worm-000091_176.npy
2,worm-000091_177.npy
1,worm-000091_178.npy
2,worm-000091_179.npy
2,worm-000091_180.npy
2,worm-000091_181.npy
2,worm-000091_182.npy
1,worm-000091_183.npy
1,worm-000091_184.npy
1,worm-000091_185.npy
1,worm-000091_186.npy
2,worm-000091_187.npy
1,worm-000091_188.npy
1,worm-000091_189.npy
1,worm-000091_190.npy
1,worm-000091_191.npy
1,worm-000091_192.npy
1,worm-000091_193.npy
1,worm-000091_194.npy
1,worm-000091_195.npy
1,worm-000091_196.npy
1,worm-000091_197.npy
1,worm-000091_198.npy
1,worm-000091_200.npy
1,worm-000091_201.npy
1,worm-000091_202.npy
2,worm-000091_203.npy
2,worm-000091_204.npy
2,worm-000091_205.npy
2,worm-000091_207.npy
2,worm-000091_208.npy
4,worm-000091_209.npy
1,worm-000091_210.npy
1,worm-000091_211.npy
2,worm-000091_212.npy
1,worm-000091_213.npy
1,worm-000091_214.npy
1,worm-000091_215.npy
1,worm-000091_216.npy
1,worm-000091_217.npy
2,worm-000091_218.npy
2,worm-000091_219.npy
1,worm-000091_220.npy
2,worm-000091_221.npy
1,worm-000091_222.npy
1,worm-000091_223.npy
1,worm-000091_224.npy
5,worm-000091_225.npy
2,worm-000091_226.npy
1,worm-000091_227.npy
2,worm-000091_228.npy
5,worm-000091_229.npy
1,worm-000091_230.npy
2,worm-000091_231.npy
1,worm-000091_233.npy
6,worm-000091_235.npy
6,worm-000091_236.npy
6,worm-000091_237.npy
2,worm-000091_238.npy
1,worm-000091_239.npy
1,worm-000091_240.npy
1,worm-000091_241.npy
6,worm-000091_242.npy
4,worm-000091_243.npy
0,worm-000091_244.npy
6,worm-000091_247.npy
4,worm-000091_248.npy
4,worm-000091_250.npy
4,worm-000091_251.npy
5,worm-000091_252.npy
4,worm-000091_253.npy
4,worm-000091_254.npy
4,worm-000091_255.npy
4,worm-000091_256.npy
4,worm-000091_257.npy
4,worm-000091_258.npy
4,worm-000091_260.npy
4,worm-000091_261.npy
4,worm-000091_263.npy
2,worm-000091_266.npy
4,worm-000091_267.npy
5,worm-000091_268.npy
4,worm-000091_269.npy
5,worm-000091_270.npy
4,worm-000091_273.npy
2,worm-000091_274.npy
2,worm-000091_275.npy
2,worm-000091_276.npy
1,worm-000091_277.npy
2,worm-000091_278.npy
1,worm-000091_279.npy
1,worm-000091_280.npy
2,worm-000091_281.npy
2,worm-000091_282.npy
1,worm-000091_283.npy
1,worm-000091_284.npy
4,worm-000091_285.npy
1,worm-000091_286.npy
4,worm-000091_287.npy
2,worm-000091_288.npy
1,worm-000091_289.npy
1,worm-000091_290.npy
1,worm-000091_291.npy
1,worm-000091_292.npy
4,worm-000091_293.npy
4,worm-000091_294.npy
4,worm-000091_295.npy
0,worm-000091_296.npy
1,worm-000091_297.npy
4,worm-000091_298.npy
4,worm-000091_299.npy
4,worm-000091_300.npy
4,worm-000091_301.npy
4,worm-000091_302.npy
4,worm-000091_305.npy
4,worm-000091_308.npy
4,worm-000091_309.npy
3,worm-000091_310.npy
4,worm-000091_311.npy
4,worm-000091_313.npy
2,worm-000091_316.npy
2,worm-000091_317.npy
1,worm-000091_318.npy
5,worm-000091_320.npy
5,worm-000091_321.npy
4,worm-000091_323.npy
4,worm-000091_325.npy
1,worm-000091_328.npy
2,worm-000091_329.npy
1,worm-000091_331.npy
4,worm-000091_335.npy
4,worm-000091_338.npy
4,worm-000091_339.npy
4,worm-000091_343.npy
4,worm-000091_344.npy
4,worm-000091_345.npy
4,worm-000091_346.npy
4,worm-000091_349.npy
5,worm-000091_350.npy
5,worm-000091_351.npy
4,worm-000091_352.npy
5,worm-000091_353.npy
5,worm-000091_354.npy
5,worm-000091_355.npy
2,worm-000091_356.npy
1,worm-000091_357.npy
1,worm-000091_358.npy
1,worm-000091_359.npy
4,worm-000091_360.npy
4,worm-000091_361.npy
4,worm-000091_362.npy
4,worm-000091_363.npy
4,worm-000091_364.npy
5,worm-000092_000.npy
1,worm-000092_001.npy
1,worm-000092_002.npy
1,worm-000092_003.npy
1,worm-000092_004.npy
1,worm-000092_005.npy
1,worm-000092_006.npy
5,worm-000092_007.npy
1,worm-000092_008.npy
1,worm-000092_009.npy
1,worm-000092_010.npy
5,worm-000092_011.npy
1,worm-000092_012.npy
1,worm-000092_013.npy
1,worm-000092_014.npy
1,worm-000092_015.npy
6,worm-000092_016.npy
1,worm-000092_017.npy
1,worm-000092_018.npy
0,worm-000092_019.npy
1,worm-000092_020.npy
1,worm-000092_021.npy
1,worm-000092_022.npy
1,worm-000092_023.npy
1,worm-000092_024.npy
1,worm-000092_025.npy
0,worm-000092_026.npy
1,worm-000092_027.npy
1,worm-000092_028.npy
0,worm-000092_029.npy
1,worm-000092_030.npy
2,worm-000092_031.npy
3,worm-000092_032.npy
1,worm-000092_033.npy
3,worm-000092_034.npy
5,worm-000092_035.npy
3,worm-000092_036.npy
1,worm-000092_037.npy
0,worm-000092_038.npy
1,worm-000092_039.npy
1,worm-000092_040.npy
1,worm-000092_041.npy
1,worm-000092_042.npy
0,worm-000092_044.npy
1,worm-000092_045.npy
3,worm-000092_046.npy
4,worm-000092_047.npy
0,worm-000092_048.npy
1,worm-000092_049.npy
2,worm-000092_050.npy
2,worm-000092_051.npy
3,worm-000092_052.npy
2,worm-000092_053.npy
1,worm-000092_054.npy
4,worm-000092_056.npy
5,worm-000092_057.npy
0,worm-000092_058.npy
1,worm-000092_059.npy
3,worm-000092_060.npy
1,worm-000092_061.npy
0,worm-000092_062.npy
0,worm-000092_063.npy
1,worm-000092_064.npy
0,worm-000092_065.npy
4,worm-000092_066.npy
5,worm-000092_067.npy
2,worm-000092_068.npy
4,worm-000092_069.npy
4,worm-000092_070.npy
2,worm-000092_071.npy
2,worm-000092_072.npy
4,worm-000092_073.npy
4,worm-000092_074.npy
4,worm-000092_075.npy
4,worm-000092_076.npy
3,worm-000092_077.npy
2,worm-000092_078.npy
3,worm-000092_079.npy
4,worm-000092_081.npy
4,worm-000092_082.npy
5,worm-000092_084.npy
1,worm-000092_085.npy
3,worm-000092_086.npy
4,worm-000092_087.npy
5,worm-000092_088.npy
4,worm-000092_089.npy
5,worm-000092_090.npy
4,worm-000092_091.npy
3,worm-000092_092.npy
4,worm-000092_093.npy
1,worm-000092_096.npy
1,worm-000092_097.npy
1,worm-000092_098.npy
1,worm-000092_099.npy
2,worm-000092_100.npy
1,worm-000092_101.npy
2,worm-000092_102.npy
1,worm-000092_103.npy
1,worm-000092_104.npy
1,worm-000092_106.npy
2,worm-000092_107.npy
1,worm-000092_108.npy
0,worm-000092_109.npy
2,worm-000092_111.npy
1,worm-000092_112.npy
1,worm-000092_113.npy
2,worm-000092_114.npy
2,worm-000092_115.npy
2,worm-000092_116.npy
2,worm-000092_117.npy
2,worm-000092_118.npy
1,worm-000092_119.npy
2,worm-000092_120.npy
1,worm-000092_121.npy
5,worm-000092_122.npy
0,worm-000092_123.npy
1,worm-000092_124.npy
0,worm-000092_125.npy
1,worm-000092_126.npy
3,worm-000092_127.npy
2,worm-000092_128.npy
5,worm-000092_129.npy
1,worm-000092_130.npy
4,worm-000092_131.npy
4,worm-000092_132.npy
1,worm-000092_133.npy
2,worm-000092_134.npy
4,worm-000092_135.npy
1,worm-000092_136.npy
4,worm-000092_139.npy
4,worm-000092_140.npy
4,worm-000092_141.npy
4,worm-000092_142.npy
4,worm-000092_143.npy
4,worm-000092_144.npy
4,worm-000092_145.npy
4,worm-000092_147.npy
1,worm-000092_148.npy
1,worm-000092_149.npy
1,worm-000092_150.npy
1,worm-000092_151.npy
1,worm-000092_152.npy
1,worm-000092_153.npy
2,worm-000092_154.npy
2,worm-000092_155.npy
2,worm-000092_156.npy
1,worm-000092_157.npy
1,worm-000092_158.npy
1,worm-000092_159.npy
2,worm-000092_161.npy
1,worm-000092_162.npy
2,worm-000092_163.npy
2,worm-000092_164.npy
2,worm-000092_165.npy
1,worm-000092_166.npy
1,worm-000092_167.npy
1,worm-000092_168.npy
1,worm-000092_169.npy
1,worm-000092_170.npy
1,worm-000092_171.npy
2,worm-000092_172.npy
1,worm-000092_173.npy
1,worm-000092_174.npy
2,worm-000092_176.npy
2,worm-000092_177.npy
2,worm-000092_178.npy
0,worm-000092_179.npy
1,worm-000092_180.npy
1,worm-000092_181.npy
5,worm-000092_182.npy
3,worm-000092_183.npy
2,worm-000092_184.npy
2,worm-000092_185.npy
5,worm-000092_186.npy
4,worm-000092_187.npy
0,worm-000092_188.npy
5,worm-000092_189.npy
1,worm-000092_190.npy
3,worm-000092_191.npy
5,worm-000092_193.npy
4,worm-000092_194.npy
1,worm-000092_195.npy
4,worm-000092_196.npy
1,worm-000092_197.npy
4,worm-000092_198.npy
5,worm-000092_199.npy
4,worm-000092_200.npy
3,worm-000092_201.npy
4,worm-000092_202.npy
4,worm-000092_203.npy
4,worm-000092_205.npy
4,worm-000092_207.npy
3,worm-000092_210.npy
4,worm-000092_211.npy
4,worm-000092_214.npy
5,worm-000092_216.npy
1,worm-000092_217.npy
1,worm-000092_218.npy
1,worm-000092_219.npy
2,worm-000092_220.npy
0,worm-000092_221.npy
4,worm-000092_222.npy
4,worm-000092_223.npy
4,worm-000092_225.npy
4,worm-000092_226.npy
0,worm-000092_227.npy
4,worm-000092_228.npy
4,worm-000092_230.npy
3,worm-000092_231.npy
4,worm-000092_233.npy
0,worm-000092_236.npy
4,worm-000092_238.npy
4,worm-000092_240.npy
4,worm-000092_244.npy
4,worm-000092_245.npy
4,worm-000092_246.npy
4,worm-000092_249.npy
4,worm-000092_250.npy
1,worm-000092_253.npy
4,worm-000092_254.npy
4,worm-000092_256.npy
4,worm-000092_257.npy
3,worm-000092_259.npy
4,worm-000092_261.npy
4,worm-000092_262.npy
5,worm-000092_263.npy
5,worm-000092_264.npy
0,worm-000092_265.npy
1,worm-000092_266.npy
0,worm-000092_267.npy
1,worm-000092_268.npy
1,worm-000092_269.npy
2,worm-000093_000.npy
2,worm-000093_001.npy
2,worm-000093_002.npy
2,worm-000093_003.npy
2,worm-000093_004.npy
2,worm-000093_005.npy
2,worm-000093_006.npy
2,worm-000093_007.npy
2,worm-000093_008.npy
2,worm-000093_009.npy
2,worm-000093_010.npy
2,worm-000093_011.npy
2,worm-000093_012.npy
2,worm-000093_014.npy
2,worm-000093_015.npy
2,worm-000093_016.npy
2,worm-000093_017.npy
4,worm-000093_018.npy
2,worm-000093_019.npy
6,worm-000093_020.npy
2,worm-000093_021.npy
2,worm-000093_022.npy
1,worm-000093_023.npy
2,worm-000093_024.npy
1,worm-000093_025.npy
2,worm-000093_026.npy
2,worm-000093_027.npy
4,worm-000093_028.npy
4,worm-000093_029.npy
1,worm-000093_030.npy
2,worm-000093_031.npy
3,worm-000093_032.npy
2,worm-000093_033.npy
2,worm-000093_034.npy
2,worm-000093_035.npy
2,worm-000093_036.npy
4,worm-000093_037.npy
2,worm-000093_038.npy
6,worm-000093_039.npy
4,worm-000093_040.npy
2,worm-000093_041.npy
4,worm-000093_042.npy
4,worm-000093_043.npy
2,worm-000093_044.npy
2,worm-000093_045.npy
4,worm-000093_046.npy
1,worm-000093_047.npy
4,worm-000093_048.npy
4,worm-000093_049.npy
2,worm-000093_050.npy
4,worm-000093_051.npy
3,worm-000093_052.npy
1,worm-000093_053.npy
4,worm-000093_055.npy
1,worm-000093_056.npy
2,worm-000093_057.npy
5,worm-000093_058.npy
2,worm-000093_060.npy
4,worm-000093_061.npy
5,worm-000093_062.npy
1,worm-000093_063.npy
2,worm-000093_064.npy
4,worm-000093_065.npy
4,worm-000093_066.npy
2,worm-000093_067.npy
4,worm-000093_068.npy
4,worm-000093_069.npy
4,worm-000093_070.npy
4,worm-000093_071.npy
4,worm-000093_072.npy
1,worm-000093_074.npy
2,worm-000093_076.npy
4,worm-000093_077.npy
4,worm-000093_078.npy
4,worm-000093_079.npy
1,worm-000093_080.npy
4,worm-000093_082.npy
5,worm-000093_083.npy
4,worm-000093_086.npy
2,worm-000093_088.npy
4,worm-000093_090.npy
5,worm-000093_091.npy
4,worm-000093_092.npy
4,worm-000093_093.npy
4,worm-000093_094.npy
5,worm-000093_095.npy
3,worm-000093_097.npy
5,worm-000093_099.npy
4,worm-000093_100.npy
4,worm-000093_101.npy
4,worm-000093_103.npy
4,worm-000093_105.npy
4,worm-000093_106.npy
4,worm-000093_108.npy
4,worm-000093_109.npy
5,worm-000093_110.npy
4,worm-000093_111.npy
4,worm-000093_112.npy
4,worm-000093_113.npy
2,worm-000093_114.npy
2,worm-000093_115.npy
2,worm-000093_116.npy
2,worm-000093_117.npy
2,worm-000093_118.npy
1,worm-000093_119.npy
2,worm-000093_120.npy
2,worm-000093_121.npy
2,worm-000093_122.npy
1,worm-000093_123.npy
2,worm-000093_124.npy
2,worm-000093_125.npy
1,worm-000093_126.npy
2,worm-000093_127.npy
2,worm-000093_128.npy
2,worm-000093_129.npy
2,worm-000093_130.npy
2,worm-000093_131.npy
2,worm-000093_132.npy
2,worm-000093_134.npy
2,worm-000093_135.npy
2,worm-000093_136.npy
2,worm-000093_137.npy
1,worm-000093_138.npy
1,worm-000093_139.npy
4,worm-000093_140.npy
2,worm-000093_141.npy
2,worm-000093_142.npy
2,worm-000093_143.npy
4,worm-000093_144.npy
1,worm-000093_145.npy
4,worm-000093_146.npy
6,worm-000093_147.npy
2,worm-000093_148.npy
4,worm-000093_149.npy
4,worm-000093_150.npy
2,worm-000093_151.npy
4,worm-000093_153.npy
4,worm-000093_154.npy
4,worm-000093_155.npy
4,worm-000093_157.npy
4,worm-000093_158.npy
4,worm-000093_159.npy
3,worm-000093_160.npy
4,worm-000093_161.npy
4,worm-000093_162.npy
4,worm-000093_163.npy
4,worm-000093_164.npy
4,worm-000093_165.npy
4,worm-000093_168.npy
4,worm-000093_169.npy
4,worm-000093_171.npy
2,worm-000093_172.npy
4,worm-000093_173.npy
5,worm-000093_174.npy
4,worm-000093_175.npy
4,worm-000093_176.npy
4,worm-000093_177.npy
4,worm-000093_178.npy
4,worm-000093_179.npy
4,worm-000093_180.npy
4,worm-000093_181.npy
4,worm-000093_182.npy
5,worm-000093_185.npy
2,worm-000093_187.npy
2,worm-000093_188.npy
1,worm-000093_189.npy
1,worm-000093_190.npy
1,worm-000093_191.npy
2,worm-000093_192.npy
2,worm-000093_193.npy
2,worm-000093_194.npy
1,worm-000093_195.npy
2,worm-000093_196.npy
2,worm-000093_197.npy
4,worm-000093_198.npy
2,worm-000093_199.npy
1,worm-000093_200.npy
6,worm-000093_201.npy
2,worm-000093_202.npy
2,worm-000093_203.npy
1,worm-000093_204.npy
4,worm-000093_206.npy
1,worm-000093_207.npy
1,worm-000093_208.npy
2,worm-000093_209.npy
1,worm-000093_210.npy
1,worm-000093_211.npy
1,worm-000093_212.npy
1,worm-000093_213.npy
1,worm-000093_214.npy
4,worm-000093_215.npy
2,worm-000093_216.npy
0,worm-000093_217.npy
2,worm-000093_218.npy
1,worm-000093_219.npy
1,worm-000093_220.npy
4,worm-000093_221.npy
4,worm-000093_222.npy
4,worm-000093_223.npy
2,worm-000093_224.npy
4,worm-000093_225.npy
4,worm-000093_226.npy
4,worm-000093_227.npy
4,worm-000093_228.npy
2,worm-000093_229.npy
1,worm-000093_230.npy
4,worm-000093_231.npy
4,worm-000093_232.npy
2,worm-000093_233.npy
4,worm-000093_234.npy
0,worm-000093_236.npy
4,worm-000093_237.npy
2,worm-000093_239.npy
4,worm-000093_240.npy
5,worm-000093_241.npy
4,worm-000093_242.npy
4,worm-000093_243.npy
6,worm-000093_244.npy
6,worm-000093_245.npy
4,worm-000093_246.npy
1,worm-000093_247.npy
4,worm-000093_248.npy
4,worm-000093_249.npy
4,worm-000093_250.npy
2,worm-000093_251.npy
4,worm-000093_252.npy
4,worm-000093_253.npy
4,worm-000093_254.npy
4,worm-000093_255.npy
4,worm-000093_256.npy
4,worm-000093_257.npy
4,worm-000093_258.npy
4,worm-000093_259.npy
4,worm-000093_260.npy
4,worm-000093_261.npy
4,worm-000093_262.npy
4,worm-000093_263.npy
5,worm-000093_265.npy
4,worm-000093_266.npy
4,worm-000093_267.npy
4,worm-000093_268.npy
4,worm-000093_269.npy
4,worm-000093_270.npy
4,worm-000093_271.npy
4,worm-000093_272.npy
4,worm-000093_273.npy
4,worm-000093_275.npy
4,worm-000093_276.npy
4,worm-000093_277.npy
2,worm-000093_278.npy
1,worm-000093_279.npy
2,worm-000093_280.npy
2,worm-000093_281.npy
2,worm-000093_282.npy
2,worm-000093_283.npy
2,worm-000093_284.npy
2,worm-000093_285.npy
2,worm-000093_286.npy
2,worm-000093_287.npy
2,worm-000093_288.npy
4,worm-000093_289.npy
4,worm-000093_290.npy
1,worm-000093_291.npy
4,worm-000093_292.npy
4,worm-000093_293.npy
0,worm-000093_294.npy
4,worm-000093_295.npy
4,worm-000093_296.npy
4,worm-000093_297.npy
4,worm-000093_298.npy
4,worm-000093_299.npy
4,worm-000093_300.npy
4,worm-000093_301.npy
4,worm-000093_303.npy
4,worm-000093_304.npy
4,worm-000093_305.npy
4,worm-000093_306.npy
4,worm-000093_309.npy
4,worm-000093_312.npy
2,worm-000093_313.npy
4,worm-000093_314.npy
2,worm-000093_316.npy
4,worm-000093_319.npy
4,worm-000093_320.npy
4,worm-000093_326.npy
4,worm-000093_327.npy
4,worm-000093_328.npy
4,worm-000093_329.npy
4,worm-000093_330.npy
4,worm-000093_333.npy
4,worm-000093_334.npy
4,worm-000093_335.npy
4,worm-000093_339.npy
4,worm-000093_340.npy
4,worm-000093_345.npy
4,worm-000093_346.npy
4,worm-000093_349.npy
5,worm-000093_351.npy
4,worm-000093_352.npy
4,worm-000093_356.npy
4,worm-000093_357.npy
4,worm-000093_360.npy
5,worm-000093_363.npy
4,worm-000093_364.npy
4,worm-000093_365.npy
4,worm-000093_367.npy
5,worm-000093_370.npy
5,worm-000093_371.npy
5,worm-000093_372.npy
6,worm-000093_373.npy
4,worm-000093_374.npy
1,worm-000093_375.npy
4,worm-000093_376.npy
1,worm-000093_377.npy
4,worm-000093_378.npy
4,worm-000093_379.npy
4,worm-000093_380.npy
5,worm-000093_381.npy
2,worm-000093_382.npy
4,worm-000093_383.npy
4,worm-000093_384.npy
1,worm-000094_000.npy
1,worm-000094_001.npy
1,worm-000094_002.npy
1,worm-000094_003.npy
1,worm-000094_004.npy
1,worm-000094_005.npy
1,worm-000094_006.npy
2,worm-000094_007.npy
1,worm-000094_008.npy
1,worm-000094_009.npy
1,worm-000094_010.npy
1,worm-000094_011.npy
1,worm-000094_012.npy
1,worm-000094_013.npy
1,worm-000094_014.npy
1,worm-000094_015.npy
1,worm-000094_016.npy
1,worm-000094_017.npy
1,worm-000094_018.npy
1,worm-000094_019.npy
1,worm-000094_020.npy
1,worm-000094_021.npy
1,worm-000094_022.npy
5,worm-000094_023.npy
1,worm-000094_024.npy
0,worm-000094_025.npy
1,worm-000094_026.npy
1,worm-000094_027.npy
1,worm-000094_028.npy
1,worm-000094_029.npy
1,worm-000094_030.npy
1,worm-000094_031.npy
1,worm-000094_032.npy
5,worm-000094_033.npy
1,worm-000094_034.npy
1,worm-000094_035.npy
1,worm-000094_036.npy
1,worm-000094_037.npy
1,worm-000094_038.npy
1,worm-000094_039.npy
1,worm-000094_040.npy
1,worm-000094_041.npy
1,worm-000094_042.npy
1,worm-000094_043.npy
1,worm-000094_044.npy
1,worm-000094_045.npy
1,worm-000094_046.npy
1,worm-000094_047.npy
1,worm-000094_048.npy
1,worm-000094_049.npy
1,worm-000094_050.npy
1,worm-000094_051.npy
1,worm-000094_052.npy
5,worm-000094_053.npy
1,worm-000094_054.npy
1,worm-000094_055.npy
1,worm-000094_056.npy
1,worm-000094_057.npy
1,worm-000094_058.npy
1,worm-000094_059.npy
1,worm-000094_060.npy
1,worm-000094_061.npy
1,worm-000094_062.npy
1,worm-000094_063.npy
5,worm-000094_064.npy
1,worm-000094_065.npy
1,worm-000094_066.npy
1,worm-000094_067.npy
1,worm-000094_068.npy
1,worm-000094_069.npy
1,worm-000094_070.npy
0,worm-000094_071.npy
0,worm-000094_072.npy
1,worm-000094_073.npy
1,worm-000094_074.npy
0,worm-000094_075.npy
5,worm-000094_076.npy
1,worm-000094_077.npy
1,worm-000094_078.npy
0,worm-000094_079.npy
1,worm-000094_080.npy
0,worm-000094_081.npy
0,worm-000094_082.npy
4,worm-000094_083.npy
0,worm-000094_084.npy
2,worm-000094_085.npy
0,worm-000094_089.npy
1,worm-000094_090.npy
1,worm-000094_091.npy
0,worm-000094_092.npy
4,worm-000094_093.npy
2,worm-000094_094.npy
0,worm-000094_095.npy
1,worm-000094_096.npy
1,worm-000094_097.npy
0,worm-000094_098.npy
1,worm-000094_099.npy
0,worm-000094_102.npy
1,worm-000094_103.npy
2,worm-000094_104.npy
0,worm-000094_106.npy
1,worm-000094_107.npy
1,worm-000094_108.npy
1,worm-000094_109.npy
1,worm-000094_110.npy
1,worm-000094_111.npy
0,worm-000094_112.npy
0,worm-000094_113.npy
0,worm-000094_114.npy
1,worm-000094_115.npy
1,worm-000094_117.npy
0,worm-000094_118.npy
4,worm-000094_119.npy
0,worm-000094_120.npy
1,worm-000094_122.npy
4,worm-000094_123.npy
4,worm-000094_124.npy
0,worm-000094_125.npy
1,worm-000094_126.npy
0,worm-000094_127.npy
0,worm-000094_129.npy
4,worm-000094_130.npy
1,worm-000094_131.npy
0,worm-000094_132.npy
5,worm-000094_133.npy
0,worm-000094_134.npy
1,worm-000094_137.npy
3,worm-000094_138.npy
5,worm-000094_139.npy
1,worm-000094_140.npy
5,worm-000094_141.npy
4,worm-000094_142.npy
4,worm-000094_143.npy
4,worm-000094_144.npy
4,worm-000094_145.npy
4,worm-000094_146.npy
1,worm-000094_147.npy
4,worm-000094_149.npy
4,worm-000094_150.npy
3,worm-000094_151.npy
3,worm-000094_152.npy
4,worm-000094_155.npy
0,worm-000094_156.npy
5,worm-000094_157.npy
4,worm-000094_160.npy
5,worm-000094_161.npy
0,worm-000094_163.npy
3,worm-000094_164.npy
1,worm-000094_165.npy
1,worm-000094_166.npy
1,worm-000094_167.npy
1,worm-000094_168.npy
1,worm-000094_169.npy
2,worm-000094_170.npy
1,worm-000094_172.npy
1,worm-000094_173.npy
1,worm-000094_174.npy
1,worm-000094_175.npy
1,worm-000094_176.npy
1,worm-000094_177.npy
1,worm-000094_178.npy
1,worm-000094_179.npy
1,worm-000094_180.npy
1,worm-000094_181.npy
0,worm-000094_182.npy
1,worm-000094_183.npy
1,worm-000094_184.npy
1,worm-000094_186.npy
1,worm-000094_187.npy
1,worm-000094_188.npy
1,worm-000094_189.npy
1,worm-000094_190.npy
1,worm-000094_191.npy
1,worm-000094_192.npy
1,worm-000094_193.npy
1,worm-000094_194.npy
1,worm-000094_195.npy
1,worm-000094_196.npy
1,worm-000094_197.npy
1,worm-000094_198.npy
0,worm-000094_199.npy
6,worm-000094_200.npy
1,worm-000094_201.npy
0,worm-000094_202.npy
1,worm-000094_203.npy
0,worm-000094_205.npy
1,worm-000094_206.npy
1,worm-000094_207.npy
0,worm-000094_208.npy
1,worm-000094_209.npy
1,worm-000094_210.npy
1,worm-000094_211.npy
1,worm-000094_212.npy
1,worm-000094_213.npy
1,worm-000094_214.npy
1,worm-000094_216.npy
1,worm-000094_217.npy
1,worm-000094_218.npy
1,worm-000094_219.npy
1,worm-000094_220.npy
1,worm-000094_221.npy
1,worm-000094_222.npy
0,worm-000094_223.npy
1,worm-000094_224.npy
6,worm-000094_225.npy
1,worm-000094_226.npy
1,worm-000094_227.npy
1,worm-000094_228.npy
0,worm-000094_229.npy
1,worm-000094_230.npy
1,worm-000094_231.npy
1,worm-000094_232.npy
1,worm-000094_233.npy
1,worm-000094_234.npy
1,worm-000094_235.npy
0,worm-000094_236.npy
5,worm-000094_237.npy
1,worm-000094_238.npy
0,worm-000094_239.npy
1,worm-000094_240.npy
0,worm-000094_241.npy
1,worm-000094_242.npy
1,worm-000094_243.npy
0,worm-000094_244.npy
1,worm-000094_245.npy
0,worm-000094_247.npy
1,worm-000094_248.npy
1,worm-000094_249.npy
1,worm-000094_250.npy
1,worm-000094_251.npy
5,worm-000094_252.npy
1,worm-000094_253.npy
5,worm-000094_255.npy
6,worm-000094_256.npy
5,worm-000094_257.npy
4,worm-000094_258.npy
1,worm-000094_259.npy
1,worm-000094_260.npy
4,worm-000094_261.npy
5,worm-000094_262.npy
4,worm-000094_263.npy
5,worm-000094_264.npy
5,worm-000094_265.npy
5,worm-000094_266.npy
5,worm-000094_267.npy
4,worm-000094_268.npy
4,worm-000094_270.npy
4,worm-000094_272.npy
5,worm-000094_274.npy
4,worm-000094_275.npy
5,worm-000094_276.npy
3,worm-000094_277.npy
5,worm-000094_279.npy
3,worm-000094_282.npy
5,worm-000094_284.npy
1,worm-000094_286.npy
4,worm-000094_287.npy
5,worm-000094_289.npy
4,worm-000094_290.npy
5,worm-000094_292.npy
1,worm-000094_293.npy
1,worm-000094_294.npy
1,worm-000094_295.npy
1,worm-000094_296.npy
1,worm-000094_297.npy
1,worm-000094_298.npy
1,worm-000094_299.npy
6,worm-000094_300.npy
1,worm-000094_301.npy
1,worm-000094_302.npy
1,worm-000094_303.npy
0,worm-000094_304.npy
1,worm-000094_305.npy
1,worm-000094_306.npy
1,worm-000094_307.npy
1,worm-000094_308.npy
0,worm-000094_309.npy
1,worm-000094_310.npy
1,worm-000094_311.npy
1,worm-000094_312.npy
0,worm-000094_313.npy
1,worm-000094_314.npy
0,worm-000094_315.npy
1,worm-000094_316.npy
2,worm-000094_317.npy
1,worm-000094_318.npy
1,worm-000094_319.npy
1,worm-000094_320.npy
1,worm-000094_321.npy
0,worm-000094_322.npy
1,worm-000094_323.npy
1,worm-000094_324.npy
1,worm-000094_325.npy
1,worm-000094_326.npy
1,worm-000094_327.npy
1,worm-000094_328.npy
1,worm-000094_329.npy
1,worm-000094_330.npy
0,worm-000094_331.npy
1,worm-000094_332.npy
1,worm-000094_333.npy
0,worm-000094_334.npy
1,worm-000094_335.npy
0,worm-000094_336.npy
1,worm-000094_337.npy
0,worm-000094_338.npy
0,worm-000094_339.npy
1,worm-000094_340.npy
0,worm-000094_341.npy
1,worm-000094_342.npy
0,worm-000094_343.npy
0,worm-000094_344.npy
0,worm-000094_345.npy
0,worm-000094_346.npy
1,worm-000094_347.npy
1,worm-000094_348.npy
4,worm-000094_349.npy
4,worm-000094_350.npy
1,worm-000094_351.npy
0,worm-000094_352.npy
1,worm-000094_353.npy
4,worm-000094_354.npy
4,worm-000094_355.npy
4,worm-000094_356.npy
1,worm-000094_357.npy
1,worm-000094_358.npy
1,worm-000094_359.npy
1,worm-000094_360.npy
1,worm-000094_362.npy
1,worm-000094_363.npy
1,worm-000094_364.npy
1,worm-000094_365.npy
2,worm-000094_366.npy
1,worm-000094_367.npy
1,worm-000094_368.npy
1,worm-000094_369.npy
1,worm-000094_370.npy
1,worm-000094_372.npy
1,worm-000094_373.npy
6,worm-000094_375.npy
1,worm-000094_376.npy
1,worm-000094_377.npy
1,worm-000094_378.npy
2,worm-000094_379.npy
1,worm-000094_380.npy
1,worm-000094_381.npy
3,worm-000094_382.npy
1,worm-000094_383.npy
1,worm-000094_384.npy
1,worm-000094_385.npy
1,worm-000094_386.npy
1,worm-000094_387.npy
0,worm-000094_388.npy
4,worm-000094_389.npy
0,worm-000094_390.npy
0,worm-000094_391.npy
5,worm-000094_392.npy
4,worm-000094_393.npy
5,worm-000094_394.npy
5,worm-000094_397.npy
5,worm-000094_401.npy
4,worm-000094_402.npy
5,worm-000094_404.npy
4,worm-000094_406.npy
1,worm-000094_407.npy
6,worm-000094_408.npy
1,worm-000094_409.npy
5,worm-000094_410.npy
1,worm-000094_411.npy
5,worm-000094_413.npy
1,worm-000094_414.npy
5,worm-000094_417.npy
5,worm-000094_420.npy
1,worm-000094_421.npy
4,worm-000094_422.npy
5,worm-000094_424.npy
5,worm-000094_426.npy
5,worm-000094_428.npy
5,worm-000094_429.npy
4,worm-000094_430.npy
5,worm-000094_432.npy
4,worm-000094_433.npy
1,worm-000094_435.npy
4,worm-000094_436.npy
4,worm-000094_437.npy
4,worm-000094_438.npy
4,worm-000094_439.npy
3,worm-000094_441.npy
5,worm-000094_442.npy
4,worm-000094_443.npy
4,worm-000094_444.npy
5,worm-000094_445.npy
4,worm-000094_447.npy
4,worm-000094_448.npy
5,worm-000094_449.npy
3,worm-000094_451.npy
4,worm-000094_453.npy
4,worm-000094_455.npy
1,worm-000094_456.npy
1,worm-000094_457.npy
1,worm-000094_458.npy
1,worm-000094_459.npy
1,worm-000094_460.npy
1,worm-000094_461.npy
1,worm-000094_462.npy
1,worm-000094_463.npy
1,worm-000094_464.npy
4,worm-000094_465.npy
5,worm-000094_466.npy
2,worm-000095_000.npy
1,worm-000095_001.npy
1,worm-000095_002.npy
1,worm-000095_003.npy
2,worm-000095_004.npy
1,worm-000095_005.npy
1,worm-000095_006.npy
2,worm-000095_007.npy
1,worm-000095_008.npy
1,worm-000095_009.npy
1,worm-000095_010.npy
1,worm-000095_011.npy
1,worm-000095_012.npy
1,worm-000095_013.npy
1,worm-000095_014.npy
1,worm-000095_015.npy
2,worm-000095_016.npy
2,worm-000095_017.npy
1,worm-000095_018.npy
2,worm-000095_019.npy
1,worm-000095_020.npy
1,worm-000095_021.npy
1,worm-000095_022.npy
1,worm-000095_023.npy
2,worm-000095_024.npy
3,worm-000095_025.npy
1,worm-000095_027.npy
1,worm-000095_028.npy
1,worm-000095_029.npy
1,worm-000095_030.npy
1,worm-000095_031.npy
5,worm-000095_032.npy
5,worm-000095_033.npy
1,worm-000095_034.npy
2,worm-000095_035.npy
1,worm-000095_036.npy
1,worm-000095_037.npy
1,worm-000095_038.npy
1,worm-000095_039.npy
2,worm-000095_040.npy
0,worm-000095_041.npy
1,worm-000095_042.npy
1,worm-000095_043.npy
1,worm-000095_044.npy
1,worm-000095_045.npy
1,worm-000095_046.npy
1,worm-000095_047.npy
1,worm-000095_048.npy
0,worm-000095_049.npy
2,worm-000095_050.npy
1,worm-000095_051.npy
1,worm-000095_052.npy
4,worm-000095_053.npy
4,worm-000095_054.npy
1,worm-000095_055.npy
2,worm-000095_057.npy
4,worm-000095_058.npy
4,worm-000095_059.npy
1,worm-000095_060.npy
0,worm-000095_061.npy
4,worm-000095_062.npy
0,worm-000095_063.npy
1,worm-000095_064.npy
4,worm-000095_065.npy
0,worm-000095_066.npy
0,worm-000095_067.npy
4,worm-000095_068.npy
1,worm-000095_069.npy
6,worm-000095_070.npy
1,worm-000095_071.npy
1,worm-000095_072.npy
0,worm-000095_073.npy
4,worm-000095_074.npy
4,worm-000095_075.npy
4,worm-000095_076.npy
1,worm-000095_077.npy
4,worm-000095_078.npy
4,worm-000095_079.npy
3,worm-000095_080.npy
4,worm-000095_082.npy
4,worm-000095_083.npy
0,worm-000095_085.npy
0,worm-000095_086.npy
4,worm-000095_087.npy
4,worm-000095_088.npy
1,worm-000095_089.npy
4,worm-000095_090.npy
4,worm-000095_091.npy
4,worm-000095_093.npy
4,worm-000095_095.npy
4,worm-000095_096.npy
4,worm-000095_098.npy
4,worm-000095_099.npy
4,worm-000095_100.npy
0,worm-000095_101.npy
4,worm-000095_102.npy
4,worm-000095_103.npy
1,worm-000095_104.npy
2,worm-000095_105.npy
2,worm-000095_106.npy
1,worm-000095_107.npy
1,worm-000095_108.npy
2,worm-000095_109.npy
1,worm-000095_110.npy
1,worm-000095_111.npy
1,worm-000095_112.npy
1,worm-000095_113.npy
1,worm-000095_114.npy
1,worm-000095_115.npy
1,worm-000095_116.npy
1,worm-000095_118.npy
1,worm-000095_119.npy
1,worm-000095_120.npy
1,worm-000095_121.npy
1,worm-000095_122.npy
1,worm-000095_123.npy
1,worm-000095_124.npy
1,worm-000095_125.npy
2,worm-000095_126.npy
1,worm-000095_127.npy
2,worm-000095_128.npy
1,worm-000095_129.npy
1,worm-000095_130.npy
2,worm-000095_131.npy
2,worm-000095_133.npy
1,worm-000095_134.npy
1,worm-000095_135.npy
1,worm-000095_136.npy
5,worm-000095_137.npy
2,worm-000095_138.npy
1,worm-000095_140.npy
2,worm-000095_141.npy
5,worm-000095_142.npy
6,worm-000095_144.npy
1,worm-000095_145.npy
1,worm-000095_146.npy
1,worm-000095_147.npy
2,worm-000095_148.npy
1,worm-000095_149.npy
1,worm-000095_150.npy
1,worm-000095_151.npy
1,worm-000095_152.npy
1,worm-000095_154.npy
1,worm-000095_155.npy
1,worm-000095_156.npy
1,worm-000095_158.npy
2,worm-000095_159.npy
1,worm-000095_160.npy
2,worm-000095_161.npy
1,worm-000095_162.npy
3,worm-000095_163.npy
1,worm-000095_164.npy
3,worm-000095_165.npy
0,worm-000095_166.npy
1,worm-000095_167.npy
2,worm-000095_168.npy
4,worm-000095_170.npy
1,worm-000095_171.npy
4,worm-000095_172.npy
1,worm-000095_173.npy
3,worm-000095_174.npy
1,worm-000095_177.npy
1,worm-000095_178.npy
1,worm-000095_179.npy
5,worm-000095_180.npy
5,worm-000095_181.npy
4,worm-000095_182.npy
2,worm-000095_183.npy
4,worm-000095_184.npy
4,worm-000095_187.npy
0,worm-000095_188.npy
5,worm-000095_189.npy
4,worm-000095_191.npy
4,worm-000095_192.npy
4,worm-000095_194.npy
4,worm-000095_196.npy
4,worm-000095_197.npy
4,worm-000095_198.npy
1,worm-000095_199.npy
1,worm-000095_200.npy
1,worm-000095_201.npy
1,worm-000095_202.npy
1,worm-000095_203.npy
2,worm-000095_204.npy
1,worm-000095_205.npy
1,worm-000095_206.npy
2,worm-000095_207.npy
1,worm-000095_208.npy
5,worm-000095_209.npy
1,worm-000095_210.npy
4,worm-000095_211.npy
1,worm-000095_212.npy
1,worm-000095_213.npy
1,worm-000095_214.npy
6,worm-000095_215.npy
1,worm-000095_216.npy
0,worm-000095_217.npy
2,worm-000095_218.npy
4,worm-000095_220.npy
5,worm-000095_222.npy
1,worm-000095_223.npy
1,worm-000095_224.npy
4,worm-000095_225.npy
3,worm-000095_226.npy
4,worm-000095_227.npy
0,worm-000095_228.npy
4,worm-000095_229.npy
4,worm-000095_230.npy
5,worm-000095_232.npy
4,worm-000095_234.npy
3,worm-000095_237.npy
4,worm-000095_238.npy
4,worm-000095_239.npy
4,worm-000095_240.npy
4,worm-000095_242.npy
4,worm-000095_243.npy
2,worm-000095_244.npy
1,worm-000095_245.npy
2,worm-000095_246.npy
1,worm-000095_247.npy
1,worm-000095_248.npy
1,worm-000095_249.npy
1,worm-000095_250.npy
2,worm-000095_251.npy
1,worm-000095_252.npy
1,worm-000095_253.npy
0,worm-000095_254.npy
1,worm-000095_255.npy
2,worm-000095_256.npy
1,worm-000095_257.npy
5,worm-000095_258.npy
1,worm-000095_259.npy
0,worm-000095_260.npy
1,worm-000095_261.npy
0,worm-000095_262.npy
4,worm-000095_263.npy
1,worm-000095_264.npy
2,worm-000095_265.npy
1,worm-000095_266.npy
2,worm-000095_267.npy
4,worm-000095_270.npy
4,worm-000095_271.npy
4,worm-000095_272.npy
3,worm-000095_273.npy
5,worm-000095_274.npy
4,worm-000095_275.npy
4,worm-000095_276.npy
4,worm-000095_278.npy
4,worm-000095_279.npy
4,worm-000095_280.npy
4,worm-000095_283.npy
5,worm-000095_284.npy
5,worm-000095_285.npy
4,worm-000095_286.npy
4,worm-000095_287.npy
4,worm-000095_288.npy
4,worm-000095_289.npy
4,worm-000095_290.npy
4,worm-000095_292.npy
4,worm-000095_293.npy
4,worm-000095_294.npy
2,worm-000095_295.npy
1,worm-000095_296.npy
2,worm-000095_298.npy
1,worm-000095_299.npy
4,worm-000095_301.npy
5,worm-000095_302.npy
5,worm-000095_304.npy
4,worm-000095_305.npy
4,worm-000095_306.npy
5,worm-000095_308.npy
4,worm-000095_309.npy
5,worm-000095_310.npy
4,worm-000095_311.npy
5,worm-000095_312.npy
1,worm-000095_313.npy
4,worm-000095_315.npy
4,worm-000095_316.npy
4,worm-000095_319.npy
4,worm-000095_320.npy
4,worm-000095_321.npy
4,worm-000095_322.npy
5,worm-000095_323.npy
4,worm-000095_324.npy
5,worm-000095_325.npy
4,worm-000095_326.npy
4,worm-000095_328.npy
4,worm-000095_329.npy
5,worm-000095_333.npy
4,worm-000095_335.npy
4,worm-000095_336.npy
5,worm-000095_339.npy
5,worm-000095_340.npy
4,worm-000095_341.npy
4,worm-000095_342.npy
5,worm-000095_343.npy
4,worm-000095_344.npy
1,worm-000095_345.npy
4,worm-000095_346.npy
1,worm-000095_347.npy
4,worm-000095_348.npy
1,worm-000095_349.npy
1,worm-000095_350.npy
1,worm-000095_351.npy
4,worm-000095_352.npy
4,worm-000095_353.npy
2,worm-000096_001.npy
1,worm-000096_002.npy
1,worm-000096_003.npy
1,worm-000096_004.npy
1,worm-000096_005.npy
1,worm-000096_006.npy
6,worm-000096_007.npy
6,worm-000096_008.npy
1,worm-000096_009.npy
1,worm-000096_010.npy
1,worm-000096_011.npy
1,worm-000096_012.npy
1,worm-000096_013.npy
2,worm-000096_014.npy
1,worm-000096_015.npy
2,worm-000096_016.npy
2,worm-000096_017.npy
1,worm-000096_018.npy
1,worm-000096_019.npy
1,worm-000096_020.npy
2,worm-000096_021.npy
2,worm-000096_022.npy
1,worm-000096_023.npy
1,worm-000096_024.npy
1,worm-000096_025.npy
1,worm-000096_026.npy
1,worm-000096_027.npy
1,worm-000096_028.npy
1,worm-000096_029.npy
1,worm-000096_030.npy
1,worm-000096_031.npy
2,worm-000096_032.npy
1,worm-000096_033.npy
1,worm-000096_034.npy
1,worm-000096_035.npy
5,worm-000096_036.npy
2,worm-000096_038.npy
1,worm-000096_039.npy
0,worm-000096_040.npy
1,worm-000096_041.npy
1,worm-000096_042.npy
1,worm-000096_043.npy
1,worm-000096_044.npy
1,worm-000096_045.npy
1,worm-000096_046.npy
1,worm-000096_047.npy
1,worm-000096_048.npy
2,worm-000096_049.npy
2,worm-000096_050.npy
2,worm-000096_051.npy
1,worm-000096_052.npy
6,worm-000096_053.npy
2,worm-000096_054.npy
5,worm-000096_055.npy
1,worm-000096_056.npy
2,worm-000096_057.npy
1,worm-000096_058.npy
1,worm-000096_059.npy
2,worm-000096_060.npy
1,worm-000096_061.npy
5,worm-000096_062.npy
1,worm-000096_063.npy
0,worm-000096_064.npy
1,worm-000096_065.npy
1,worm-000096_066.npy
0,worm-000096_067.npy
1,worm-000096_068.npy
1,worm-000096_069.npy
1,worm-000096_070.npy
1,worm-000096_071.npy
1,worm-000096_073.npy
5,worm-000096_074.npy
1,worm-000096_076.npy
1,worm-000096_077.npy
2,worm-000096_078.npy
4,worm-000096_079.npy
3,worm-000096_080.npy
1,worm-000096_081.npy
1,worm-000096_082.npy
2,worm-000096_083.npy
5,worm-000096_084.npy
1,worm-000096_085.npy
1,worm-000096_086.npy
4,worm-000096_087.npy
0,worm-000096_088.npy
1,worm-000096_089.npy
0,worm-000096_091.npy
1,worm-000096_092.npy
2,worm-000096_093.npy
1,worm-000096_094.npy
2,worm-000096_096.npy
1,worm-000096_097.npy
1,worm-000096_099.npy
2,worm-000096_101.npy
4,worm-000096_102.npy
1,worm-000096_103.npy
3,worm-000096_104.npy
2,worm-000096_106.npy
5,worm-000096_107.npy
5,worm-000096_108.npy
3,worm-000096_109.npy
4,worm-000096_110.npy
2,worm-000096_111.npy
3,worm-000096_112.npy
1,worm-000096_113.npy
4,worm-000096_114.npy
4,worm-000096_115.npy
0,worm-000096_116.npy
1,worm-000096_117.npy
4,worm-000096_118.npy
2,worm-000096_119.npy
4,worm-000096_120.npy
1,worm-000096_121.npy
4,worm-000096_122.npy
0,worm-000096_123.npy
1,worm-000096_124.npy
4,worm-000096_125.npy
0,worm-000096_127.npy
1,worm-000096_128.npy
4,worm-000096_129.npy
4,worm-000096_130.npy
1,worm-000096_131.npy
4,worm-000096_132.npy
4,worm-000096_133.npy
4,worm-000096_134.npy
4,worm-000096_135.npy
4,worm-000096_136.npy
3,worm-000096_137.npy
3,worm-000096_139.npy
4,worm-000096_140.npy
4,worm-000096_141.npy
4,worm-000096_145.npy
3,worm-000096_146.npy
4,worm-000096_147.npy
4,worm-000096_148.npy
4,worm-000096_149.npy
4,worm-000096_153.npy
4,worm-000096_154.npy
4,worm-000096_155.npy
4,worm-000096_157.npy
1,worm-000096_158.npy
1,worm-000096_159.npy
1,worm-000096_160.npy
1,worm-000096_161.npy
1,worm-000096_162.npy
5,worm-000096_163.npy
1,worm-000096_164.npy
1,worm-000096_165.npy
1,worm-000096_166.npy
4,worm-000096_167.npy
4,worm-000096_168.npy
4,worm-000096_169.npy
4,worm-000096_170.npy
4,worm-000096_171.npy
4,worm-000096_172.npy
4,worm-000096_175.npy
4,worm-000096_177.npy
5,worm-000096_178.npy
1,worm-000096_179.npy
2,worm-000096_180.npy
1,worm-000096_181.npy
1,worm-000096_182.npy
1,worm-000096_183.npy
2,worm-000096_184.npy
1,worm-000096_185.npy
2,worm-000096_186.npy
3,worm-000096_187.npy
1,worm-000096_188.npy
1,worm-000096_189.npy
1,worm-000096_190.npy
2,worm-000096_191.npy
1,worm-000096_192.npy
1,worm-000096_193.npy
1,worm-000096_194.npy
1,worm-000096_195.npy
1,worm-000096_196.npy
2,worm-000096_199.npy
5,worm-000096_200.npy
0,worm-000096_201.npy
1,worm-000096_202.npy
0,worm-000096_203.npy
1,worm-000096_204.npy
4,worm-000096_205.npy
4,worm-000096_206.npy
4,worm-000096_207.npy
3,worm-000096_208.npy
1,worm-000096_209.npy
4,worm-000096_210.npy
1,worm-000096_211.npy
1,worm-000096_212.npy
5,worm-000096_213.npy
3,worm-000096_214.npy
3,worm-000096_215.npy
5,worm-000096_216.npy
4,worm-000096_217.npy
4,worm-000096_218.npy
0,worm-000096_220.npy
4,worm-000096_221.npy
2,worm-000096_222.npy
1,worm-000096_223.npy
2,worm-000096_224.npy
1,worm-000096_225.npy
1,worm-000096_226.npy
1,worm-000096_227.npy
1,worm-000096_228.npy
1,worm-000096_229.npy
0,worm-000096_230.npy
2,worm-000096_231.npy
5,worm-000096_232.npy
2,worm-000096_235.npy
4,worm-000096_236.npy
1,worm-000096_237.npy
4,worm-000096_238.npy
4,worm-000096_239.npy
4,worm-000096_241.npy
5,worm-000096_242.npy
4,worm-000096_243.npy
4,worm-000096_244.npy
1,worm-000096_245.npy
4,worm-000096_246.npy
4,worm-000096_248.npy
4,worm-000096_249.npy
4,worm-000096_250.npy
4,worm-000096_251.npy
5,worm-000096_253.npy
4,worm-000096_262.npy
5,worm-000096_263.npy
4,worm-000096_264.npy
5,worm-000096_266.npy
4,worm-000096_267.npy
5,worm-000096_269.npy
5,worm-000096_270.npy
4,worm-000096_271.npy
4,worm-000096_273.npy
5,worm-000096_276.npy
5,worm-000096_277.npy
4,worm-000096_280.npy
4,worm-000096_281.npy
2,worm-000096_284.npy
5,worm-000096_286.npy
1,worm-000096_288.npy
2,worm-000096_289.npy
1,worm-000096_290.npy
4,worm-000096_291.npy
2,worm-000096_292.npy
5,worm-000096_293.npy
4,worm-000096_294.npy
4,worm-000096_295.npy
4,worm-000096_296.npy
2,worm-000097_000.npy
2,worm-000097_001.npy
2,worm-000097_002.npy
2,worm-000097_003.npy
2,worm-000097_004.npy
2,worm-000097_005.npy
2,worm-000097_006.npy
1,worm-000097_007.npy
2,worm-000097_008.npy
2,worm-000097_009.npy
2,worm-000097_010.npy
2,worm-000097_011.npy
1,worm-000097_012.npy
2,worm-000097_013.npy
2,worm-000097_014.npy
2,worm-000097_015.npy
2,worm-000097_016.npy
2,worm-000097_017.npy
2,worm-000097_018.npy
2,worm-000097_019.npy
2,worm-000097_020.npy
2,worm-000097_021.npy
2,worm-000097_022.npy
1,worm-000097_023.npy
1,worm-000097_024.npy
1,worm-000097_025.npy
1,worm-000097_026.npy
2,worm-000097_027.npy
2,worm-000097_028.npy
1,worm-000097_029.npy
6,worm-000097_030.npy
2,worm-000097_031.npy
2,worm-000097_032.npy
1,worm-000097_033.npy
2,worm-000097_034.npy
2,worm-000097_035.npy
1,worm-000097_036.npy
2,worm-000097_037.npy
2,worm-000097_038.npy
2,worm-000097_039.npy
2,worm-000097_040.npy
2,worm-000097_041.npy
2,worm-000097_042.npy
1,worm-000097_043.npy
2,worm-000097_044.npy
2,worm-000097_045.npy
2,worm-000097_046.npy
2,worm-000097_047.npy
2,worm-000097_048.npy
1,worm-000097_049.npy
2,worm-000097_050.npy
1,worm-000097_051.npy
1,worm-000097_052.npy
2,worm-000097_053.npy
2,worm-000097_054.npy
1,worm-000097_055.npy
2,worm-000097_056.npy
3,worm-000097_057.npy
2,worm-000097_058.npy
1,worm-000097_059.npy
2,worm-000097_060.npy
6,worm-000097_061.npy
2,worm-000097_062.npy
4,worm-000097_063.npy
5,worm-000097_065.npy
1,worm-000097_066.npy
4,worm-000097_067.npy
2,worm-000097_069.npy
1,worm-000097_070.npy
1,worm-000097_071.npy
2,worm-000097_072.npy
2,worm-000097_073.npy
2,worm-000097_074.npy
1,worm-000097_075.npy
2,worm-000097_076.npy
2,worm-000097_077.npy
2,worm-000097_078.npy
2,worm-000097_079.npy
2,worm-000097_080.npy
2,worm-000097_081.npy
0,worm-000097_082.npy
4,worm-000097_083.npy
2,worm-000097_084.npy
2,worm-000097_085.npy
1,worm-000097_087.npy
1,worm-000097_088.npy
3,worm-000097_089.npy
4,worm-000097_090.npy
4,worm-000097_091.npy
2,worm-000097_092.npy
2,worm-000097_093.npy
2,worm-000097_094.npy
4,worm-000097_095.npy
6,worm-000097_096.npy
4,worm-000097_097.npy
2,worm-000097_099.npy
2,worm-000097_100.npy
4,worm-000097_101.npy
2,worm-000097_102.npy
1,worm-000097_104.npy
2,worm-000097_105.npy
4,worm-000097_106.npy
1,worm-000097_107.npy
2,worm-000097_108.npy
0,worm-000097_111.npy
2,worm-000097_112.npy
4,worm-000097_113.npy
4,worm-000097_114.npy
0,worm-000097_115.npy
2,worm-000097_116.npy
2,worm-000097_117.npy
2,worm-000097_118.npy
4,worm-000097_119.npy
4,worm-000097_120.npy
4,worm-000097_121.npy
6,worm-000097_122.npy
5,worm-000097_123.npy
5,worm-000097_125.npy
4,worm-000097_126.npy
4,worm-000097_127.npy
4,worm-000097_129.npy
0,worm-000097_132.npy
4,worm-000097_134.npy
4,worm-000097_136.npy
4,worm-000097_138.npy
4,worm-000097_139.npy
4,worm-000097_142.npy
5,worm-000097_143.npy
0,worm-000097_144.npy
2,worm-000097_145.npy
4,worm-000097_146.npy
4,worm-000097_147.npy
2,worm-000097_148.npy
5,worm-000097_150.npy
4,worm-000097_152.npy
4,worm-000097_154.npy
2,worm-000097_157.npy
4,worm-000097_158.npy
4,worm-000097_159.npy
5,worm-000097_160.npy
4,worm-000097_161.npy
5,worm-000097_162.npy
2,worm-000097_164.npy
2,worm-000097_165.npy
1,worm-000097_166.npy
1,worm-000097_167.npy
1,worm-000097_168.npy
1,worm-000097_169.npy
2,worm-000097_170.npy
1,worm-000097_172.npy
1,worm-000097_173.npy
2,worm-000097_174.npy
2,worm-000097_175.npy
2,worm-000097_176.npy
1,worm-000097_177.npy
2,worm-000097_178.npy
2,worm-000097_179.npy
1,worm-000097_180.npy
2,worm-000097_181.npy
2,worm-000097_182.npy
1,worm-000097_183.npy
2,worm-000097_184.npy
1,worm-000097_185.npy
2,worm-000097_186.npy
5,worm-000097_187.npy
2,worm-000097_189.npy
4,worm-000097_190.npy
1,worm-000097_191.npy
4,worm-000097_192.npy
1,worm-000097_193.npy
4,worm-000097_194.npy
4,worm-000097_195.npy
2,worm-000097_196.npy
4,worm-000097_197.npy
2,worm-000097_198.npy
1,worm-000097_199.npy
2,worm-000097_200.npy
4,worm-000097_201.npy
4,worm-000097_202.npy
4,worm-000097_203.npy
4,worm-000097_204.npy
4,worm-000097_205.npy
4,worm-000097_206.npy
0,worm-000097_208.npy
2,worm-000097_209.npy
1,worm-000097_210.npy
4,worm-000097_211.npy
4,worm-000097_212.npy
2,worm-000097_213.npy
5,worm-000097_214.npy
0,worm-000097_215.npy
5,worm-000097_216.npy
5,worm-000097_217.npy
4,worm-000097_218.npy
2,worm-000097_219.npy
4,worm-000097_220.npy
2,worm-000097_222.npy
1,worm-000097_223.npy
4,worm-000097_224.npy
2,worm-000097_225.npy
4,worm-000097_226.npy
5,worm-000097_227.npy
4,worm-000097_228.npy
5,worm-000097_230.npy
2,worm-000097_232.npy
4,worm-000097_234.npy
4,worm-000097_235.npy
4,worm-000097_236.npy
4,worm-000097_237.npy
2,worm-000097_238.npy
0,worm-000097_239.npy
4,worm-000097_242.npy
4,worm-000097_243.npy
4,worm-000097_244.npy
4,worm-000097_245.npy
5,worm-000097_247.npy
4,worm-000097_253.npy
2,worm-000097_257.npy
1,worm-000097_258.npy
2,worm-000097_259.npy
2,worm-000097_260.npy
2,worm-000097_261.npy
2,worm-000097_262.npy
2,worm-000097_263.npy
2,worm-000097_264.npy
2,worm-000097_265.npy
5,worm-000097_266.npy
2,worm-000097_267.npy
2,worm-000097_268.npy
2,worm-000097_269.npy
2,worm-000097_270.npy
1,worm-000097_271.npy
2,worm-000097_272.npy
2,worm-000097_273.npy
2,worm-000097_274.npy
4,worm-000097_275.npy
2,worm-000097_276.npy
2,worm-000097_277.npy
2,worm-000097_278.npy
4,worm-000097_279.npy
2,worm-000097_280.npy
1,worm-000097_281.npy
2,worm-000097_282.npy
2,worm-000097_283.npy
2,worm-000097_284.npy
2,worm-000097_285.npy
1,worm-000097_286.npy
1,worm-000097_288.npy
2,worm-000097_289.npy
2,worm-000097_290.npy
2,worm-000097_291.npy
4,worm-000097_292.npy
2,worm-000097_293.npy
2,worm-000097_294.npy
2,worm-000097_296.npy
4,worm-000097_297.npy
1,worm-000097_298.npy
2,worm-000097_299.npy
1,worm-000097_300.npy
2,worm-000097_301.npy
4,worm-000097_302.npy
4,worm-000097_303.npy
2,worm-000097_304.npy
4,worm-000097_305.npy
5,worm-000097_306.npy
4,worm-000097_307.npy
5,worm-000097_308.npy
6,worm-000097_309.npy
2,worm-000097_310.npy
4,worm-000097_311.npy
2,worm-000097_312.npy
2,worm-000097_313.npy
2,worm-000097_314.npy
6,worm-000097_315.npy
4,worm-000097_317.npy
2,worm-000097_318.npy
2,worm-000097_319.npy
2,worm-000097_320.npy
2,worm-000097_321.npy
5,worm-000097_322.npy
4,worm-000097_323.npy
2,worm-000097_324.npy
5,worm-000097_325.npy
4,worm-000097_326.npy
4,worm-000097_327.npy
5,worm-000097_328.npy
4,worm-000097_329.npy
2,worm-000097_330.npy
4,worm-000097_331.npy
4,worm-000097_332.npy
4,worm-000097_338.npy
2,worm-000097_340.npy
2,worm-000097_341.npy
2,worm-000097_342.npy
1,worm-000097_343.npy
2,worm-000097_344.npy
2,worm-000097_345.npy
1,worm-000097_346.npy
2,worm-000097_347.npy
2,worm-000097_348.npy
2,worm-000097_349.npy
2,worm-000097_350.npy
4,worm-000097_351.npy
1,worm-000097_352.npy
2,worm-000097_353.npy
2,worm-000097_354.npy
4,worm-000097_355.npy
4,worm-000097_356.npy
4,worm-000097_357.npy
1,worm-000097_358.npy
0,worm-000097_359.npy
4,worm-000097_360.npy
6,worm-000097_361.npy
4,worm-000097_362.npy
4,worm-000097_363.npy
4,worm-000097_364.npy
4,worm-000097_365.npy
0,worm-000097_366.npy
2,worm-000097_367.npy
4,worm-000097_368.npy
5,worm-000097_369.npy
4,worm-000097_370.npy
4,worm-000097_371.npy
2,worm-000097_373.npy
4,worm-000097_375.npy
4,worm-000097_377.npy
4,worm-000097_379.npy
4,worm-000097_380.npy
4,worm-000097_381.npy
4,worm-000097_383.npy
4,worm-000097_385.npy
4,worm-000097_386.npy
4,worm-000097_387.npy
5,worm-000097_390.npy
5,worm-000097_393.npy
5,worm-000097_401.npy
4,worm-000097_402.npy
5,worm-000097_403.npy
5,worm-000097_405.npy
4,worm-000097_408.npy
5,worm-000097_409.npy
4,worm-000097_410.npy
2,worm-000097_412.npy
4,worm-000097_413.npy
4,worm-000097_415.npy
4,worm-000097_418.npy
5,worm-000097_420.npy
4,worm-000097_421.npy
4,worm-000097_422.npy
4,worm-000097_424.npy
4,worm-000097_431.npy
4,worm-000097_432.npy
4,worm-000097_433.npy
4,worm-000097_436.npy
4,worm-000097_437.npy
5,worm-000097_439.npy
4,worm-000097_442.npy
4,worm-000097_444.npy
4,worm-000097_445.npy
4,worm-000097_448.npy
4,worm-000097_450.npy
4,worm-000097_451.npy
4,worm-000097_452.npy
4,worm-000097_453.npy
4,worm-000097_454.npy
4,worm-000097_455.npy
5,worm-000097_456.npy
2,worm-000097_457.npy
2,worm-000097_458.npy
4,worm-000097_459.npy
4,worm-000097_460.npy
4,worm-000097_461.npy
5,worm-000097_462.npy
4,worm-000097_463.npy
2,worm-000097_464.npy
2,worm-000097_465.npy
2,worm-000097_466.npy
1,worm-000098_000.npy
1,worm-000098_001.npy
1,worm-000098_002.npy
1,worm-000098_003.npy
2,worm-000098_004.npy
1,worm-000098_005.npy
1,worm-000098_006.npy
2,worm-000098_007.npy
1,worm-000098_008.npy
1,worm-000098_009.npy
0,worm-000098_010.npy
1,worm-000098_011.npy
1,worm-000098_012.npy
1,worm-000098_013.npy
0,worm-000098_014.npy
1,worm-000098_015.npy
1,worm-000098_016.npy
1,worm-000098_017.npy
1,worm-000098_018.npy
0,worm-000098_019.npy
1,worm-000098_020.npy
1,worm-000098_021.npy
1,worm-000098_022.npy
1,worm-000098_023.npy
5,worm-000098_024.npy
1,worm-000098_025.npy
1,worm-000098_026.npy
1,worm-000098_027.npy
1,worm-000098_028.npy
1,worm-000098_029.npy
5,worm-000098_030.npy
1,worm-000098_031.npy
1,worm-000098_032.npy
4,worm-000098_034.npy
1,worm-000098_035.npy
1,worm-000098_036.npy
4,worm-000098_037.npy
1,worm-000098_038.npy
1,worm-000098_039.npy
0,worm-000098_040.npy
1,worm-000098_041.npy
1,worm-000098_042.npy
0,worm-000098_043.npy
0,worm-000098_045.npy
2,worm-000098_046.npy
1,worm-000098_047.npy
1,worm-000098_048.npy
1,worm-000098_049.npy
1,worm-000098_050.npy
6,worm-000098_051.npy
5,worm-000098_052.npy
1,worm-000098_053.npy
1,worm-000098_054.npy
5,worm-000098_055.npy
4,worm-000098_056.npy
4,worm-000098_057.npy
4,worm-000098_058.npy
1,worm-000098_059.npy
2,worm-000098_060.npy
1,worm-000098_061.npy
4,worm-000098_062.npy
4,worm-000098_063.npy
4,worm-000098_064.npy
0,worm-000098_065.npy
4,worm-000098_066.npy
0,worm-000098_067.npy
5,worm-000098_068.npy
4,worm-000098_069.npy
4,worm-000098_072.npy
1,worm-000098_073.npy
4,worm-000098_074.npy
4,worm-000098_075.npy
1,worm-000098_076.npy
5,worm-000098_077.npy
2,worm-000098_080.npy
1,worm-000098_082.npy
1,worm-000098_083.npy
1,worm-000098_086.npy
4,worm-000098_089.npy
4,worm-000098_090.npy
4,worm-000098_091.npy
4,worm-000098_092.npy
4,worm-000098_093.npy
4,worm-000098_094.npy
0,worm-000098_095.npy
4,worm-000098_096.npy
1,worm-000098_097.npy
1,worm-000098_098.npy
1,worm-000098_099.npy
1,worm-000098_100.npy
1,worm-000098_101.npy
1,worm-000098_102.npy
1,worm-000098_103.npy
1,worm-000098_104.npy
1,worm-000098_105.npy
1,worm-000098_106.npy
1,worm-000098_107.npy
1,worm-000098_108.npy
1,worm-000098_109.npy
1,worm-000098_110.npy
1,worm-000098_111.npy
1,worm-000098_112.npy
1,worm-000098_113.npy
1,worm-000098_114.npy
1,worm-000098_115.npy
1,worm-000098_116.npy
1,worm-000098_117.npy
1,worm-000098_118.npy
1,worm-000098_119.npy
1,worm-000098_120.npy
1,worm-000098_121.npy
1,worm-000098_122.npy
1,worm-000098_123.npy
1,worm-000098_124.npy
1,worm-000098_125.npy
1,worm-000098_126.npy
0,worm-000098_127.npy
1,worm-000098_128.npy
1,worm-000098_129.npy
1,worm-000098_130.npy
1,worm-000098_131.npy
5,worm-000098_132.npy
5,worm-000098_133.npy
2,worm-000098_134.npy
4,worm-000098_135.npy
1,worm-000098_136.npy
1,worm-000098_137.npy
1,worm-000098_138.npy
0,worm-000098_139.npy
1,worm-000098_140.npy
4,worm-000098_141.npy
0,worm-000098_142.npy
4,worm-000098_143.npy
1,worm-000098_144.npy
0,worm-000098_145.npy
5,worm-000098_146.npy
0,worm-000098_147.npy
4,worm-000098_148.npy
1,worm-000098_149.npy
4,worm-000098_150.npy
4,worm-000098_154.npy
4,worm-000098_156.npy
4,worm-000098_157.npy
4,worm-000098_158.npy
1,worm-000098_159.npy
1,worm-000098_160.npy
1,worm-000098_161.npy
1,worm-000098_162.npy
1,worm-000098_163.npy
1,worm-000098_164.npy
1,worm-000098_165.npy
2,worm-000098_166.npy
1,worm-000098_167.npy
1,worm-000098_168.npy
1,worm-000098_169.npy
1,worm-000098_170.npy
1,worm-000098_171.npy
1,worm-000098_172.npy
1,worm-000098_173.npy
1,worm-000098_174.npy
1,worm-000098_175.npy
2,worm-000098_176.npy
1,worm-000098_178.npy
1,worm-000098_179.npy
1,worm-000098_180.npy
1,worm-000098_181.npy
1,worm-000098_183.npy
1,worm-000098_184.npy
0,worm-000098_185.npy
5,worm-000098_186.npy
1,worm-000098_187.npy
1,worm-000098_188.npy
1,worm-000098_189.npy
1,worm-000098_190.npy
1,worm-000098_191.npy
1,worm-000098_192.npy
1,worm-000098_194.npy
5,worm-000098_195.npy
1,worm-000098_196.npy
5,worm-000098_199.npy
1,worm-000098_201.npy
0,worm-000098_202.npy
1,worm-000098_203.npy
1,worm-000098_204.npy
0,worm-000098_206.npy
1,worm-000098_207.npy
1,worm-000098_208.npy
2,worm-000098_209.npy
6,worm-000098_210.npy
0,worm-000098_211.npy
6,worm-000098_212.npy
1,worm-000098_213.npy
1,worm-000098_214.npy
0,worm-000098_215.npy
0,worm-000098_216.npy
1,worm-000098_217.npy
0,worm-000098_218.npy
1,worm-000098_219.npy
0,worm-000098_220.npy
0,worm-000098_221.npy
4,worm-000098_222.npy
4,worm-000098_224.npy
4,worm-000098_225.npy
0,worm-000098_226.npy
3,worm-000098_227.npy
4,worm-000098_228.npy
5,worm-000098_229.npy
4,worm-000098_230.npy
4,worm-000098_232.npy
4,worm-000098_233.npy
3,worm-000098_236.npy
4,worm-000098_237.npy
5,worm-000098_238.npy
5,worm-000098_239.npy
5,worm-000098_240.npy
4,worm-000098_242.npy
4,worm-000098_244.npy
4,worm-000098_245.npy
4,worm-000098_246.npy
1,worm-000098_247.npy
1,worm-000098_248.npy
1,worm-000098_249.npy
1,worm-000098_250.npy
1,worm-000098_251.npy
2,worm-000098_252.npy
1,worm-000098_253.npy
1,worm-000098_254.npy
1,worm-000098_255.npy
1,worm-000098_256.npy
1,worm-000098_257.npy
2,worm-000098_258.npy
1,worm-000098_259.npy
1,worm-000098_260.npy
1,worm-000098_261.npy
1,worm-000098_262.npy
1,worm-000098_263.npy
4,worm-000098_264.npy
0,worm-000098_265.npy
0,worm-000098_266.npy
2,worm-000098_267.npy
2,worm-000098_268.npy
5,worm-000098_269.npy
1,worm-000098_271.npy
1,worm-000098_272.npy
1,worm-000098_273.npy
4,worm-000098_275.npy
2,worm-000098_276.npy
4,worm-000098_277.npy
4,worm-000098_278.npy
4,worm-000098_279.npy
3,worm-000098_280.npy
4,worm-000098_282.npy
4,worm-000098_284.npy
4,worm-000098_285.npy
4,worm-000098_286.npy
4,worm-000098_287.npy
4,worm-000098_288.npy
2,worm-000098_289.npy
1,worm-000098_290.npy
5,worm-000098_292.npy
4,worm-000098_294.npy
5,worm-000098_295.npy
0,worm-000098_297.npy
5,worm-000098_298.npy
4,worm-000098_301.npy
4,worm-000098_305.npy
4,worm-000098_306.npy
4,worm-000098_312.npy
1,worm-000098_313.npy
4,worm-000098_315.npy
5,worm-000098_316.npy
4,worm-000098_317.npy
4,worm-000098_318.npy
4,worm-000098_320.npy
6,worm-000098_321.npy
6,worm-000098_322.npy
1,worm-000098_323.npy
1,worm-000098_324.npy
1,worm-000098_325.npy
1,worm-000098_326.npy
2,worm-000099_000.npy
1,worm-000099_001.npy
1,worm-000099_002.npy
1,worm-000099_003.npy
1,worm-000099_004.npy
1,worm-000099_006.npy
1,worm-000099_007.npy
1,worm-000099_008.npy
1,worm-000099_009.npy
1,worm-000099_010.npy
2,worm-000099_011.npy
1,worm-000099_012.npy
1,worm-000099_013.npy
1,worm-000099_014.npy
2,worm-000099_015.npy
1,worm-000099_016.npy
1,worm-000099_017.npy
1,worm-000099_018.npy
2,worm-000099_019.npy
1,worm-000099_020.npy
1,worm-000099_021.npy
1,worm-000099_022.npy
2,worm-000099_023.npy
1,worm-000099_024.npy
1,worm-000099_025.npy
1,worm-000099_026.npy
1,worm-000099_027.npy
1,worm-000099_028.npy
1,worm-000099_029.npy
2,worm-000099_030.npy
1,worm-000099_031.npy
1,worm-000099_032.npy
1,worm-000099_033.npy
1,worm-000099_034.npy
2,worm-000099_035.npy
1,worm-000099_036.npy
1,worm-000099_037.npy
1,worm-000099_038.npy
1,worm-000099_039.npy
1,worm-000099_040.npy
2,worm-000099_041.npy
1,worm-000099_042.npy
1,worm-000099_043.npy
1,worm-000099_044.npy
2,worm-000099_045.npy
1,worm-000099_046.npy
2,worm-000099_047.npy
1,worm-000099_048.npy
2,worm-000099_049.npy
1,worm-000099_050.npy
2,worm-000099_051.npy
1,worm-000099_052.npy
1,worm-000099_053.npy
2,worm-000099_054.npy
2,worm-000099_055.npy
2,worm-000099_056.npy
1,worm-000099_057.npy
4,worm-000099_058.npy
5,worm-000099_061.npy
0,worm-000099_062.npy
1,worm-000099_063.npy
1,worm-000099_064.npy
1,worm-000099_065.npy
1,worm-000099_066.npy
2,worm-000099_067.npy
1,worm-000099_068.npy
1,worm-000099_069.npy
3,worm-000099_070.npy
1,worm-000099_071.npy
1,worm-000099_072.npy
1,worm-000099_073.npy
1,worm-000099_074.npy
1,worm-000099_075.npy
6,worm-000099_077.npy
1,worm-000099_079.npy
1,worm-000099_080.npy
1,worm-000099_081.npy
1,worm-000099_082.npy
5,worm-000099_083.npy
4,worm-000099_084.npy
1,worm-000099_086.npy
5,worm-000099_087.npy
1,worm-000099_088.npy
1,worm-000099_089.npy
0,worm-000099_091.npy
4,worm-000099_092.npy
1,worm-000099_093.npy
4,worm-000099_094.npy
1,worm-000099_095.npy
1,worm-000099_096.npy
3,worm-000099_098.npy
1,worm-000099_099.npy
5,worm-000099_101.npy
4,worm-000099_102.npy
1,worm-000099_103.npy
5,worm-000099_104.npy
1,worm-000099_105.npy
6,worm-000099_106.npy
1,worm-000099_107.npy
2,worm-000099_109.npy
4,worm-000099_110.npy
5,worm-000099_111.npy
4,worm-000099_112.npy
4,worm-000099_113.npy
1,worm-000099_114.npy
0,worm-000099_115.npy
1,worm-000099_116.npy
4,worm-000099_117.npy
5,worm-000099_118.npy
0,worm-000099_119.npy
1,worm-000099_120.npy
4,worm-000099_122.npy
4,worm-000099_123.npy
5,worm-000099_124.npy
5,worm-000099_125.npy
1,worm-000099_126.npy
5,worm-000099_127.npy
4,worm-000099_128.npy
4,worm-000099_130.npy
4,worm-000099_131.npy
2,worm-000099_132.npy
4,worm-000099_133.npy
5,worm-000099_134.npy
4,worm-000099_137.npy
5,worm-000099_138.npy
4,worm-000099_139.npy
4,worm-000099_140.npy
4,worm-000099_141.npy
1,worm-000099_142.npy
1,worm-000099_143.npy
1,worm-000099_144.npy
1,worm-000099_145.npy
2,worm-000099_146.npy
2,worm-000099_147.npy
2,worm-000099_148.npy
1,worm-000099_149.npy
5,worm-000099_150.npy
1,worm-000099_151.npy
1,worm-000099_152.npy
5,worm-000099_153.npy
1,worm-000099_154.npy
2,worm-000099_155.npy
1,worm-000099_156.npy
2,worm-000099_157.npy
1,worm-000099_158.npy
1,worm-000099_159.npy
2,worm-000099_160.npy
4,worm-000099_161.npy
1,worm-000099_162.npy
1,worm-000099_163.npy
3,worm-000099_164.npy
1,worm-000099_165.npy
1,worm-000099_166.npy
1,worm-000099_167.npy
2,worm-000099_168.npy
4,worm-000099_169.npy
3,worm-000099_170.npy
1,worm-000099_171.npy
2,worm-000099_172.npy
0,worm-000099_175.npy
1,worm-000099_176.npy
4,worm-000099_178.npy
1,worm-000099_179.npy
1,worm-000099_180.npy
2,worm-000099_181.npy
2,worm-000099_182.npy
4,worm-000099_184.npy
0,worm-000099_185.npy
6,worm-000099_187.npy
5,worm-000099_190.npy
1,worm-000099_191.npy
5,worm-000099_192.npy
1,worm-000099_197.npy
4,worm-000099_198.npy
4,worm-000099_199.npy
4,worm-000099_200.npy
4,worm-000099_201.npy
4,worm-000099_202.npy
4,worm-000099_203.npy
4,worm-000099_204.npy
4,worm-000099_205.npy
4,worm-000099_207.npy
4,worm-000099_208.npy
4,worm-000099_210.npy
4,worm-000099_212.npy
5,worm-000099_213.npy
4,worm-000099_214.npy
4,worm-000099_215.npy
4,worm-000099_217.npy
4,worm-000099_218.npy
4,worm-000099_220.npy
4,worm-000099_221.npy
5,worm-000099_222.npy
4,worm-000099_223.npy
4,worm-000099_224.npy
4,worm-000099_225.npy
4,worm-000099_226.npy
2,worm-000099_227.npy
2,worm-000099_228.npy
1,worm-000099_229.npy
2,worm-000099_230.npy
2,worm-000099_231.npy
2,worm-000099_232.npy
1,worm-000099_233.npy
1,worm-000099_234.npy
1,worm-000099_235.npy
1,worm-000099_236.npy
2,worm-000099_237.npy
1,worm-000099_238.npy
1,worm-000099_239.npy
1,worm-000099_240.npy
1,worm-000099_241.npy
1,worm-000099_242.npy
2,worm-000099_243.npy
2,worm-000099_244.npy
1,worm-000099_245.npy
2,worm-000099_246.npy
1,worm-000099_247.npy
4,worm-000099_248.npy
1,worm-000099_249.npy
2,worm-000099_250.npy
4,worm-000099_251.npy
2,worm-000099_252.npy
2,worm-000099_253.npy
1,worm-000099_254.npy
1,worm-000099_255.npy
4,worm-000099_256.npy
1,worm-000099_257.npy
1,worm-000099_258.npy
1,worm-000099_259.npy
1,worm-000099_260.npy
1,worm-000099_261.npy
0,worm-000099_262.npy
1,worm-000099_264.npy
1,worm-000099_265.npy
1,worm-000099_266.npy
4,worm-000099_267.npy
4,worm-000099_268.npy
4,worm-000099_269.npy
4,worm-000099_270.npy
4,worm-000099_271.npy
4,worm-000099_272.npy
4,worm-000099_273.npy
4,worm-000099_274.npy
4,worm-000099_275.npy
4,worm-000099_276.npy
0,worm-000099_277.npy
5,worm-000099_278.npy
4,worm-000099_279.npy
4,worm-000099_280.npy
4,worm-000099_281.npy
4,worm-000099_282.npy
4,worm-000099_284.npy
4,worm-000099_285.npy
4,worm-000099_286.npy
1,worm-000099_290.npy
1,worm-000099_291.npy
1,worm-000099_292.npy
1,worm-000099_293.npy
1,worm-000099_294.npy
1,worm-000099_295.npy
1,worm-000099_296.npy
4,worm-000099_297.npy
4,worm-000099_298.npy
3,worm-000099_299.npy
4,worm-000099_302.npy
4,worm-000099_303.npy
4,worm-000099_304.npy
4,worm-000099_305.npy
4,worm-000099_306.npy
4,worm-000099_307.npy
4,worm-000099_308.npy
4,worm-000099_309.npy
1,worm-000099_313.npy
5,worm-000099_317.npy
4,worm-000099_318.npy
4,worm-000099_323.npy
1,worm-000099_324.npy
4,worm-000099_326.npy
5,worm-000099_329.npy
5,worm-000099_333.npy
4,worm-000099_334.npy
4,worm-000099_335.npy
4,worm-000099_337.npy
4,worm-000099_338.npy
4,worm-000099_340.npy
4,worm-000099_341.npy
4,worm-000099_342.npy
4,worm-000099_343.npy
4,worm-000099_347.npy
4,worm-000099_348.npy
4,worm-000099_349.npy
1,worm-000099_350.npy
5,worm-000099_351.npy
4,worm-000099_352.npy
1,worm-000099_353.npy
1,worm-000099_354.npy
1,worm-000099_355.npy
1,worm-000099_356.npy
1,worm-000099_357.npy
1,worm-000100_000.npy
2,worm-000100_001.npy
1,worm-000100_003.npy
1,worm-000100_004.npy
1,worm-000100_005.npy
1,worm-000100_006.npy
2,worm-000100_007.npy
2,worm-000100_008.npy
1,worm-000100_009.npy
2,worm-000100_010.npy
1,worm-000100_011.npy
1,worm-000100_012.npy
2,worm-000100_013.npy
1,worm-000100_014.npy
2,worm-000100_015.npy
1,worm-000100_016.npy
2,worm-000100_017.npy
1,worm-000100_018.npy
6,worm-000100_019.npy
1,worm-000100_020.npy
1,worm-000100_021.npy
1,worm-000100_022.npy
1,worm-000100_023.npy
1,worm-000100_024.npy
1,worm-000100_025.npy
1,worm-000100_026.npy
1,worm-000100_027.npy
1,worm-000100_028.npy
1,worm-000100_029.npy
1,worm-000100_030.npy
1,worm-000100_031.npy
5,worm-000100_032.npy
1,worm-000100_033.npy
1,worm-000100_034.npy
0,worm-000100_035.npy
0,worm-000100_036.npy
1,worm-000100_037.npy
1,worm-000100_038.npy
1,worm-000100_039.npy
1,worm-000100_040.npy
0,worm-000100_041.npy
0,worm-000100_042.npy
1,worm-000100_043.npy
0,worm-000100_045.npy
2,worm-000100_046.npy
2,worm-000100_047.npy
3,worm-000100_048.npy
1,worm-000100_049.npy
1,worm-000100_050.npy
1,worm-000100_051.npy
1,worm-000100_052.npy
0,worm-000100_053.npy
1,worm-000100_054.npy
0,worm-000100_055.npy
3,worm-000100_056.npy
4,worm-000100_057.npy
1,worm-000100_058.npy
4,worm-000100_059.npy
1,worm-000100_060.npy
2,worm-000100_062.npy
5,worm-000100_063.npy
4,worm-000100_064.npy
3,worm-000100_065.npy
2,worm-000100_066.npy
2,worm-000100_067.npy
1,worm-000100_068.npy
0,worm-000100_069.npy
4,worm-000100_070.npy
5,worm-000100_071.npy
5,worm-000100_072.npy
0,worm-000100_073.npy
1,worm-000100_074.npy
0,worm-000100_075.npy
1,worm-000100_076.npy
0,worm-000100_077.npy
1,worm-000100_078.npy
1,worm-000100_079.npy
0,worm-000100_080.npy
5,worm-000100_081.npy
2,worm-000100_083.npy
4,worm-000100_084.npy
2,worm-000100_085.npy
2,worm-000100_086.npy
5,worm-000100_087.npy
4,worm-000100_088.npy
4,worm-000100_089.npy
5,worm-000100_090.npy
0,worm-000100_091.npy
4,worm-000100_092.npy
5,worm-000100_093.npy
5,worm-000100_094.npy
4,worm-000100_096.npy
4,worm-000100_097.npy
4,worm-000100_100.npy
5,worm-000100_101.npy
5,worm-000100_102.npy
2,worm-000100_103.npy
4,worm-000100_104.npy
5,worm-000100_107.npy
4,worm-000100_108.npy
4,worm-000100_109.npy
4,worm-000100_110.npy
4,worm-000100_111.npy
1,worm-000100_113.npy
1,worm-000100_115.npy
1,worm-000100_116.npy
1,worm-000100_117.npy
1,worm-000100_118.npy
1,worm-000100_119.npy
1,worm-000100_120.npy
1,worm-000100_121.npy
1,worm-000100_122.npy
1,worm-000100_123.npy
1,worm-000100_124.npy
1,worm-000100_125.npy
1,worm-000100_126.npy
6,worm-000100_127.npy
1,worm-000100_128.npy
1,worm-000100_129.npy
2,worm-000100_130.npy
2,worm-000100_131.npy
5,worm-000100_132.npy
6,worm-000100_133.npy
0,worm-000100_134.npy
0,worm-000100_135.npy
1,worm-000100_136.npy
1,worm-000100_137.npy
1,worm-000100_139.npy
0,worm-000100_141.npy
1,worm-000100_142.npy
1,worm-000100_143.npy
1,worm-000100_144.npy
1,worm-000100_146.npy
2,worm-000100_148.npy
2,worm-000100_149.npy
1,worm-000100_150.npy
1,worm-000100_151.npy
1,worm-000100_152.npy
1,worm-000100_153.npy
1,worm-000100_154.npy
2,worm-000100_155.npy
0,worm-000100_156.npy
1,worm-000100_157.npy
1,worm-000100_158.npy
4,worm-000100_159.npy
0,worm-000100_161.npy
1,worm-000100_162.npy
0,worm-000100_163.npy
1,worm-000100_164.npy
1,worm-000100_165.npy
3,worm-000100_166.npy
5,worm-000100_168.npy
4,worm-000100_169.npy
1,worm-000100_172.npy
3,worm-000100_173.npy
4,worm-000100_175.npy
5,worm-000100_176.npy
5,worm-000100_177.npy
3,worm-000100_178.npy
3,worm-000100_179.npy
0,worm-000100_180.npy
3,worm-000100_181.npy
5,worm-000100_183.npy
5,worm-000100_184.npy
4,worm-000100_185.npy
4,worm-000100_186.npy
4,worm-000100_189.npy
5,worm-000100_190.npy
5,worm-000100_192.npy
3,worm-000100_193.npy
4,worm-000100_194.npy
4,worm-000100_195.npy
4,worm-000100_196.npy
4,worm-000100_197.npy
4,worm-000100_200.npy
4,worm-000100_201.npy
1,worm-000100_202.npy
1,worm-000100_203.npy
1,worm-000100_204.npy
1,worm-000100_205.npy
1,worm-000100_206.npy
1,worm-000100_207.npy
1,worm-000100_210.npy
1,worm-000100_211.npy
5,worm-000100_212.npy
2,worm-000100_214.npy
4,worm-000100_215.npy
0,worm-000100_216.npy
1,worm-000100_217.npy
3,worm-000100_218.npy
4,worm-000100_219.npy
3,worm-000100_220.npy
1,worm-000100_221.npy
4,worm-000100_222.npy
1,worm-000100_223.npy
4,worm-000100_225.npy
3,worm-000100_226.npy
4,worm-000100_227.npy
4,worm-000100_228.npy
5,worm-000100_230.npy
4,worm-000100_231.npy
4,worm-000100_232.npy
5,worm-000100_234.npy
4,worm-000100_235.npy
2,worm-000100_236.npy
1,worm-000100_237.npy
1,worm-000100_238.npy
4,worm-000100_239.npy
5,worm-000100_241.npy
4,worm-000100_242.npy
4,worm-000100_244.npy
4,worm-000100_245.npy
4,worm-000100_246.npy
5,worm-000100_250.npy
4,worm-000100_251.npy
4,worm-000100_252.npy
4,worm-000100_261.npy
4,worm-000100_262.npy
4,worm-000100_263.npy
4,worm-000100_265.npy
4,worm-000100_266.npy
4,worm-000100_267.npy
4,worm-000100_270.npy
4,worm-000100_272.npy
4,worm-000100_275.npy
4,worm-000100_276.npy
3,worm-000100_277.npy
4,worm-000100_278.npy
5,worm-000100_280.npy
4,worm-000100_282.npy
3,worm-000100_283.npy
4,worm-000100_285.npy
5,worm-000100_286.npy
5,worm-000100_288.npy
0,worm-000100_289.npy
1,worm-000100_290.npy
0,worm-000100_291.npy
1,worm-000100_292.npy
5,worm-000100_293.npy
4,worm-000100_294.npy
1,worm-000100_295.npy
1,worm-000100_296.npy
4,worm-000100_297.npy
